date,open,high,low,close,volume,log_close,return
2015-01-05,7118.583297955547,7118.583297955547,7088.92236328125,7088.92236328125,1270255,8.86628861407848,NA
2015-01-06,7044.43432985543,7133.41650390625,7044.43432985543,7133.41650390625,1690501,8.872545571699973,0.006256957621493697
2015-01-07,7133.414837109039,7177.90625,7133.414837109039,7177.90625,1883257,8.878763010881107,0.006217439181133599
2015-01-08,7163.073634982104,7163.073634982104,7103.752441406251,7103.75244140625,1055489,8.868378436289786,-0.010384574591320472
2015-01-09,7103.754473052263,7163.07568359375,7103.754473052263,7163.07568359375,1486926,8.876694732465898,0.008316296176111848
2015-01-12,7163.074998208926,7207.56640625,7163.074998208926,7207.56640625,3153234,8.882886642963003,0.006191910497104658
2015-01-13,7177.907990383972,7222.3994140625,7177.907990383972,7222.3994140625,1124029,8.884942505495403,0.0020558625323996438
2015-01-14,7222.396875597024,7222.396875597024,7207.56640625,7207.56640625,1955511,8.882886642963003,-0.0020558625323996438
2015-01-15,7237.22988862201,7237.22988862201,7222.3994140625,7222.3994140625,1309076,8.884942505495403,0.0020558625323996438
2015-01-16,7237.2297037922735,7237.2297037922735,7192.73828125,7192.73828125,809564,8.88082722400451,-0.004115281490893352
2015-01-19,7192.735655688368,7192.735655688368,7118.583984375,7118.583984375,1704292,8.870464106028033,-0.010363117976476488
2015-01-20,7118.583984375,7118.583984375,7118.583984375,7118.583984375,1597443,8.870464106028033,0
2015-01-21,7148.245308072693,7177.90625,7148.245308072693,7177.90625,2819870,8.878763010881107,0.008298904853074163
2015-01-22,7207.566999457997,7207.566999457997,7148.245117187499,7148.2451171875,1389364,8.874622167407585,-0.004140843473521727
2015-01-23,7177.90625,7177.90625,7177.90625,7177.90625,1793728,8.878763010881107,0.004140843473521727
2015-01-26,7177.90625,7177.90625,7177.90625,7177.90625,1783930,8.878763010881107,0
2015-01-27,7163.074718153974,7163.074718153974,7118.583984375,7118.583984375,1969627,8.870464106028033,-0.008298904853074163
2015-01-28,7103.752441406251,7103.752441406251,7103.752441406251,7103.75244140625,1210446,8.868378436289786,-0.0020856697382463096
2015-01-29,7103.752441406251,7103.752441406251,7103.752441406251,7103.75244140625,1042301,8.868378436289786,0
2015-01-30,7118.584477882973,7118.584477882973,7044.43212890625,7044.43212890625,2727973,8.85999281482505,-0.008385621464736204
2015-02-02,7059.263482366087,7088.924425669675,7014.772067410707,7029.6025390625,101885,8.85788544537744,-0.0021073694476108074
2015-02-03,7029.601971009506,7044.432441462868,6970.28076171875,6970.28076171875,96201,8.849410784395051,-0.008474660982388471
2015-02-04,7029.60187403367,7029.60187403367,6925.789254814958,6955.4501953125,142576,8.847280831998466,-0.0021299523965847555
2015-02-05,6970.28095281136,7044.432634588372,6955.450481951415,6999.94189453125,84973,8.853657127221748,0.006376295223281758
2015-02-06,7044.432425213306,7044.432425213306,6999.94168647854,7014.771484375,53113,8.855773416720872,0.0021162894991242354
2015-02-09,7074.093576308262,7074.093576308262,6999.94189453125,6999.94189453125,67582,8.853657127221748,-0.0021162894991242354
2015-02-10,6999.941309464139,7014.7711065618705,6970.2803702233605,6985.11083984375,66547,8.851536139831984,-0.002120987389764295
2015-02-11,7014.77118931556,7044.43212890625,6999.94139204288,7044.43212890625,64731,8.85999281482505,0.00845667499306657
2015-02-12,7103.752830618399,7148.243560107291,7088.92236328125,7088.92236328125,202052,8.86628861407848,0.006295799253429379
2015-02-13,7118.583984375,7148.244249386777,7088.923046840605,7118.583984375,92328,8.870464106028033,0.004175491949553134
2015-02-25,7237.2297037922735,7266.889979630926,7177.907807069242,7192.73828125,241884,8.88082722400451,0.010363117976476488
2015-02-26,7177.905068419708,7266.88720703125,7177.905068419708,7266.88720703125,128488,8.891083309239988,0.010256085235479162
2015-02-27,7281.719749623122,7311.380695116235,7222.3985311596925,7237.22900390625,146245,8.886993677851216,-0.00408963138877283
2015-03-02,7266.889979630926,7266.889979630926,7177.907807069242,7192.73828125,218838,8.88082722400451,-0.006166453846706332
2015-03-03,7237.226357542653,7252.05615234375,7207.565422895355,7252.05615234375,99623,8.889040314859622,0.008213090855113236
2015-03-04,7296.548808078206,7489.343571368402,7296.548808078206,7415.19189453125,461341,8.911286133472673,0.02224581861305097
2015-03-05,7489.343571368402,7563.495920728223,7415.19189453125,7415.19189453125,182744,8.911286133472673,0
2015-03-06,7415.19189453125,7489.343571368402,7400.361424659286,7415.19189453125,155625,8.911286133472673,0
2015-03-09,7400.360949762962,7415.191418683225,7296.54833984375,7296.54833984375,192569,8.895156685158664,-0.01612944831400931
2015-03-10,7341.040415572992,7370.70068359375,7311.379475029549,7370.70068359375,152491,8.905268053065068,0.010111367906404212
2015-03-11,7370.700795816098,7370.700795816098,7326.210056846227,7341.04052734375,136127,8.901235872779884,-0.0040321802851845945
2015-03-12,7341.039746604537,7341.039746604537,7281.717870923488,7296.54833984375,170949,8.895156685158664,-0.006079187621219617
2015-03-13,7341.039746604537,7370.700011922438,7281.717870923488,7296.54833984375,132087,8.895156685158664,0
2015-03-16,7296.549020330752,7326.2099609375,7296.549020330752,7326.2099609375,99600,8.899213602624707,0.004056917466042975
2015-03-17,7341.040217694098,7489.343571368402,7341.040217694098,7415.19189453125,333210,8.911286133472673,0.012072530847966334
2015-03-18,7415.191505280079,7415.191505280079,7355.86962890625,7355.86962890625,106073,8.903253862471214,-0.008032271001459534
2015-03-19,7400.361736811144,7415.192207308666,7341.04052734375,7341.04052734375,117218,8.901235872779884,-0.0020179896913301576
2015-03-20,7341.040996468227,7400.362209726503,7326.210525022972,7385.53173828125,132036,8.9072781948488835,0.006042322068999795
2015-03-23,7385.53116962831,7400.361639931683,7326.2099609375,7326.2099609375,127647,8.899213602624707,-0.008064592224176437
2015-03-24,7341.041617360859,7341.041617360859,7237.228980986526,7281.7197265625,162080,8.893122339469889,-0.006091263154818449
2015-03-25,7341.039746604537,7341.039746604537,7266.887402003225,7296.54833984375,102674,8.895156685158664,0.002034345688775474
2015-03-26,7326.209864639688,7326.209864639688,7296.548924422812,7311.37939453125,128195,8.89718723460456,0.0020305494458963125
2015-03-27,7355.869543002175,7355.869543002175,7296.54833984375,7296.54833984375,105353,8.895156685158664,-0.0020305494458963125
2015-03-30,7326.210287113822,7326.210287113822,7177.90625,7177.90625,191813,8.878763010881107,-0.016393674277557224
2015-03-31,7177.90625,7222.397662890962,7177.90625,7177.90625,108316,8.878763010881107,0
2015-04-01,7222.396294164776,7222.396294164776,7074.09228515625,7074.09228515625,125799,8.864194415362583,-0.014568595518523964
2015-04-02,7088.925753142277,7192.738401622046,7074.095278713328,7133.41650390625,78026,8.872545571699973,0.008351156337390364
2015-04-03,7192.7375856665785,7237.229003906249,7133.415694680351,7237.22900390625,54162,8.886993677851216,0.014448106151242257
2015-04-06,7237.2297037922735,7281.720453811683,7192.73828125,7192.73828125,78091,8.88082722400451,-0.006166453846706332
2015-04-07,7177.904488248056,7266.8866196674,7177.904488248056,7252.05615234375,69756,8.889040314859622,0.008213090855113236
2015-04-08,7266.8866196674,7281.717086991049,7237.226357542653,7252.05615234375,75486,8.889040314859622,0
2015-04-09,7252.05615234375,7266.8866196674,7192.734955571705,7252.05615234375,120245,8.889040314859622,0
2015-04-10,7252.056933082963,7326.209277684275,7237.227136685325,7296.54833984375,160283,8.895156685158664,0.006116370299041662
2015-04-13,7296.54833984375,7326.209277684275,7281.717870923488,7296.54833984375,76182,8.895156685158664,0
2015-04-14,7296.551114337167,7296.551114337167,7222.3994140625,7222.3994140625,104151,8.884942505495403,-0.010214179663261547
2015-04-15,7252.05615234375,7266.8866196674,7192.734955571705,7252.05615234375,103556,8.889040314859622,0.004097809364219884
2015-04-16,7252.058804130008,7296.5502223696785,7222.3985311596925,7237.22900390625,70968,8.886993677851216,-0.002046637008406904
2015-04-17,7252.057564359655,7637.647772283438,7252.057564359655,7563.49609375,695457,8.931088808541487,0.04409513069027149
2015-04-20,7563.497580475698,7563.497580475698,7400.3630486082275,7489.34521484375,166556,8.921236651440639,-0.009852157100848302
2015-04-21,7489.343571368402,7563.495920728223,7415.19189453125,7415.19189453125,122577,8.911286133472673,-0.009950517967965311
2015-04-22,7415.19189453125,7563.495920728223,7415.19189453125,7415.19189453125,250336,8.911286133472673,0
2015-04-23,7489.34521484375,7563.497580475698,7385.532575481838,7489.34521484375,297844,8.921236651440639,0.009950517967965311
2015-04-24,7489.34521484375,7563.497580475698,7415.193521734617,7489.34521484375,124638,8.921236651440639,0
2015-04-27,7637.6484375,7785.952480006404,7563.496752508169,7637.6484375,295685,8.94084503864287,0.019608387202231015
2015-05-04,7637.647819740294,7711.799498734477,7266.888079724004,7326.2099609375,379976,8.899213602624707,-0.04163143601816266
2015-05-05,7326.209747822134,7489.343571368402,7296.548808078206,7415.19189453125,206375,8.911286133472673,0.012072530847966334
2015-05-06,7415.191505280079,7489.343178224732,7355.86962890625,7355.86962890625,188803,8.903253862471214,-0.008032271001459534
2015-05-07,7385.531833051942,7489.344461978099,7355.870889780827,7400.3623046875,122391,8.909284238086661,0.00603037561544717
2015-05-08,7400.3623046875,7489.344461978099,7400.3623046875,7400.3623046875,111947,8.909284238086661,0
2015-05-11,7415.192094408914,7415.192094408914,7355.870213322028,7370.70068359375,106482,8.905268053065068,-0.004016185021592733
2015-05-12,7370.700011922438,7370.700011922438,7296.54833984375,7296.54833984375,117594,8.895156685158664,-0.010111367906404212
2015-05-13,7296.54833984375,7311.378808764012,7222.396667765062,7296.54833984375,218875,8.895156685158664,0
2015-05-14,7266.887984205936,7355.870132333885,7266.887984205936,7311.37939453125,132333,8.89718723460456,0.0020305494458963125
2015-05-15,7326.21114466127,7355.871417537653,7281.7197265625,7281.7197265625,103445,8.893122339469889,-0.0040648951346717865
2015-05-18,7266.8892768765645,7296.5502223696785,7237.229003906249,7237.22900390625,229040,8.886993677851216,-0.0061286616186730924
2015-05-19,7222.396667765062,7296.54833984375,7222.396667765062,7296.54833984375,121332,8.895156685158664,0.008163007307448567
2015-05-20,7355.870183315542,7563.496093749999,7341.040385627001,7563.49609375,495875,8.931088808541487,0.03593212338282292
2015-05-21,7563.496430412661,7860.103830271542,7489.344076055907,7785.9521484375,913321,8.960076382304804,0.028987573763316732
2015-05-22,7785.9521591462435,7860.103841082273,7711.7998046875,7711.7998046875,297176,8.950506877017693,-0.009569505287110758
2015-05-25,7711.798707684194,8008.40673828125,7711.798707684194,8008.40673828125,554510,8.988247111198875,0.03774023418118233
2015-05-26,7934.2568527887825,8008.408540867294,7860.1044921875,7860.1044921875,442831,8.969555179506322,-0.0186919316925529
2015-05-27,7860.103830271542,7934.256184628298,7711.799794080745,7785.9521484375,564991,8.960076382304804,-0.009478797201518674
2015-05-28,7910.678825848347,7980.223521785288,7841.134129911405,7893.29248046875,467751,8.97376862470015,0.013692242395345389
2015-05-29,7910.677904200872,7910.677904200872,7806.36121523978,7823.74755859375,144488,8.964918946188215,-0.0088496785119343
2015-06-01,7806.361616194059,7806.361616194059,7702.044921875,7702.044921875,301922,8.949241146852652,-0.015677799335563236
2015-06-02,7702.045213899243,7702.045213899243,7597.728515625001,7597.728515625,319002,8.93560460207801,-0.01363654477464138
2015-06-03,7597.728144978843,7788.975187291386,7580.3424865022225,7684.6591796875,257796,8.946981306217301,0.01137670413929115
2015-06-04,7684.659149943708,7736.816810753077,7684.659149943708,7719.43115234375,90655,8.951495955374387,0.0045146491570857705
2015-06-05,7736.817236675355,7806.361930885357,7684.659572994635,7788.9755859375,233544,8.960464626486676,0.008968671112288717
2015-06-08,7823.747960441035,7841.133619106613,7702.044921875,7702.044921875,282233,8.949241146852652,-0.011223479634024258
2015-06-09,7684.659263209422,7858.5199633535885,7684.659263209422,7702.044921875,249849,8.949241146852652,0
2015-06-10,7702.045263806159,7771.589958300091,7667.273259349907,7754.20361328125,100862,8.955990377014462,0.006749230161810615
2015-06-11,7754.203581623212,7806.361930885357,7754.203581623212,7788.9755859375,169592,8.960464626486676,0.004474249472213643
2015-06-12,7806.36129928033,7875.905987863539,7806.36129928033,7841.13330078125,304195,8.967138656568656,0.006674030081979865
2015-06-15,7893.291560846903,7893.291560846903,7788.974871885811,7823.74755859375,137955,8.964918946188215,-0.002219710380440887
2015-06-16,7823.746942309594,7858.518940697146,7736.815917968749,7736.81591796875,193565,8.953745501836366,-0.011173444351848971
2015-06-17,7719.43115234375,7754.203154743793,7702.0448083530355,7719.43115234375,195176,8.951495955374387,-0.002249546461978724
2015-06-18,7719.430261565627,7823.746942309594,7719.430261565627,7736.81591796875,130949,8.953745501836366,0.002249546461978724
2015-06-19,7736.817236675355,7841.133935199645,7736.817236675355,7788.9755859375,211897,8.960464626486676,0.006719124650309993
2015-06-22,7823.748243315528,7962.836945576016,7806.3618984399345,7928.06494140625,514328,8.978164267374641,0.017699640887965273
2015-06-23,7928.063588001311,7945.449244327566,7893.29090418619,7910.67724609375,251864,8.975968676071794,-0.0021955913028470775
2015-06-24,7928.065204037243,7928.065204037243,7858.5205078125,7858.5205078125,144092,8.969353637147451,-0.0066150389243428975
2015-06-25,7841.1332163663565,7858.5195597203265,7823.74755859375,7823.74755859375,236225,8.964918946188215,-0.00443469095923632
2015-06-26,7841.133223451789,8327.94466757057,7841.133223451789,8049.7666015625,1700065,8.993398376397566,0.02847943020935162
2015-06-29,8136.6982421875,8293.173300673227,8084.540574940397,8136.6982421875,377762,9.004139755357105,0.01074137895953875
2015-06-30,8049.766001675988,8119.310684390722,8049.766001675988,8067.15234375,423261,8.995555829567138,-0.00858392578996714
2015-07-01,8067.154228803714,8188.856595016076,8014.995875975139,8136.6982421875,297840,9.004139755357105,0.00858392578996714
2015-07-02,8119.310869745545,8241.013210298017,8101.924527274623,8206.2412109375,440221,9.012650267029969,0.00851051167286343
2015-07-03,8241.012252355931,8241.012252355931,8154.08192126883,8171.46826171875,306275,9.008403885504123,-0.004246381525845777
2015-07-06,8188.856667605765,8258.4013671875,8171.471006896441,8258.4013671875,395509,9.018986308702502,0.010582423198378876
2015-07-07,8241.012474413197,8414.87382685341,8206.24047815766,8275.78515625,457434,9.021089078674677,0.002102769972175622
2015-07-08,8275.786063838355,8310.558063907265,8101.924692331125,8119.31103515625,573447,9.002000581668776,-0.019088497005901317
2015-07-09,8084.539035087341,8154.08303522516,8032.380692193307,8119.31103515625,403718,9.002000581668776,0
2015-07-10,8119.311637082816,8171.469983843618,8067.153290322012,8101.92529296875,337436,8.999857002906591,-0.002143578762185072
2015-07-13,8101.925635409641,8258.400682305717,8084.539976142135,8154.083984375,197631,9.00627418310234,0.006417180195748884
2015-07-14,8154.083984375,8206.242333340359,8101.925635409641,8154.083984375,159767,9.00627418310234,0
2015-07-15,8171.469025031443,8171.469025031443,8067.15234375,8067.15234375,264446,8.995555829567138,-0.010718353535201786
2015-07-16,8032.380345183289,8067.15234375,7962.835662468557,8067.15234375,246740,8.995555829567138,0
2015-07-17,8049.766001675988,8154.082682957433,8032.380345183289,8067.15234375,127412,8.995555829567138,0
2015-07-20,8067.15531214268,8067.15531214268,7980.224940948324,8032.38330078125,169523,8.991236562503678,-0.004319267063459975
2015-07-21,7997.608949745781,8014.995294621376,7893.292251655061,7928.06494140625,353902,8.978164267374641,-0.01307229512903696
2015-07-22,7928.064033287327,8084.5390625,7910.6776904032495,8084.5390625,183737,8.997708758945054,0.019544491570412603
2015-07-23,8067.151590181729,8327.943269024281,8067.151590181729,8171.46826171875,864294,9.008403885504123,0.010695126559069124
2015-07-24,8206.24047815766,8310.557152505535,8206.24047815766,8275.78515625,491748,9.021089078674677,0.012685193170554498
2015-07-27,8327.944378155245,8606.121748914646,8310.558035389782,8519.19140625,753360,9.050076709949844,0.028987631275166237
2015-07-28,8519.191221424646,8519.191221424646,8380.1025390625,8380.1025390625,256185,9.033615429566243,-0.016461280383600396
2015-07-29,8380.104643745664,8467.035006357108,8293.173595552726,8327.9462890625,451874,9.027372160833865,-0.006243268732378127
2015-07-30,8327.944618123476,8345.330275808567,8223.6279296875,8223.6279296875,378885,9.01476674465879,-0.01260541617507549
2015-07-31,8293.17193159058,8310.558274857027,8223.6279296875,8223.6279296875,218584,9.01476674465879,0
2015-08-03,8171.469405757704,8171.469405757704,8067.152719615921,8084.5390625,458977,8.997708758945054,-0.017057985713735846
2015-08-04,8154.08192126883,8241.012252355931,8101.92358550032,8171.46826171875,212466,9.008403885504123,0.010695126559069124
2015-08-05,8206.241670566913,8241.013671875,8154.0833258141,8241.013671875,126354,9.016878633768803,0.008474748264680088
2015-08-06,8241.014947844651,8275.787640118016,8136.6982421875,8136.6982421875,226575,9.004139755357105,-0.01273887841169774
2015-08-07,8171.469585469513,8258.39993063904,8119.311241251525,8223.6279296875,220712,9.01476674465879,0.010626989301684375
2015-08-10,8258.399377903643,8432.2607421875,8258.399377903643,8432.2607421875,476768,9.03982019323799,0.02505344857920022
2015-08-11,8432.260966380078,8519.191308042607,8345.329939136216,8397.48828125,347813,9.03568792598086,-0.004132267257130451
2015-08-12,8345.329148761071,8345.329148761071,8223.626819076062,8275.78515625,507585,9.021089078674677,-0.014598847306181995
2015-08-13,8275.78493325577,8275.78493325577,8136.695580818911,8171.46826171875,6352157,9.008403885504123,-0.012685193170554498
2015-08-14,8154.084588324183,8223.629287289441,8084.540574940397,8136.6982421875,283638,9.004139755357105,-0.004264130147017653
2015-08-17,8136.699334865538,8188.857694698464,7997.610603838256,8032.38330078125,3295500,8.991236562503678,-0.012903192853427115
2015-08-18,8032.381287675275,8119.311637082816,7997.608599447145,8101.92529296875,3035337,8.999857002906591,0.008620440402912877
2015-08-19,8155.227661202186,8261.831999305436,8084.157868928001,8190.76220703125,3475631,9.010762238088365,0.010905235181773776
2015-08-20,8208.530169592314,8208.530169592314,8066.39057916793,8084.158203125,1551405,8.99766164823863,-0.013100589849734945
2015-08-21,8013.089794842656,8030.857421875001,7817.6486999517,8030.857421875,4784721,8.991046578559942,-0.006615069678687746
2015-08-24,7888.716184017399,7924.250726999963,7515.601030544468,7533.36865234375,8511591,8.927097584945491,-0.06394899361445106
2015-08-25,7462.301935958264,7728.812869517407,7462.301935958264,7622.20849609375,5259620,8.938821435572109,0.01172385062661796
2015-08-26,7639.974452398457,7906.484626987783,7639.974452398457,7835.41552734375,3879058,8.96640918814372,0.027587752571610835
2015-08-27,7835.41370064976,7924.2504048020965,7817.6460795729035,7870.9482421875,2834532,8.970933822360125,0.0045246342164055875
2015-08-28,7924.250445238728,7959.784986957797,7870.948282352137,7942.01806640625,3567735,8.97992268648164,0.00898886412151434
2015-08-31,7906.483596383398,7959.785764476592,7835.414506003171,7853.18212890625,1549103,8.968674095377203,-0.011248591104436656
2015-09-01,7888.717702384843,7888.717702384843,7799.880977521734,7835.41552734375,1290475,8.96640918814372,-0.002264907233483271
2015-09-03,7799.879481905568,7835.4140249138845,7764.34423828125,7764.34423828125,1458896,8.957297281054757,-0.009111907088962923
2015-09-04,7764.346630526022,7835.416439055718,7746.579703855761,7782.1142578125,808228,8.959583335756491,0.0022860547017344857
2015-09-07,7817.648203950385,7817.648203950385,7711.043849752393,7746.5791015625,579561,8.955006618648977,-0.004576717107514838
2015-09-08,7728.810092526941,7835.414427647261,7728.810092526941,7799.8798828125,787796,8.961863612919684,0.006856994270707517
2015-09-09,7870.950077165766,7888.717702384843,7835.41552734375,7835.41552734375,1420133,8.96640918814372,0.004545575224035758
2015-09-10,7835.414506003171,7853.18212890625,7799.879960813057,7853.18212890625,923994,8.968674095377203,0.002264907233483271
2015-09-11,7888.716764466673,7888.716764466673,7817.64697265625,7817.64697265625,720242,8.964138889622971,-0.004535205754232052
2015-09-14,7817.646403101726,7817.646403101726,7764.34423828125,7764.34423828125,861124,8.957297281054757,-0.006841608568214141
2015-09-15,7746.5773170850925,7799.879481905568,7728.809695272934,7764.34423828125,368015,8.957297281054757,0
2015-09-16,7764.34423828125,7799.879481905568,7746.5773170850925,7764.34423828125,499570,8.957297281054757,0
2015-09-17,7764.346630526022,7817.64881176924,7764.346630526022,7782.1142578125,492544,8.959583335756491,0.0022860547017344857
2015-09-18,7924.251953125,7977.554126154329,7835.41523161482,7924.251953125,3002630,8.977683203517522,0.018099867761030453
2015-09-21,7906.484065402563,8084.158203124999,7906.484065402563,8084.158203125,2215601,8.99766164823863,0.01997844472110799
2015-09-22,8084.159602355826,8101.9272293881695,8013.089794842656,8030.857421875,1168611,8.991046578559942,-0.006615069678687746
2015-09-23,8013.087276656425,8066.389440386556,7977.552734375,7977.552734375,1808418,8.984386968519143,-0.00665961004079918
2015-09-24,7959.786207844076,8048.623626691755,7959.786207844076,8013.08837890625,1160778,8.988831531157688,0.00444456263854498
2015-09-25,8030.854898105132,8030.854898105132,7959.7851129262945,7977.552734375,1046949,8.984386968519143,-0.00444456263854498
2015-09-28,7977.552202313853,7995.319822577551,7906.482421875,7906.482421875,1080464,8.975438261711043,-0.008948706808100226
2015-09-29,7906.482421875,7906.482421875,7870.947881963544,7906.482421875,1050260,8.975438261711043,0
2015-09-30,7959.784582050154,7959.784582050154,7870.947881963544,7906.482421875,644733,8.975438261711043,0
2015-10-01,7906.48432857652,7942.01957767348,7888.71740464415,7924.251953125,724683,8.977683203517522,0.0022449418064791615
2015-10-05,7942.019119110774,8013.088211969029,7924.251495588176,7995.3212890625,1544258,8.986611810709828,0.00892860719230626
2015-10-06,8101.9255368559725,8208.52987554745,8066.390290214772,8172.99462890625,3730705,9.00859066034061,0.02197884963078245
2015-10-07,8208.53159034982,8208.53159034982,7995.32286842652,8030.857421875,1363400,8.991046578559942,-0.017544081780668463
2015-10-08,8030.856587612636,8137.4609375,8030.856587612636,8137.4609375,1336669,9.004233486198084,0.013186907638141676
2015-10-09,8172.995487257077,8244.065287387366,8137.4609375,8137.4609375,3145330,9.004233486198084,0
2015-10-12,8119.693312313395,8155.228562686606,8119.693312313395,8137.4609375,1674157,9.004233486198084,0
2015-10-13,8137.460374380122,8137.460374380122,8066.39057916793,8084.158203125,1203781,8.99766164823863,-0.00657183795945393
2015-10-14,8350.667395006323,8510.573876900293,8279.597613959242,8297.365234375,12423801,9.02369330174786,0.026031653509230424
2015-10-15,8332.900800002968,8332.900800002968,8261.831710826365,8279.5986328125,1723137,9.02154977190638,-0.0021435298414793635
2015-10-16,8297.365234375,8332.899774590565,8297.365234375,8297.365234375,2215278,9.02369330174786,0.0021435298414793635
2015-10-19,8297.367424249525,8492.808497940656,8297.367424249525,8368.4365234375,5638860,9.032222350746876,0.008529048999015743
2015-10-20,8368.433512575035,8510.573061043136,8350.66659447843,8403.96875,7947939,9.03645934349058,0.004236992743704704
2015-10-21,8457.271308307776,8457.271308307776,8350.6669921875,8350.6669921875,2840790,9.030096693958612,-0.006362649531968856
2015-10-22,8315.133743375967,8368.435914194484,8315.133743375967,8332.9013671875,1912435,9.0279669779012,-0.002129716057412523
2015-10-23,8386.20414854256,8421.738698136547,8350.669598948572,8368.4365234375,2906003,9.032222350746876,0.004255372845676675
2015-10-26,8439.504838957293,8617.178956911344,8439.504838957293,8457.2724609375,10624145,9.042781996472376,0.010559645725500388
2015-10-27,8421.736498754697,8581.6429810914,8421.736498754697,8528.3408203125,5431917,9.05115011046546,0.008368113993084236
2015-10-28,8546.110450603155,8688.249345902326,8546.110450603155,8670.482421875,10793737,9.067679710888068,0.01652960042260787
2015-10-29,8759.3173828125,8830.386465865698,8723.782841285902,8759.3173828125,7456404,9.077873256557705,0.010193545669636705
2015-10-30,8777.084303267813,8794.851924339098,8688.247599143331,8759.3173828125,3967650,9.077873256557705,0
2015-11-02,8777.088815107809,9061.367395301191,8759.321885519452,8794.8564453125,11266536,9.08192233473174,0.004049078174034548
2015-11-03,8883.689079053614,9327.8740234375,8865.922157697145,9327.8740234375,15339415,9.140762403292978,0.05884006856123847
2015-11-04,9416.713227459708,9505.549959631466,9239.0390625,9239.0390625,7155863,9.131193161662672,-0.009569241630305925
2015-11-05,9150.200301065586,9505.5478515625,9150.200301065586,9505.5478515625,11014167,9.159630891511116,0.028437729848443283
2015-11-06,9505.547440698248,9683.221558575004,9239.036614191118,9327.8740234375,12779137,9.140762403292978,-0.018868488218137358
2015-11-09,9239.038878843332,9327.8763098653435,9150.2021484375,9150.2021484375,8218560,9.121531250750936,-0.01923115254204255
2015-11-10,9150.20196298028,9239.03869158556,8972.52850576972,9061.365234375,8277352,9.111775075805571,-0.009756174945364293
2015-11-11,8972.5283203125,9239.03850061972,8972.5283203125,8972.5283203125,7229918,9.10192277936256,-0.009852296443011
2015-11-12,9061.36433432143,9505.548633843742,8972.527614540186,9416.7119140625,14190831,9.150241252928119,0.048318473565558406
2015-11-13,9416.711799531617,9683.22265625,9327.87508083085,9683.22265625,11142936,9.17815004389947,0.027908790971350683
2015-11-16,9594.3857421875,9772.0598895617,9416.712295429426,9594.3857421875,9747111,9.16893338786074,-0.009216656038729454
2015-11-17,9505.549959631466,9594.386691803222,9239.0390625,9239.0390625,8628973,9.131193161662672,-0.03774022619806772
2015-11-18,9150.202330328242,9416.713227459708,9150.202330328242,9239.0390625,5519298,9.131193161662672,0
2015-11-19,9239.038878843332,9416.713040271174,9150.2021484375,9150.2021484375,4426034,9.121531250750936,-0.009661910911736626
2015-11-20,9061.365234375,9239.03869158556,9061.365234375,9061.365234375,4832974,9.111775075805571,-0.009756174945364293
2015-11-23,9061.367395301191,9150.204145091977,8794.8564453125,8794.8564453125,8297218,9.08192233473174,-0.029852741073831623
2015-11-24,8830.385843630445,8830.385843630445,8599.410289059344,8723.7822265625,11377417,9.073808164442607,-0.008114170289132971
2015-11-25,8759.319158819364,8972.5278524403,8617.180263277443,8883.6904296875,5287279,9.091972338581828,0.01816417413922089
2015-11-26,8848.154498331101,8883.689041509875,8706.015625,8706.015625,3013855,9.071769516849892,-0.020202821731935217
2015-11-27,8741.550212219707,8865.922164896023,8688.248046875,8688.248046875,6140288,9.069726592281237,-0.002042924568655735
2015-11-30,8706.014514307644,8706.014514307644,8581.642578125,8581.642578125,4509739,9.057380616831109,-0.012345975450127611
2015-12-01,8634.945056487668,8670.480297066195,8546.108356273236,8563.8759765625,2519171,9.055308167652642,-0.0020724491784669397
2015-12-02,8563.877562830432,8652.714279499889,8563.877562830432,8599.412109375,2729344,9.05944912052999,0.00414095287734817
2015-12-03,8617.1787109375,8652.713253267588,8581.643467991422,8617.1787109375,1387183,9.061513014369899,0.0020638938399084594
2015-12-04,8617.180521884735,8617.180521884735,8475.040921460997,8510.576171875,3477932,9.049064924548729,-0.012448089821170072
2015-12-07,8492.809013874628,8528.343565627323,8439.5068359375,8439.5068359375,3602865,9.040679154121841,-0.008385770426887262
2015-12-08,8403.970256440409,8723.78324689739,8368.43501264563,8706.015625,4513051,9.071769516849892,0.03109036272805099
2015-12-09,8706.014837028779,8777.083916953947,8563.8759765625,8563.8759765625,2969721,9.055308167652642,-0.016461349197250286
2015-12-10,8563.877409621258,8634.946501438959,8492.8076171875,8492.8076171875,2463569,9.046974921596863,-0.008333246055778787
2015-12-11,8475.038659533599,8617.1782220213,8475.038659533599,8528.3408203125,2254728,9.05115011046546,0.004175188868597246
2015-12-14,8510.575240449954,8563.877409621258,8492.8076171875,8492.8076171875,1755319,9.046974921596863,-0.004175188868597246
2015-12-15,8492.806761858208,8617.1787109375,8492.806761858208,8617.1787109375,2131128,9.061513014369899,0.014538092773035416
2015-12-16,8652.714797231562,8759.319143859968,8652.714797231562,8670.482421875,5058088,9.067679710888068,0.006166696518169701
2015-12-17,8741.5498046875,8794.851967547253,8706.015262986324,8741.5498046875,3700421,9.075842776120473,0.008163065232404065
2015-12-18,8741.550212219707,8759.317834206611,8688.248046875,8688.248046875,3333981,9.069726592281237,-0.006116183839235845
2015-12-21,8688.247795597676,8688.247795597676,8581.643467991422,8617.1787109375,2181925,9.061513014369899,-0.008213577911337921
2015-12-22,8617.180148696516,8652.71469695547,8546.1103515625,8546.1103515625,2169448,9.05323152877711,-0.008281485592789295
2015-12-23,8581.645271470734,8599.412896677733,8492.808546667999,8510.576171875,2447135,9.049064924548729,-0.004166604228380777
2015-12-24,8546.109786358804,8563.877409621258,8492.8076171875,8492.8076171875,1914050,9.046974921596863,-0.002090002951865344
2015-12-25,8528.34216309635,8528.34216309635,8475.039993925046,8492.8076171875,1370466,9.046974921596863,0
2015-12-28,8528.34272712497,8652.71469695547,8475.040554428484,8546.1103515625,3097521,9.05323152877711,0.006256607180246121
2015-12-29,8563.875659110276,8617.177817386279,8546.108039479637,8581.642578125,1750918,9.057380616831109,0.0041490880539996056
2015-12-30,8634.944736401003,8688.246894677004,8581.642578125,8581.642578125,3690205,9.057380616831109,0
2015-12-31,8581.642578125,8670.479975662282,8563.875659110276,8581.642578125,2302981,9.057380616831109,0
2016-01-04,8599.41195553011,8617.179578792564,8492.8076171875,8492.8076171875,2431669,9.046974921596863,-0.010405695234245727
2016-01-05,8492.8076171875,8528.34216309635,8475.039993925046,8492.8076171875,2964027,9.046974921596863,0
2016-01-06,8492.808546667999,8546.110721672867,8492.808546667999,8510.576171875,1804178,9.049064924548729,0.002090002951865344
2016-01-07,8510.573466367914,8510.573466367914,8350.6669921875,8350.6669921875,7436296,9.030096693958612,-0.018968230590116875
2016-01-08,8315.133591199688,8332.901214686053,8172.994705156973,8226.296875,7162283,9.015091237976248,-0.015005455982363358
2016-01-11,8226.295644583439,8226.295644583439,8155.2265625,8155.2265625,3252294,9.006414296704762,-0.008676941271486882
2016-01-12,8172.994854731951,8332.9013671875,8119.692683913435,8332.9013671875,2350709,9.0279669779012,0.021552681196437717
2016-01-13,8350.667803034014,8403.96996626977,8226.295855278588,8244.0634765625,2192221,9.017248641709298,-0.010718336191901656
2016-01-14,8190.762649255655,8244.064821185097,8172.995025073809,8208.5302734375,2058203,9.012929169787405,-0.004319471921892415
2016-01-15,8208.52983025381,8261.831999305436,8172.99458380869,8190.76220703125,2395611,9.010762238088365,-0.0021669316990404752
2016-01-18,8119.691604116687,8119.691604116687,7870.948406914738,7977.552734375,9106012,8.984386968519143,-0.02637526956922187
2016-01-19,7977.553831736828,8048.623626691755,7942.019284567407,8013.08837890625,3527033,8.988831531157688,0.00444456263854498
2016-01-20,8013.087276656425,8084.1570618352625,7977.552734375,7977.552734375,2632636,8.984386968519143,-0.00444456263854498
2016-01-21,7959.7851129262945,8013.087276656425,7924.250570644869,7977.552734375,2615798,8.984386968519143,0
2016-01-22,7995.322361185253,8013.089286474215,7870.950381081697,7959.787109375,2797262,8.982157533427381,-0.0022294350917615446
2016-01-25,8084.158725453336,8368.4365234375,7995.322001160302,8368.4365234375,3601977,9.032222350746876,0.05006481731949464
2016-01-26,8261.830886241121,8279.597806454,8155.2265625,8155.2265625,2669583,9.006414296704762,-0.025808054042114392
2016-01-27,8261.83212197273,8261.83212197273,8208.529952129704,8226.296875,1359241,9.015091237976248,0.008676941271486882
2016-01-28,8226.29679825199,8244.06442157259,8137.460082881112,8172.99462890625,1982735,9.00859066034061,-0.0065005776356379386
2016-01-29,8226.295855278588,8261.831097846412,8155.226771374899,8244.0634765625,2006720,9.017248641709298,0.008657981368687118
2016-02-01,8261.831710826365,8332.900800002968,8172.994298431563,8279.5986328125,2358583,9.02154977190638,0.004301130197083225
2016-02-02,8226.29719700325,8297.36699311454,8208.5302734375,8208.5302734375,743823,9.012929169787405,-0.00862060211897564
2016-02-03,8244.064088224199,8332.900800002968,8208.529543635897,8279.5986328125,2590319,9.02154977190638,0.00862060211897564
2016-02-04,8332.900138219931,8332.900138219931,8261.8310546875,8261.8310546875,1138811,9.01940151927118,-0.002148252635201686
2016-02-05,8297.366820180516,8350.668990999033,8261.832273173532,8332.9013671875,1468910,9.0279669779012,0.008565458630020117
2016-02-15,8297.365234375,8315.13215417481,8226.295453327919,8297.365234375,1381247,9.02369330174786,-0.004273676153339068
2016-02-16,8350.66659447843,8439.503286809086,8297.364438956864,8403.96875,1399055,9.03645934349058,0.012766041742720446
2016-02-17,8439.5068359375,8563.878817996192,8439.5068359375,8439.5068359375,2905034,9.040679154121841,0.004219810631260756
2016-02-18,8475.040554428484,8581.644899821455,8457.273630607058,8546.1103515625,2976707,9.05323152877711,0.01255237465526804
2016-02-19,8528.345156630907,8528.345156630907,8457.276039867234,8475.04296875,2141707,9.044881002294796,-0.008350526482313825
2016-02-22,8475.038575732126,8563.8759765625,8475.038575732126,8563.8759765625,2094948,9.055308167652642,0.01042716535784649
2016-02-23,8617.179578792564,8617.179578792564,8492.8076171875,8492.8076171875,2936287,9.046974921596863,-0.008333246055778787
2016-02-24,8475.039993925046,8528.34216309635,8457.273071278649,8492.8076171875,2648788,9.046974921596863,0
2016-02-25,8528.341547626314,8581.643712950929,8457.2724609375,8457.2724609375,2717796,9.042781996472376,-0.00419292512448699
2016-02-26,8492.81059824907,8492.81059824907,8421.740780869093,8475.04296875,1547448,9.044881002294796,0.0020990058224192865
2016-02-29,8510.575240449954,8510.575240449954,8457.273071278649,8492.8076171875,2084571,9.046974921596863,0.002093919302067704
2016-03-01,8492.806196021389,8688.247216739515,8457.271656058805,8563.8759765625,4909331,9.055308167652642,0.008333246055778787
2016-03-02,8599.412670149235,8670.48246848896,8581.645045410274,8652.71484375,3278419,9.065628405452607,0.010320237799964715
2016-03-03,8688.249345902326,8759.319143859968,8670.482421875,8670.482421875,3357280,9.067679710888068,0.0020513054354616145
2016-03-04,8634.945838026448,8759.317790076164,8634.945838026448,8706.015625,3456168,9.071769516849892,0.004089805961823956
2016-03-07,8706.01706434838,8777.08616245564,8634.947265625,8634.947265625,2955023,9.063572883512334,-0.008196633337558268
2016-03-08,8634.945141870301,8652.712762335252,8528.3408203125,8528.3408203125,4597201,9.05115011046546,-0.012422773046873559
2016-03-09,8492.80627999855,8563.8760612424,8492.80627999855,8528.3408203125,1639391,9.05115011046546,0
2016-03-10,8528.340735983973,8581.64289623582,8510.573816310653,8563.8759765625,1124113,9.055308167652642,0.004158057187181541
2016-03-11,8599.411089464462,8688.247795597676,8599.411089464462,8617.1787109375,3038971,9.061513014369899,0.006204846717256629
2016-03-14,8706.017017350765,8777.086115074373,8652.71484375,8652.71484375,4085315,9.065628405452607,0.004115391082708086
2016-03-15,8688.247795597676,8723.783038543752,8617.1787109375,8617.1787109375,2202074,9.061513014369899,-0.004115391082708086
2016-03-16,8617.1787109375,8652.713253267588,8599.411089464462,8617.1787109375,1990568,9.061513014369899,0
2016-03-17,8634.94563179455,8688.247795597676,8617.1787109375,8617.1787109375,2544690,9.061513014369899,0
2016-03-18,8706.015220214616,8865.921708008269,8706.015220214616,8759.3173828125,10245954,9.077873256557705,0.016360242187806406
2016-03-21,8759.317425846077,8794.851967547253,8706.015262986324,8741.5498046875,2860334,9.075842776120473,-0.00203048043723264
2016-03-22,8706.017017350765,8723.784642089726,8652.71484375,8652.71484375,2546669,9.065628405452607,-0.01021437066786568
2016-03-23,8652.71484375,8706.017017350765,8617.180294888196,8652.71484375,2315701,9.065628405452607,0
2016-03-24,8670.48190308021,8688.248826044459,8599.412109375,8599.412109375,3359298,9.05944912052999,-0.006179284922616546
2016-03-25,8563.878346879868,8599.412896677733,8457.273996870132,8510.576171875,4582180,9.049064924548729,-0.010384195981261612
2016-03-28,8581.6429810914,8581.6429810914,8510.573900463498,8528.3408203125,1623603,9.05115011046546,0.002085185916731902
2016-03-29,8528.343565627323,8528.343565627323,8421.739209753066,8439.5068359375,2952116,9.040679154121841,-0.010470956343619164
2016-03-30,8439.5068359375,8510.576640059064,8386.204658000372,8439.5068359375,2406271,9.040679154121841,0
2016-03-31,8439.506323241607,8528.343047534643,8368.4365234375,8368.4365234375,2516142,9.032222350746876,-0.00845680337496546
2016-04-01,8368.43596017388,8386.203584083034,8297.36686576943,8315.1337890625,2140819,9.025832481583272,-0.006389869163603734
2016-04-04,8297.36686576943,8350.66903688081,8297.36686576943,8315.1337890625,1495682,9.025832481583272,0
2016-04-05,8315.131753070133,8386.201530688955,8297.364834127362,8350.6669921875,1156618,9.030096693958612,0.004264212375339582
2016-04-06,8350.669185580033,8421.73828125,8332.901561354493,8421.73828125,1163241,9.03857153263346,0.008474838674848328
2016-04-07,8439.505448016194,8510.575240449954,8421.73782475374,8492.8076171875,1961616,9.046974921596863,0.008403388963403202
2016-04-08,8457.2724609375,8528.341547626314,8457.2724609375,8457.2724609375,1260716,9.042781996472376,-0.00419292512448699
2016-04-11,8492.808546667999,8563.878346879868,8439.506371663132,8510.576171875,3290089,9.049064924548729,0.006282928076352334
2016-04-12,8528.345156630907,8528.345156630907,8439.508410368164,8475.04296875,1589442,9.044881002294796,-0.004183922253933048
2016-04-13,8457.2724609375,8492.807004281907,8439.504838957293,8457.2724609375,2293896,9.042781996472376,-0.0020990058224192865
2016-04-14,8439.5068359375,8492.809013874628,8439.5068359375,8439.5068359375,2311138,9.040679154121841,-0.002102842350534928
2016-04-15,8457.272916129983,8475.039838450446,8386.203125,8386.203125,2875436,9.034343149354843,-0.006336004766998471
2016-04-19,8386.201530688955,8439.503688749093,8350.6669921875,8350.6669921875,2204577,9.030096693958612,-0.004246455396231141
2016-04-20,8350.669598948572,8386.20414854256,8332.901973843513,8368.4365234375,3546456,9.032222350746876,0.002125656788264152
2016-04-21,8403.96875,8439.503286809086,8368.433512575035,8403.96875,2004176,9.03645934349058,0.004236992743704704
2016-04-22,8403.970902107345,8492.8076171875,8368.435655582436,8492.8076171875,3350254,9.046974921596863,0.010515578106282675
2016-04-25,8528.343096465866,8581.645271470734,8492.808546667999,8510.576171875,2270234,9.049064924548729,0.002090002951865344
2016-04-26,8510.576171875,8528.343096465866,8439.506371663132,8510.576171875,1346723,9.049064924548729,0
2016-04-27,8528.345156630907,8546.112786129977,8439.508410368164,8475.04296875,2394723,9.044881002294796,-0.004183922253933048
2016-04-28,8528.34231566979,8759.318619749669,8475.040145544901,8599.412109375,12142318,9.05944912052999,0.01456811823519466
2016-04-29,8599.41271657137,8652.714890459876,8581.645091736495,8634.947265625,2480568,9.063572883512334,0.004123762982343848
2016-05-04,8563.87797600003,8581.644899821455,8475.040554428484,8546.1103515625,3113995,9.05323152877711,-0.010341354735224684
2016-05-05,8510.575240449954,8599.41195553011,8492.8076171875,8492.8076171875,3669572,9.046974921596863,-0.006256607180246121
2016-05-06,8492.809013874628,8528.343565627323,8439.5068359375,8439.5068359375,2799725,9.040679154121841,-0.006295767475021918
2016-05-09,8457.272916129983,8492.807461386952,8386.203125,8386.203125,2446206,9.034343149354843,-0.006336004766998471
2016-05-10,8368.433512575035,8439.503286809086,8350.66659447843,8403.96875,1880252,9.03645934349058,0.0021161941357377145
2016-05-11,8475.04296875,8492.81059824907,8403.973851986328,8475.04296875,1171801,9.044881002294796,0.008421658804214971
2016-05-12,8510.575701761603,8510.575701761603,8421.73828125,8421.73828125,1665355,9.03857153263346,-0.006309469661335498
2016-05-13,8439.50590547554,8457.27352970108,8386.203733415015,8421.73828125,1587867,9.03857153263346,0
2016-05-16,8421.735668096602,8439.503286809086,8386.201131287517,8403.96875,1253326,9.03645934349058,-0.0021121891428794726
2016-05-17,8421.737216977084,8492.807004281907,8403.970295612886,8457.2724609375,1430954,9.042781996472376,0.0063226529817956845
2016-05-18,8528.345156630907,8599.414974010884,8475.04296875,8475.04296875,2797787,9.044881002294796,0.0020990058224192865
2016-05-19,8528.345156630907,8528.345156630907,8457.276039867234,8475.04296875,751132,9.044881002294796,0
2016-05-20,8475.040921460997,8510.576171875,8475.040921460997,8510.576171875,1958628,9.049064924548729,0.004183922253933048
2016-05-23,8581.644332267655,8581.644332267655,8492.8076171875,8492.8076171875,1393684,9.046974921596863,-0.002090002951865344
2016-05-24,8510.578227748141,8528.345156630907,8475.04296875,8475.04296875,1490715,9.044881002294796,-0.002093919302067704
2016-05-25,8492.81059824907,8510.578227748141,8457.276039867234,8475.04296875,2416164,9.044881002294796,0
2016-05-26,8492.809013874628,8510.576640059064,8439.5068359375,8439.5068359375,5365857,9.040679154121841,-0.0042018481729542145
2016-05-27,8515.732917526851,8578.348742828095,8432.245627580558,8557.4765625,1908632,9.054560631574999,0.013881477453157487
2016-05-30,8557.478401124892,8640.966424692127,8557.478401124892,8578.3505859375,1570079,9.056996934600422,0.002436303025422859
2016-05-31,8599.220693098589,8599.220693098589,8515.7333984375,8515.7333984375,2069341,9.04967071956249,-0.007326215037931405
2016-06-01,8557.477045768044,8557.477045768044,8515.7333984375,8515.7333984375,1824503,9.04967071956249,0
2016-06-02,8557.477045768044,8557.477045768044,8494.861216930685,8515.7333984375,1116921,9.04967071956249,0
2016-06-03,8536.605691685047,8536.605691685047,8473.989862028071,8494.861328125,1405508,9.047216710032242,-0.0024540095302487686
2016-06-06,8494.86120682982,8494.86120682982,8390.501730786007,8432.24609375,2647850,9.039818456046664,-0.007398253985577696
2016-06-07,8473.990347037143,8473.990347037143,8390.502330821706,8453.1181640625,1964917,9.042290665781005,0.0024722097343410354
2016-06-08,8453.117680248048,8494.861328125,8432.246214151119,8494.861328125,1814004,9.047216710032242,0.004926044251236661
2016-06-09,8494.86181432865,8494.86181432865,8453.1181640625,8453.1181640625,1142517,9.042290665781005,-0.004926044251236661
2016-06-10,8432.246696770992,8473.990347037143,8432.246696770992,8453.1181640625,1668499,9.042290665781005,0
2016-06-13,8453.117559548913,8453.117559548913,8432.24609375,8432.24609375,832968,9.039818456046664,-0.0024722097343410354
2016-06-14,8411.374513796349,8453.1181640625,8411.374513796349,8453.1181640625,851683,9.042290665781005,0.0024722097343410354
2016-06-15,8453.117671270116,8453.117671270116,8390.501841679645,8411.3740234375,1455613,9.037340119341065,-0.004950546439939529
2016-06-16,8453.117559548913,8473.98974103091,8411.373912268004,8432.24609375,1261653,9.039818456046664,0.002478336705598494
2016-06-17,8432.24609375,8453.117559548913,8411.373912268004,8432.24609375,723733,9.039818456046664,0
2016-06-20,8453.119143739088,8954.045152037263,8432.247674028677,8912.30078125,6590993,9.095187711737802,0.055369255691138264
2016-06-21,8954.045152037263,9141.891957847063,8891.429311539589,8912.30078125,5065681,9.095187711737802,0
2016-06-22,8870.555058595688,8954.043065027596,8849.68359375,8849.68359375,1055053,9.088136985244208,-0.007050726493593729
2016-06-23,8828.812496303231,8849.684679392483,8745.3251953125,8745.3251953125,2900869,9.076274573189263,-0.011862412054945537
2016-06-24,8703.581051561134,8703.581051561134,8160.912149886756,8536.6064453125,8998605,9.052118836066276,-0.02415573712298702
2016-06-27,8536.60558989772,8640.965066187302,8390.501750545835,8599.220703125,2063056,9.05942686222003,0.00730802615375481
2016-06-28,8599.220703125,8640.965066187302,8557.477055745785,8599.220703125,1153086,9.05942686222003,0
2016-06-29,8578.348556362498,8870.554780505952,8578.348556362498,8766.1953125,4391034,9.078658161417287,0.019231299197256746
2016-06-30,8870.557254380354,8891.429440075717,8724.4541015625,8724.4541015625,2351433,9.073885177957061,-0.004772983460226143
2016-07-01,8766.196662718612,8828.812496303231,8724.453012223248,8745.3251953125,2033386,9.076274573189263,0.0023893952322016077
2016-07-04,8766.194255514705,8912.29734997003,8766.194255514705,8870.5537109375,3033418,9.090492498489136,0.014217925299872647
2016-07-05,8870.55626410013,8912.299915147501,8807.9404296875,8807.9404296875,2777555,9.08340891517432,-0.007083583314814845
2016-07-06,8787.070793377554,8870.558112872446,8745.327133630108,8828.814453125,2113898,9.0857760210646,0.0023671058902792197
2016-07-07,8912.299585802548,9162.762914197452,8849.684469386943,9037.53125,5592926,9.109141324275702,0.02336530321110253
2016-07-08,9058.401865529197,9267.12079262872,9058.401865529197,9100.1455078125,5600160,9.116045682246611,0.006904357970908492
2016-07-11,9121.017152785162,9183.632975298802,8891.4267578125,8891.4267578125,3636015,9.092842805823409,-0.023202876423201957
2016-07-12,8891.4267578125,8974.91404404201,8766.195112785219,8891.4267578125,2614388,9.092842805823409,0
2016-07-13,8891.42811325348,9037.531244269112,8891.42811325348,8954.0439453125,2637246,9.099860546686175,0.007017740862766075
2016-07-14,8974.9130859375,9162.760533425024,8954.041624449734,8974.9130859375,6602088,9.102188529291483,0.0023279826053084207
2016-07-15,8954.042580326139,9016.657687156769,8891.4267578125,8891.4267578125,2563897,9.092842805823409,-0.009345723468074496
2016-07-18,8870.554578413616,8912.29822152837,8807.938755899975,8891.4267578125,2030893,9.092842805823409,0
2016-07-19,8912.299797293961,8912.299797293961,8703.580829133994,8745.3251953125,4033029,9.076274573189263,-0.016568232634146085
2016-07-20,8745.324815238317,8787.068463919491,8682.708984375,8682.708984375,2019165,9.069088853936968,-0.007185719252294831
2016-07-21,8703.580450874033,8766.19628173735,8661.836802192858,8682.708984375,1573450,9.069088853936968,0
2016-07-22,8661.836420278129,8661.836420278129,8536.605479756243,8620.0927734375,3365615,9.06185112617958,-0.007237727757388512
2016-07-25,8620.094239879518,8640.966424692127,8578.3505859375,8578.3505859375,1319799,9.056996934600422,-0.004854191579157785
2016-07-26,8578.35009687466,8599.22156481416,8515.734261689842,8536.6064453125,1648590,9.052118836066276,-0.0048780985341458916
2016-07-28,8620.0927734375,8703.580067118757,8599.220592175647,8620.0927734375,1800135,9.06185112617958,0.009732290113303677
2016-07-29,8620.092387801242,8640.964568129339,8557.4765625,8557.4765625,848066,9.054560631574999,-0.007290494604580644
2016-08-01,8557.478401124892,8620.094239879518,8515.734747182873,8578.3505859375,1473766,9.056996934600422,0.002436303025422859
2016-08-02,8578.349716494478,8578.349716494478,8453.118051677853,8473.990234375,2832260,9.044756778763725,-0.012240155836696687
2016-08-03,8473.990347037143,8515.733997303294,8432.246696770992,8453.1181640625,1641217,9.042290665781005,-0.002466112982720148
2016-08-04,8453.117559548913,8515.733388311817,8432.24609375,8432.24609375,1194764,9.039818456046664,-0.0024722097343410354
2016-08-05,8432.246696770992,8494.86181432865,8390.502330821706,8453.1181640625,1621238,9.042290665781005,0.0024722097343410354
2016-08-08,8494.86170138902,8557.477533797333,8473.990234375,8473.990234375,964498,9.044756778763725,0.002466112982720148
2016-08-09,8515.734261689842,8536.6064453125,8473.990610127683,8536.6064453125,951647,9.052118836066276,0.007362057302550795
2016-08-10,8494.862562370265,8578.3505859375,8494.862562370265,8578.3505859375,831317,9.056996934600422,0.0048780985341458916
2016-08-11,8620.094604452142,8724.4541015625,8599.22241875678,8724.4541015625,2055155,9.073885177957061,0.01688824335663952
2016-08-12,8766.19628173735,8849.68429478281,8661.836802192858,8682.708984375,1852733,9.069088853936968,-0.004796324020093223
2016-08-15,8682.708984375,8703.580450874033,8661.836802192858,8682.708984375,987427,9.069088853936968,0
2016-08-16,8766.19763054424,8974.916621747674,8682.710320336155,8912.30078125,6789552,9.095187711737802,0.026098857800834097
2016-08-17,8912.297766265056,9079.27304587756,8870.554125282675,9016.6572265625,4756201,9.106828948644324,0.011641236906521968
2016-08-18,9016.6575963181,9183.632882777936,8974.913953623893,8995.7861328125,3666036,9.104511539209739,-0.0023174094345854712
2016-08-19,9037.530355776453,9037.530355776453,8849.68359375,8849.68359375,2326082,9.088136985244208,-0.016374553965530225
2016-08-22,8977.940794427712,8999.31713712633,8871.060546875,8871.060546875,3316247,9.090549633756567,0.0024126485123581176
2016-08-23,8935.187863795885,8956.564204154269,8849.683968302572,8913.8115234375,1557474,9.09535720940115,0.004807575644584006
2016-08-24,8935.18750708509,9063.444078174907,8935.18750708509,8977.939453125,2630716,9.102525675403454,0.007168466002303475
2016-08-25,8999.31701822164,9084.820921946,8956.565066359459,9063.4453125,2111230,9.112004604067812,0.009478928664357511
2016-08-26,9063.4453162356,9277.205808604784,9063.4453162356,9191.701171875,7785863,9.126056309413002,0.014051705345190513
2016-08-29,9234.453121229326,9298.58141551658,9106.197265625,9106.197265625,3498269,9.116710478917824,-0.00934583049517812
2016-08-30,9084.820923205854,9170.325559912251,9084.820923205854,9106.197265625,1860458,9.116710478917824,0
2016-08-31,9170.324493485212,9490.965194663644,9127.571813618675,9384.0849609375,11202707,9.14677044410067,0.03005996518284526
2016-09-01,9469.58887333208,9619.221054248595,9405.460586376405,9512.3408203125,7534599,9.16034526829143,0.013574824190760282
2016-09-05,9512.3408203125,9576.469107268176,9426.836926351663,9512.3408203125,3387876,9.16034526829143,0
2016-09-06,9490.967534154928,9576.47144902423,9448.21484375,9448.21484375,4864382,9.15358109721963,-0.006764171071798941
2016-09-07,9426.8369140625,9426.8369140625,9298.580340318344,9426.8369140625,4678533,9.151315891369821,-0.002265205849809604
2016-09-08,9490.96607741806,9875.735101213551,9448.2133935751,9747.478515625,11388592,9.184763916763531,0.03344802539371017
2016-09-09,9832.98303258635,9939.863282940549,9726.10278223215,9768.85546875,6439272,9.18695459065661,0.0021906738930788094
2016-09-12,9726.101920572915,9747.478261938058,9597.846071292504,9619.2216796875,4284468,9.171518633909256,-0.01543595674735343
2016-09-13,9619.220953310602,9694.037409468832,9512.34072049604,9661.9736328125,4043493,9.175953216153115,0.004434582243858287
2016-09-14,9651.285836416688,9822.29436213159,9619.22132554945,9726.1015625,4505219,9.182568433280174,0.006615217127059481
2016-09-15,9726.09993351293,9726.09993351293,9512.339495413746,9576.4677734375,3902376,9.1670640945658,-0.015504338714373844
2016-09-16,9512.341438802085,9619.2216796875,9490.965830407087,9619.2216796875,3003643,9.171518633909256,0.0044545393434560765
2016-09-19,9704.724971223955,9726.10057666537,9576.468406695298,9683.3486328125,3316353,9.178163053591335,0.006644419682078961
2016-09-20,9726.102478301098,9811.60711569465,9661.974916468673,9758.1669921875,4826426,9.185859853591463,0.007696800000127624
2016-09-21,9768.854243656317,9811.606191842511,9704.72595489196,9726.1015625,3062491,9.182568433280174,-0.0032914203112888174
2016-09-22,9726.100515519882,10132.245811993946,9726.100515519882,9961.2373046875,9907767,9.206456570241325,0.02388813696115122
2016-09-23,10003.990490662036,10174.999019205943,10003.990490662036,10132.2470703125,8185300,9.223478395971558,0.017021825730232365
2016-09-26,10174.999027633645,10303.25560739034,10174.999027633645,10217.7509765625,6807284,9.231881778539009,0.00840338256745099
2016-09-27,10207.062806087752,10217.7509765625,10110.870737755298,10217.7509765625,7062515,9.231881778539009,0
2016-09-28,10185.684892691974,10367.380817757286,10174.996724636374,10239.125,5883691,9.233971445723757,0.002089667184748123
2016-09-29,10174.9987114932,10260.502606694276,10068.1184760068,10121.55859375,6618977,9.222422942223062,-0.011548503500694807
2016-09-30,10132.246124360418,10132.246124360418,9971.92578125,9971.92578125,6059568,9.20752900190115,-0.014893940321911714
2016-10-03,9982.61395071804,10089.494179458316,9897.10932794378,9971.92578125,3734786,9.20752900190115,0
2016-10-04,10025.365596109958,10121.557652508434,9832.980750342962,10003.9892578125,6830318,9.2107392182077,0.00321021630654883
2016-10-05,10046.741201437371,10046.741201437371,9971.925483336354,10003.9892578125,1694377,9.2107392182077,0
2016-10-06,10003.988604716054,10036.053110068957,9854.3564453125,9854.3564453125,2839704,9.195668915101663,-0.015070303106035965
2016-10-07,9865.045986447189,9897.109763291646,9555.093456060396,9629.9091796875,9327607,9.172629073770285,-0.023039841331378597
2016-10-10,9629.910583379136,9629.910583379136,9319.9580078125,9319.9580078125,7393905,9.13991340206997,-0.03271567170031453
2016-10-11,9319.956692415568,9512.3408203125,9223.7646284671,9512.3408203125,5534149,9.16034526829143,0.020431866221459316
2016-10-12,9490.963583131906,9533.715522769218,9341.330694946357,9362.70703125,2587949,9.144489740398079,-0.01585552789335054
2016-10-13,9341.333618054396,9448.213867077837,9277.206055016495,9405.4619140625,1599749,9.149045854198684,0.004556113800605388
2016-10-14,9384.085631668073,9426.83758162022,9362.709290206923,9373.3974609375,1952663,9.145630898727132,-0.003414955471551906
2016-10-17,9384.086303707149,9384.086303707149,9277.2060546875,9277.2060546875,2807471,9.135315708755908,-0.010315189971224825
2016-10-18,9277.206054798173,9373.398132322962,9191.701415799313,9319.9580078125,1618921,9.13991340206997,0.0045976933140625675
2016-10-19,9298.580998793628,9437.525752350795,9298.580998793628,9373.3974609375,1701856,9.145630898727132,0.005717496657162258
2016-10-20,9426.838628317402,9448.214239181816,9287.893859332677,9298.58203125,1587636,9.137617197758587,-0.008013700968545479
2016-10-21,9298.581664709309,9352.021789219132,9277.2060546875,9277.2060546875,1292236,9.135315708755908,-0.0023014890026793466
2016-10-24,9277.20384768838,9319.95579053173,9213.07556693834,9234.451171875,2400976,9.130696461725508,-0.00461924703039962
2016-10-25,9234.451171875,9384.084071281772,9148.9472861883,9234.451171875,2804732,9.130696461725508,0
2016-10-26,9234.4531237548,9319.957760484584,9170.325562420192,9191.701171875,1749819,9.126056309413002,-0.0046401523125059185
2016-10-27,9255.82750978169,9255.82750978169,9191.69922903165,9234.451171875,1126296,9.130696461725508,0.0046401523125059185
2016-10-28,9234.453368813642,9319.9580078125,9223.765930287713,9319.9580078125,2188336,9.13991340206997,0.009216940344462188
2016-10-31,9341.333985949055,9384.086673618343,9298.58203125,9298.58203125,1285459,9.137617197758587,-0.002296204311383221
2016-11-01,9319.956410012532,9319.956410012532,9255.828125,9255.828125,1011162,9.133008699664805,-0.004608498093782387
2016-11-02,9255.829463648472,9277.205806067615,9106.197265625,9106.197265625,2132964,9.116710478917824,-0.01629822074698062
2016-11-03,9084.819684709822,9084.819684709822,8913.81116758009,8977.939453125,2876958,9.102525675403454,-0.014184803514369904
2016-11-04,8977.941343366549,9063.445986418848,8977.941343366549,9010.005859375,758705,9.106091000921262,0.0035653255178083043
2016-11-07,8999.317981296672,9170.326540016302,8999.317981296672,9148.9501953125,949505,9.121394418934528,0.015303418013266068
2016-11-08,9148.94854832218,9245.140616232304,9148.94854832218,9159.63671875,1256562,9.122561797356607,0.001167378422078258
2016-11-09,9159.636147201449,9159.636147201449,8785.55533636076,9020.69140625,4423442,9.107276262696615,-0.015285534659991384
2016-11-10,9106.197631878804,9170.325928745317,9084.821288599896,9127.5732421875,980369,9.119055137840244,0.011778875143628298
2016-11-11,9170.325562420192,9287.893246847098,9148.9492199952,9191.701171875,1928505,9.126056309413002,0.00700117157275848
2016-11-14,9127.5725713336,9191.700863486842,9106.19696259596,9138.2607421875,1255263,9.120225355551492,-0.005830953861510224
2016-11-15,9148.9472861883,9234.451171875,9127.57094828161,9234.451171875,1439637,9.130696461725508,0.010471106174016143
2016-11-16,9255.826826602242,9277.203162931128,9148.94661089776,9202.38671875,1698380,9.127218155343126,-0.0034783063823820015
2016-11-17,9202.38934057079,9202.38934057079,9106.197265625,9106.197265625,1202208,9.116710478917824,-0.010507676425302037
2016-11-18,9084.818638985877,9223.763363834718,9084.818638985877,9213.0751953125,956879,9.128378970946079,0.011668492028254818
2016-11-21,9234.450799386936,9277.20347347581,9148.946917149187,9213.0751953125,1400768,9.128378970946079,0
2016-11-22,9191.698858268062,9266.515304953591,9191.698858268062,9213.0751953125,1670149,9.128378970946079,0
2016-11-23,9255.83133570864,9426.839910739003,9213.079375193633,9394.775390625,3277378,9.147909004230753,0.019530033284674175
2016-11-24,9362.70893610053,9565.781240420458,9362.70893610053,9480.27734375,3897110,9.15696885049096,0.009059846260207394
2016-11-25,9490.968217996682,9490.968217996682,9384.087950223997,9394.775390625,1839636,9.147909004230753,-0.009059846260207394
2016-11-28,9394.774112565436,9394.774112565436,9234.453732716298,9298.58203125,1409019,9.137617197758587,-0.010291806472165987
2016-11-29,9298.581357056277,9298.581357056277,9127.572817688791,9223.765625,1716884,9.129538652367618,-0.008078545390969083
2016-11-30,9191.701113086228,9266.517578125,9170.325503768134,9266.517578125,998066,9.134162922189647,0.004624269822029348
2016-12-01,9234.451171875,9362.707733375082,9234.451171875,9234.451171875,868852,9.130696461725508,-0.0034664604641392316
2016-12-02,9234.45183438064,9266.516343541074,9170.324281999938,9181.01171875,933459,9.12489268655613,-0.005803775169377801
2016-12-05,9191.701169361217,9234.453121229326,9106.197265625,9106.197265625,1125207,9.116710478917824,-0.008182207638306238
2016-12-06,9148.94761019097,9159.635779522829,9042.0673828125,9042.0673828125,1430403,9.109643120029006,-0.007067358888818376
2016-12-07,9042.06835520496,9084.820304159924,8999.31640625,8999.31640625,996029,9.104903898572529,-0.004739221456476983
2016-12-08,9084.820982803254,9084.820982803254,9020.692688095312,9031.380859375,511831,9.108460553809246,0.003556655236717887
2016-12-09,9095.508732790271,9298.581045817546,9084.820562005649,9170.3251953125,1248030,9.123728027578366,0.015267473769119633
2016-12-12,9191.699923514045,9191.699923514045,9020.69140625,9020.69140625,1306562,9.107276262696615,-0.01645176488175082
2016-12-13,9020.691392012024,9052.755901244094,8935.1875,8935.1875,1263865,9.097752412264228,-0.009523850432387349
2016-12-14,8935.18750708509,9020.691399164913,8924.49933733259,8977.939453125,1386793,9.102525675403454,0.004773263139226103
2016-12-15,8977.938773861493,8999.315111749174,8935.186831056159,8945.875,993501,9.098947811169934,-0.003577864233520245
2016-12-16,8967.25189480618,8999.31640625,8935.188116332492,8999.31640625,1048768,9.104903898572529,0.00595608740259479
2016-12-19,8999.317381424687,9127.5732421875,8999.317381424687,9127.5732421875,768607,9.119055137840244,0.014151239267714999
2016-12-20,9095.5078125,9170.32426745224,9084.81964279681,9095.5078125,1031528,9.115535923643137,-0.00351921419710699
2016-12-21,9095.50652756826,9138.258467371325,9074.13019118174,9084.818359375,1326435,9.114359987165898,-0.0011759364772387926
2016-12-22,9148.947928045864,9234.451819731214,9084.81964279681,9095.5078125,2314986,9.115535923643137,0.0011759364772387926
2016-12-23,9159.635733203686,9159.635733203686,9084.819281229073,9116.8837890625,1141640,9.11788333488334,0.002347411240203101
2016-12-26,9116.885803518258,9170.325928745317,9084.821288599896,9127.5732421875,856528,9.119055137840244,0.001171802956903889
2016-12-27,9127.572817688791,9298.581357056277,9127.572817688791,9223.765625,2773763,9.129538652367618,0.010483514527374282
2016-12-28,9245.141540309774,9362.709960826827,9245.141540309774,9319.9580078125,3034823,9.13991340206997,0.010374749702352304
2016-12-29,9362.711007113498,9362.711007113498,9255.830746148664,9287.89453125,1320993,9.136467167935347,-0.003446234134623083
2016-12-30,9319.958008031832,9458.90203857422,9266.517883520111,9405.4619140625,5770138,9.149045854198684,0.012578686263337246
2017-01-03,9469.590752434038,9608.535523904582,9469.590752434038,9587.1591796875,3557117,9.168179896640783,0.01913404244209893
2017-01-04,9576.469069245952,9768.853929349145,9555.093462325662,9672.6611328125,3590439,9.177058745294788,0.008878848654005012
2017-01-05,9661.9730180784,9704.724961890151,9640.5966796875,9640.5966796875,2155436,9.173738281922242,-0.003320463372546101
2017-01-06,9661.97429978378,9726.101857523205,9608.5341796875,9608.5341796875,2808103,9.170406959600635,-0.003331322321606933
2017-01-09,9629.909123186077,9704.725579344307,9597.845346529744,9661.9736328125,1761266,9.175953216153115,0.005546256552479534
2017-01-10,9672.661095660667,9832.9814453125,9651.285488822476,9832.9814453125,3671619,9.193497467797037,0.017544251643922593
2017-01-11,9897.108386146374,9961.23666388218,9854.3564453125,9854.3564453125,2601783,9.195668915101663,0.0021714473046259286
2017-01-12,9854.358701599336,9875.735043395667,9800.918580078667,9822.294921875,1897291,9.192410072810484,-0.0032588422911796755
2017-01-13,9854.35912747846,9918.487422668748,9555.094727217373,9597.8466796875,5758937,9.16929404809676,-0.023116024713724315
2017-01-16,9597.84680208681,9597.84680208681,9405.4619140625,9405.4619140625,3146444,9.149045854198684,-0.020248193898074973
2017-01-17,9405.462155677616,9576.47070510216,9405.462155677616,9490.966796875,1830226,9.15809576174433,0.009049907545644942
2017-01-18,9555.091859072862,9555.091859072862,9362.70703125,9362.70703125,1741989,9.144489740398079,-0.01360602134625033
2017-01-19,9362.70703125,9405.458970887312,9287.890587157224,9362.70703125,2068849,9.144489740398079,0
2017-01-20,9362.7109288807,9512.343146387117,9352.022756279466,9448.21484375,2327416,9.15358109721963,0.0090913568215516
2017-01-23,9490.966858005431,9533.718812394376,9448.214170646264,9501.654296875,1607088,9.159221198941788,0.005640101722157453
2017-01-24,9555.0947265625,9597.846679029695,9469.590088657911,9555.0947265625,984898,9.164829770446529,0.005608571504740922
2017-01-25,9597.844735875746,9683.348623499254,9544.404622868544,9640.5966796875,1480929,9.173738281922242,0.008908511475713254
2017-02-03,9555.0947265625,9597.846679029695,9490.966431376606,9555.0947265625,1746413,9.164829770446529,-0.008908511475713254
2017-02-06,9512.341795111524,9512.341795111524,9448.213501584152,9469.58984375,1944446,9.155840874128126,-0.00898889631840305
2017-02-07,9458.900703344452,9555.093500263018,9458.900703344452,9512.3408203125,3228186,9.16034526829143,0.0045043941633036155
2017-02-08,9533.7177734375,9608.534235192536,9501.65326141242,9533.7177734375,2039811,9.16259003321182,0.0022447649203911624
2017-02-09,9533.71648954817,9555.092828019506,9512.34015107683,9523.0283203125,2797288,9.161468178075216,-0.001121855136604566
2017-02-10,9512.342468714793,9533.718812394376,9458.902342486055,9501.654296875,2160913,9.159221198941788,-0.002246979133428084
2017-02-13,9533.715832411664,9587.155941936458,9490.963891385823,9576.4677734375,2961684,9.1670640945658,0.007842895624012414
2017-02-14,9619.222175016002,9918.4873046875,9597.8465655203,9918.4873046875,6820416,9.202155699204397,0.03509160463859651
2017-02-15,9939.861678413725,9939.861678413725,9790.22949866603,9832.9814453125,4056379,9.193497467797037,-0.008658231407359551
2017-02-16,9832.980802782571,9886.420915841174,9683.3486328125,9683.3486328125,3914771,9.178163053591335,-0.015334414205701918
2017-02-17,9661.973027371088,9726.10057666537,9597.844745106757,9683.3486328125,2865617,9.178163053591335,0
2017-02-20,9683.349296408329,9704.725636284698,9619.221009749312,9629.9091796875,2598202,9.172629073770285,-0.00553397982105075
2017-02-21,9683.348271760577,9811.60483150708,9629.908160694536,9704.724609375,3710102,9.180368119041303,0.007739045271017986
2017-02-22,9768.852910933145,9897.108737994336,9704.72463091754,9790.228515625,4321652,9.189140076991162,0.0087719579498593
2017-02-23,9811.605838474312,9907.797901671394,9758.1657219237,9832.9814453125,3660734,9.193497467797037,0.004357390805875383
2017-02-24,9832.9814453125,9854.357785120785,9726.101212211275,9832.9814453125,3263193,9.193497467797037,0
2017-02-27,9832.982367221794,10025.367244623449,9832.982367221794,9950.55078125,6289870,9.20538318352011,0.011885715723073176
2017-02-28,9961.23733077528,10003.989274471343,9790.228823020972,9800.9169921875,2766705,9.190231230912582,-0.01515195260752833
2017-03-01,9800.919250668176,9811.607422297637,9694.039000313976,9768.85546875,2861192,9.18695459065661,-0.0032766402559722962
2017-03-02,9768.855162564623,9811.607114772289,9704.726867768037,9715.4150390625,2195007,9.181469082367094,-0.0054855082895155505
2017-03-03,9715.41503997582,9811.60711569465,9651.286745173204,9758.1669921875,1406000,9.185859853591463,0.004390771224368706
2017-03-06,9758.166629456166,9854.358701599336,9758.166629456166,9822.294921875,1822642,9.192410072810484,0.006550219219020548
2017-03-07,9832.98045797873,9832.98045797873,9736.788404440333,9790.228515625,1664426,9.189140076991162,-0.003269995819321636
2017-03-08,9768.852910933145,9832.98045797873,9736.788404440333,9790.228515625,1707333,9.189140076991162,0
2017-03-09,9790.229851264354,9811.606191842511,9726.1015625,9726.1015625,1815690,9.182568433280174,-0.006571643710987729
2017-03-10,9790.22949866603,9918.486071575537,9768.853891827845,9832.9814453125,4230852,9.193497467797037,0.010929034516863112
2017-03-13,9854.3584536218,9897.110403168484,9768.854554528438,9779.5419921875,1626610,9.188047930867581,-0.005449536929456045
2017-03-14,9790.231079038713,9875.7357191042,9768.85546875,9768.85546875,2108140,9.18695459065661,-0.0010933402109714052
2017-03-15,9768.853571159889,9811.605516403002,9715.413456363478,9736.7890625,2221096,9.183666677244048,-0.003287913412561849
2017-03-16,9747.479125491076,9811.607422297637,9726.10278223215,9768.85546875,2143603,9.18695459065661,0.003287913412561849
2017-03-17,9811.6044921875,9897.108373748137,9779.539986874766,9811.6044921875,3467687,9.191321095983364,0.004366505326753867
2017-03-20,9811.605135658125,9982.61364296457,9811.605135658125,9961.2373046875,5525406,9.206456570241325,0.01513547425796169
2017-03-21,10003.9892482716,10100.181304578338,9961.2373046875,9961.2373046875,6605564,9.206456570241325,0
2017-03-22,9982.613000784117,9993.300436265086,9854.3564453125,9854.3564453125,4242017,9.195668915101663,-0.010787655139662178
2017-03-23,9832.9801025390625,10260.5009765625,9811.604498619889,10260.5009765625,7113814,9.236056945657706,0.04038803055604312
2017-03-24,10346.007182327085,10474.263024477395,10142.934882528178,10196.375,6802860,9.22978754394874,-0.006269401708966171
2017-03-27,10174.998046875,10260.501936491068,10100.181593733394,10174.998046875,3588262,9.22768881835746,-0.00209872559127966
2017-03-28,10174.999019205943,10313.943036352168,10110.870729380713,10132.2470703125,4079237,9.223478395971558,-0.004210422385902746
2017-03-29,10132.246463630738,10217.750356297964,10089.494517297124,10153.6220703125,2124888,9.225585775030591,0.002107379059033576
2017-03-30,10153.62107175838,10228.437520211974,10068.1171875,10068.1171875,2642092,9.217128995788181,-0.00845677924240995
2017-03-31,10068.118170882602,10196.374742767384,10046.74183124511,10110.8701171875,4260381,9.221366373314847,0.004237377526665753
2017-04-03,10110.871454999746,10153.623406961337,9918.4873046875,9918.4873046875,7003913,9.202155699204397,-0.0192106741104503
2017-04-04,9907.799136896518,10046.7431640625,9907.799136896518,10046.7431640625,3444548,9.215003797690008,0.012848098485610748
2017-04-05,10046.742853465748,10046.742853465748,9950.55078125,9950.55078125,2103119,9.20538318352011,-0.009620614169897124
2017-04-07,9907.799136896518,10057.431335299158,9907.799136896518,10046.7431640625,3161086,9.215003797690008,0.009620614169897124
2017-04-10,10046.7431640625,10100.1832872756,10025.367554559372,10046.7431640625,1481597,9.215003797690008,0
2017-04-11,10046.742124660786,10110.870412476046,10003.990177107316,10036.0546875,1422503,9.213939356604588,-0.0010644410854201425
2017-04-12,10046.74310644885,10207.063475168778,10036.055668243664,10164.3115234375,4552339,9.226637993659216,0.012698637054628037
2017-04-13,10121.557979613292,10174.998094113953,10089.49420410092,10100.181640625,1822185,9.220308686887934,-0.006329306771281296
2017-04-14,10068.1185649738,10078.806735210908,9811.606144133792,9843.669921875,5070210,9.19458388005432,-0.025724806833613556
2017-04-17,9843.671204215812,9939.863282940549,9768.85546875,9768.85546875,3745846,9.18695459065661,-0.007629289397710792
2017-04-18,9768.853891827845,9832.9814453125,9694.037435468948,9832.9814453125,2094551,9.193497467797037,0.00654287714042745
2017-04-19,9832.9814453125,9918.486071575537,9811.605838474312,9832.9814453125,3975656,9.193497467797037,0
2017-04-20,9832.98076671704,9907.797217912685,9790.228823020972,9800.9169921875,1847115,9.190231230912582,-0.0032662368844551537
2017-04-21,9875.733443383147,9918.485387079212,9800.9169921875,9800.9169921875,1431526,9.190231230912582,0
2017-04-24,9800.918333445912,9843.670282992594,9758.166383899232,9779.5419921875,1635107,9.188047930867581,-0.002183300045000891
2017-04-25,9747.478820892033,9832.982725315396,9726.102478301098,9758.1669921875,2114109,9.185859853591463,-0.00218807727611825
2017-04-26,9811.605838474312,9843.669615216642,9768.853891827845,9832.9814453125,1697993,9.193497467797037,0.007637614205574295
2017-04-27,9854.359374169268,9982.61596776058,9854.359374169268,9939.86328125,3514877,9.20430854515462,0.010811077357582022
2017-05-03,9982.61560258293,10110.871458512256,9929.175479369833,10046.7431640625,2832330,9.215003797690008,0.010695252535388278
2017-05-04,10046.7431640625,10132.24780098557,10025.367554559372,10046.7431640625,2431489,9.215003797690008,0
2017-05-05,10046.740849950396,10100.180960854388,10025.36524537081,10068.1171875,1086268,9.217128995788181,0.0021251980981737972
2017-05-08,10025.367554559372,10078.807677772473,10003.99121208606,10046.7431640625,1291604,9.215003797690008,-0.0021251980981737972
2017-05-09,10089.49478188876,10324.630859375,10089.49478188876,10324.630859375,4102411,9.242287665071467,0.027283867381459714
2017-05-10,10367.38083174522,10463.573611405429,10281.876953125,10281.876953125,5509043,9.238138105331725,-0.004149559739742514
2017-05-11,10281.876953125,10346.00522857515,10185.68490643476,10281.876953125,2489529,9.238138105331725,0
2017-05-12,10281.877313451669,10346.005591149184,10260.5009765625,10260.5009765625,1856666,9.236056945657706,-0.0020811596740184513
2017-05-15,10260.502925491352,10260.502925491352,10207.062806087752,10217.7509765625,1778506,9.231881778539009,-0.004175167118697587
2017-05-16,10217.750356297964,10324.630588617045,10142.934633456664,10153.6220703125,2241461,9.225585775030591,-0.006296003508417414
2017-05-17,10153.622686684152,10260.502925491352,10100.182567280552,10217.7509765625,1944517,9.231881778539009,0.006296003508417414
2017-05-18,10249.8131680556,10410.13348997968,10185.684892691974,10239.125,3192477,9.233971445723757,0.002089667184748123
2017-05-19,10239.127571046303,10346.0078125,10217.751229567502,10346.0078125,2521973,9.244356005685928,0.010384559962171025
2017-05-22,10367.3828125,10484.951217792475,10367.3828125,10367.3828125,6037939,9.246419888704832,0.0020638830189039226
2017-05-23,10399.44727148297,10559.767623461914,10367.382761305118,10442.19921875,7255036,9.253610492389345,0.007190603684513519
2017-05-24,10517.01598919225,10527.7034265995,10442.199529520753,10495.6396484375,4581658,9.258715178319113,0.005104685929767427
2017-05-25,10790.216224936736,10790.216224936736,10652.201666930074,10689.841796875,5231421,9.277049204739797,0.018334026420683713
2017-05-26,10689.841872348356,10689.841872348356,10539.280603297047,10564.3740234375,2651861,9.265242678265226,-0.011806526474570589
2017-05-29,10564.37394884998,10714.935216838285,10564.37394884998,10689.841796875,1936456,9.277049204739797,0.011806526474570589
2017-05-30,10614.560178282847,10953.322052633031,10614.560178282847,10790.21484375,5706109,9.286394969430226,0.009345764690429803
2017-05-31,10790.21484375,10928.228635881796,10790.21484375,10790.21484375,3245594,9.286394969430226,0
2017-06-01,10815.309748040936,10915.683428851296,10815.309748040936,10903.13671875,2403388,9.296805799181096,0.010410829750869155
2017-06-02,10940.775199656038,10965.869364284114,10815.308117558126,10852.9482421875,2470651,9.292192049447957,-0.004613749733138661
2017-06-05,10940.775199656038,10953.321907865831,10827.854825767918,10852.9482421875,2035320,9.292192049447957,0
2017-06-06,10865.494779052824,11241.897515827828,10865.494779052824,11116.4296875,4524199,9.316179444982172,0.02398739553421514
2017-06-07,11241.900639429936,11241.900639429936,11053.69921875,11053.69921875,2572996,9.310520421850217,-0.005659023131954655
2017-06-08,11041.152995538194,11128.979979908856,10965.872723220484,11091.33984375,1924854,9.313919888533734,0.00339946668351665
2017-06-09,11091.336629596604,11417.552544856826,11091.336629596604,11329.7255859375,4792487,9.335185133599659,0.021265245065924532
2017-06-12,11292.086905749027,11342.274497373695,11191.713218916992,11216.806640625,1688441,9.325168525431655,-0.010016608168003316
2017-06-13,11292.087311718264,11517.92961162705,11292.087311718264,11379.9150390625,4805342,9.339605241840722,0.014436716409067074
2017-06-14,11492.83296415333,11492.83296415333,11317.178295526346,11342.2724609375,2383328,9.336291950586403,-0.0033132912543187842
2017-06-15,11354.821779606422,11392.4619140625,11304.634185456296,11392.4619140625,1877834,9.34070718006135,0.004415229474947324
2017-06-16,11417.55534153876,11480.288898990311,11367.368495577515,11467.7421875,1844126,9.347293345716377,0.006586165655026122
2017-06-19,11543.021499987954,11643.395177087348,11530.47479035053,11618.3017578125,3639584,9.360336871516305,0.013043525799927735
2017-06-20,11668.490064449545,11668.490064449545,11543.02295228948,11580.6630859375,2326660,9.357092010794831,-0.0032448607214732306
2017-06-21,11618.303215747968,11919.42578125,11555.569659688656,11919.42578125,5930644,9.385924766745072,0.028832755950240596
2017-06-22,11869.23829150656,12120.173250318328,11869.23829150656,11944.5185546875,3800154,9.388027753772874,0.0021029870278024276
2017-06-23,11944.520019017436,11994.706867290684,11844.145574262218,11906.8798828125,2319790,9.384871653453075,-0.003156100319799293
2017-06-26,12007.250841223187,12007.250841223187,11668.488196212817,11718.67578125,4201227,9.368939068799433,-0.015932584653642223
2017-06-27,11668.49031955366,11693.58449074297,11405.008630048447,11467.7421875,8604916,9.347293345716377,-0.021645723083056012
2017-06-28,11517.929211551576,11643.39632024427,11455.194908996578,11630.849609375,2870961,9.361416296101115,0.01412295038473843
2017-06-29,11618.301444055618,11706.129157354344,11618.301444055618,11668.48828125,2229659,9.364647178007967,0.0032308819068518346
2017-06-30,11668.488689875585,11756.31640625,11492.834005335337,11756.31640625,3411690,9.372145941624563,0.007498763616595738
2017-07-03,11756.317631998863,11756.317631998863,11618.303062282732,11643.396484375,2023382,9.362494472912076,-0.009651468712487343
2017-07-04,11668.490788739164,11718.67838492712,11618.303940759928,11693.5849609375,2816797,9.366795676480795,0.004301203568719103
2017-07-05,11668.488196212817,11718.67578125,11655.94148700566,11718.67578125,1552542,9.368939068799433,0.0021433923186382486
2017-07-06,11731.224690593404,12019.7998046875,11693.5845559127,12019.7998046875,5876357,9.39431055276643,0.025371483966997843
2017-07-07,12069.986023695325,12396.2019835047,12044.892603434386,12195.453125,7472500,9.408818466581296,0.014507913814865603
2017-07-10,12095.080078125,12220.54793421681,11944.518800456555,12095.080078125,5546424,9.400554043784922,-0.008264422796374404
2017-07-11,12019.79881786844,12069.9864081977,11793.957280116989,11944.5185546875,3137387,9.388027753772874,-0.012526290012047525
2017-07-12,12019.798244984246,12069.985832921477,11806.503427928948,12032.345703125,2316279,9.395353777752016,0.007326023979141283
2017-07-14,12258.187983672868,12283.28140507978,12145.266839133124,12220.5478515625,1652047,9.410874064090736,0.015520286338720268
2017-07-17,12220.547267791062,12220.547267791062,11969.611569291772,12044.892578125,2764189,9.396395996630208,-0.014478067460528266
2017-07-18,11944.51823733777,12044.89266712084,11881.78468635373,11994.705078125,2646701,9.392220587904,-0.004175408726208474
2017-07-19,11994.70281730851,12120.170643836447,11693.58108113332,11768.861328125,3004907,9.373212451999594,-0.01900813590440542
2017-07-20,11693.583665393517,11768.863929021993,11593.209232346908,11743.7705078125,2737168,9.371078209434865,-0.0021342425647290497
2017-07-21,11793.959084911025,11869.240107820624,11593.2109375,11593.2109375,2025305,9.358174941752003,-0.012903267682862207
2017-07-24,11593.208025458429,11693.582448055748,11543.021188264043,11668.48828125,1822753,9.364647178007967,0.006472236255964603
2017-07-25,11668.488196212817,11768.862618078632,11593.207940969867,11718.67578125,1809014,9.368939068799433,0.004291890791465747
2017-07-26,11718.676705586622,11994.705078125,11718.676705586622,11994.705078125,2143527,9.392220587904,0.02328151910456633
2017-07-27,12044.893234971734,12208.000475219847,11969.612222033187,12095.080078125,3798261,9.400554043784922,0.008333455880922713
2017-07-28,12095.079280275277,12207.99966992135,12019.798272302629,12182.90625,4921029,9.407789121175822,0.007235077390900457
2017-07-31,12170.35985742613,12195.453278001884,12069.986175123118,12132.7197265625,2025458,9.40366119169131,-0.004127929484512904
2017-08-01,12157.813558949889,12408.74926962439,12095.080005385582,12295.828125,4445120,9.41701530699777,0.013354115306460912
2017-08-02,12333.466877121524,12521.668264964836,12220.54649334067,12396.201171875,6565657,9.425145347549348,0.008130040551577622
2017-08-03,12471.482760117227,12822.792154717956,12421.295917519592,12571.8564453125,6102724,9.439215979248424,0.01407063169907552
2017-08-04,12622.043287910135,12647.136709208957,12433.842628169,12571.8564453125,2525273,9.439215979248424,0
2017-08-07,12571.855619438436,12571.855619438436,12471.48194083694,12509.1220703125,2341774,9.434213422765936,-0.005002556482487819
2017-08-08,12509.12278801954,12546.762919654691,12283.28125,12283.28125,4459135,9.415994368777561,-0.018219053988374867
2017-08-09,12270.734454351455,12270.734454351455,12082.533049272335,12145.2666015625,5625228,9.404694792744332,-0.011299576033229286
2017-08-10,12044.890922829289,12283.279130254845,12044.890922829289,12270.732421875,2664929,9.414972228007807,0.010277435263475354
2017-08-11,12295.82788105344,12421.295733901436,12195.453449133318,12408.7490234375,1674580,9.426157069204422,0.01118484119661467
2017-08-14,12546.763755299751,12546.763755299751,12346.015625,12346.015625,2360887,9.421088668545135,-0.005068400659286709
2017-08-15,12346.01267215407,12346.01267215407,12170.358006627741,12270.732421875,2505763,9.414972228007807,-0.006116440537327961
2017-08-16,12270.734133991416,12270.734133991416,12157.812994608596,12195.453125,2486650,9.408818466581296,-0.0061537614265105844
2017-08-17,12297.937220469972,12349.17840910919,12144.212890625,12144.212890625,1954165,9.40460803000094,-0.004210436580356358
2017-08-18,12144.211439990788,12246.693805027637,12016.1077197675,12169.83203125,1111135,9.406715384016975,0.0021073540160347903
2017-08-21,12297.93603260198,12297.93603260198,12169.832309450265,12233.8837890625,1086190,9.411964740743375,0.005249356726400478
2017-08-22,12221.075907870603,12233.886206324203,12067.3515625,12067.3515625,1272346,9.398258866858209,-0.013705873885166753
2017-08-23,12041.728543056715,12169.832265748411,12041.728543056715,12092.9697265625,1579441,9.40037954839692,0.0021206815387113664
2017-08-24,12144.211468231128,12246.693833506291,12092.96952166632,12221.0732421875,1324556,9.410917055561969,0.010537507165048865
2017-08-25,12246.693805027637,12259.504100657245,12169.83203125,12169.83203125,1143652,9.406715384016975,-0.004201671544993957
2017-08-28,12118.592318463136,12195.4541015625,12105.78202127991,12195.4541015625,1737721,9.408818546657244,0.0021031626402692183
2017-08-29,12169.832309450265,12323.556624446874,12157.022013527816,12233.8837890625,2528357,9.411964740743375,0.00314619408613126
2017-08-30,12208.262473884668,12272.31394970189,12182.64188355778,12246.693359375,983570,9.413011249688315,0.0010465089449400722
2017-08-31,12246.692229702898,12502.89963719283,12246.692229702898,12426.037109375,3404454,9.427549317048843,0.014538067360527762
2017-09-01,12451.66015625,12464.470452761518,12374.798377180894,12451.66015625,820344,9.429609238886616,0.0020599218377732598
2017-09-05,12451.657697338567,12451.657697338567,12361.98563946608,12426.037109375,1365805,9.427549317048843,-0.0020599218377732598
2017-09-06,12413.22921667438,12413.22921667438,12246.694598768718,12349.177734375,1558953,9.421344759627011,-0.00620455742183168
2017-09-07,12297.936787031404,12374.798567281254,12272.3154296875,12272.3154296875,1465402,9.415101226478109,-0.006243533148902358
2017-09-08,12297.9357800711,12297.9357800711,12221.0732421875,12221.0732421875,1459876,9.410917055561969,-0.004184170916140317
2017-09-11,12221.073438241816,12349.17716081808,12118.5910713226,12131.4013671875,2574858,9.403552524299549,-0.00736453126241976
2017-09-12,12169.832325426583,12323.556640625,12144.211733548054,12323.556640625,2606490,9.419267883787462,0.01571535948791336
2017-09-13,12374.796429366448,12656.624436114173,12374.796429366448,12490.08984375,5937361,9.432690796348355,0.013422912560892897
2017-09-14,12554.144003005138,12554.144003005138,12387.609375,12387.609375,2616901,9.424452008064451,-0.008238788283904341
2017-09-15,12374.798327294751,12426.039513134256,12297.936548535496,12349.177734375,2425555,9.421344759627011,-0.0031072484374394804
2017-09-18,12387.609375,12400.419672236756,12297.937294342715,12387.609375,2453064,9.424452008064451,0.0031072484374394804
2017-09-19,12426.039538284109,12515.712377612006,12400.4189453125,12400.4189453125,2654273,9.425485536934696,0.001033528870244993
2017-09-20,12464.470703125,12490.092060589948,12387.608922512036,12464.470703125,1927846,9.430637532410687,0.0051519954759911
2017-09-21,12528.52031873569,12707.865199747372,12490.089436503284,12656.6240234375,8145037,9.44593599532142,0.015298462910733335
2017-09-22,12707.867412361247,12797.53948651666,12656.626227129584,12669.4365234375,4257071,9.44694779903794,0.0010118037165192106
2017-09-25,12746.299000748351,12746.299000748351,12515.712890625,12515.712890625,2274816,9.434740165138077,-0.012207633899862458
2017-09-26,12515.71266434963,12554.1435546875,12426.039822967306,12554.1435546875,2683340,9.437806053788002,0.0030658886499246307
2017-09-27,12554.1435546875,12656.626692849117,12477.28177401176,12554.1435546875,2652746,9.437806053788002,0
2017-09-28,12554.14330433633,12618.194786955484,12400.418982123085,12541.3330078125,2364337,9.436785109000935,-0.0010209447870668242
2017-09-29,12528.520727235466,12554.141316225776,12451.65819633738,12490.08984375,1207739,9.432690796348355,-0.004094312652579646
2017-10-02,12490.091759360908,12541.332945200413,12310.746844995372,12349.177734375,2782081,9.421344759627011,-0.011346036721343822
2017-10-03,12349.177721868087,12349.177721868087,12208.263697024891,12259.5048828125,3321833,9.414056823912277,-0.007287935714733962
2017-10-04,12272.314442788333,12349.176980784438,12246.69385143204,12310.74609375,1582799,9.41822782609491,0.004171002182632222
2017-10-05,12400.419422081664,12541.333452770614,12297.93704625501,12374.798828125,2009856,9.423417330991624,0.005189504896714325
2017-10-06,12374.796429366448,12502.900138245155,12374.796429366448,12490.08984375,1740224,9.432690796348355,0.009273465356731236
2017-10-09,12554.143530769536,12554.143530769536,12451.660392803173,12502.90234375,1788679,9.433716083839046,0.0010252874906910847
2017-10-10,12490.09258895686,12631.005859375,12490.09258895686,12631.005859375,3769652,9.443909852662317,0.010193768823270943
2017-10-11,12656.62749285986,12938.455567672852,12631.006133754488,12784.73046875,7758222,9.456006805668881,0.012096953006563993
2017-10-12,12810.34919830261,13169.039006412171,12810.34919830261,13066.556640625,6120220,9.47781131671466,0.021804511045779407
2017-10-13,13117.7978515625,13143.418443064063,12964.074302553105,13117.7978515625,3293713,9.481725201730562,0.003913885015901286
2017-10-16,13066.557665239174,13322.765127652072,13040.93707178334,13169.0400390625,3815451,9.485623902108248,0.0038987003776860263
2017-10-17,13194.662109375,13194.662109375,13040.938531433982,13194.662109375,2629633,9.487567641135126,0.0019437390268777222
2017-10-18,13169.039432036165,13297.143921264937,12938.4541015625,12938.4541015625,3777346,9.467959094269226,-0.019608546865899967
2017-10-19,12938.454602046597,13117.798754907932,12835.970701128406,12964.0751953125,2984053,9.46993736456184,0.001978270292614326
2017-10-20,12887.212890625,12989.69679951914,12810.351104845411,12887.212890625,2342079,9.463990849949024,-0.005946514612816145
2017-10-23,12887.212569517123,12887.212569517123,12631.005859375,12631.005859375,3407874,9.443909852662317,-0.020080997286706648
2017-10-24,12631.005859375,12759.109596409724,12592.57496744278,12631.005859375,2684988,9.443909852662317,0
2017-10-25,12682.246122273891,12759.107895894304,12631.00417593306,12733.4873046875,2346415,9.451990597844615,0.008080745182297733
2017-10-26,12759.109352325204,12784.729946456557,12554.143835347077,12707.8681640625,3327604,9.449976621088073,-0.002013976756542135
2017-10-27,12656.627042740132,12861.591796875,12592.57479314567,12861.591796875,2244070,9.462000769048817,0.012024147960744358
2017-10-30,12861.591774381604,13015.316867568536,12784.729991715449,12810.3505859375,5212461,9.458008762661283,-0.003992006387534275
2017-10-31,12810.348692943187,13169.038486902684,12707.866331198871,12912.8310546875,4940631,9.465976751409984,0.007967988748701416
2017-11-01,12938.452684717313,13066.55563206346,12912.830567393738,13015.314453125,2772281,9.473881977960847,0.007905226550862565
2017-11-02,13040.936470661907,13169.039432036165,12759.108427784027,12938.4541015625,3800978,9.467959094269226,-0.005922883691621195
2017-11-03,12810.34919830261,13066.556640625,12656.625649621852,13066.556640625,3665079,9.47781131671466,0.009852222445434933
2017-11-06,13169.0400390625,13271.522412885828,13040.93707178334,13169.0400390625,4911106,9.485623902108248,0.007812585393587312
2017-11-07,13194.659626067198,13194.659626067198,13040.936077057802,13117.7978515625,3486159,9.481725201730562,-0.0038987003776860263
2017-11-08,13117.797561864532,13578.9697265625,13066.556379993028,13578.9697265625,10338057,9.516277531265755,0.03455232953519349
2017-11-09,13681.454550559018,13707.075143240829,13425.24709588638,13476.48828125,5253405,9.508701837266438,-0.007575693999317679
2017-11-10,13450.868619301384,13655.834902793047,13374.0068359375,13374.0068359375,4182023,9.50106831375014,-0.007633523516297203
2017-11-13,13374.006494667476,14040.144989198954,13297.144713264906,13835.1787109375,14561757,9.534969809444249,0.033901495694108164
2017-11-14,13963.282161860649,14219.48963656638,13707.076215009569,13809.55859375,13226941,9.53311628309382,-0.0018535263504286803
2017-11-15,13860.79811387609,14603.798325974643,13835.177522276448,14578.177734375,14246082,9.58728101382661,0.054164730732789934
2017-11-16,14706.280214631874,15039.349422461755,14501.315488493126,14603.7978515625,11400066,9.589036900688662,0.0017558868620515256
2017-11-17,14680.661059638278,14680.661059638278,14321.97122596106,14526.9375,12000943,9.583759963530042,-0.0052769371586194325
2017-11-20,14373.212966355451,14860.007313010296,14321.971777834864,14834.38671875,11610006,9.604703191711986,0.020943228181943496
2017-11-21,14911.248485812494,15064.972051212211,14655.041015625,14655.041015625,10337416,9.592539651887238,-0.012163539824747716
2017-11-22,14603.798413980154,14860.005859375,14603.798413980154,14860.005859375,7927280,9.606428712576854,0.013889060689615818
2017-11-23,14860.00678747934,15064.97153431302,14655.040512791087,14757.5244140625,10796654,9.59950836146296,-0.006920351113894441
2017-11-24,14731.902813854196,14860.007313010296,14603.799842552726,14834.38671875,7238682,9.604703191711986,0.005194830249026339
2017-11-27,14860.006859916795,15295.558476916103,14860.006859916795,14911.248046875,8103238,9.609871109612829,0.005167917900843477
2017-11-28,14860.00585376379,14911.247037252517,14655.039591954412,14731.9013671875,6999553,9.597770582401862,-0.01210052721096666
2017-11-29,14860.006927282182,15295.558546255994,14706.281837856104,15193.076171875,11740624,9.628595088047666,0.030824505645803413
2017-11-30,15346.800690114947,15372.4212853073,14962.490234375,14962.490234375,9168025,9.613301697192666,-0.0152933908549997
2017-12-01,14911.249043990298,15013.731424759702,14783.146068028544,14962.490234375,5585231,9.613301697192666,0
2017-12-04,14988.10795572305,15141.833025256345,14936.866775163417,15064.9697265625,6730471,9.620127442041142,0.0068257448484754235
2017-12-05,15064.97156167832,15193.076056536644,14680.661132812502,14680.6611328125,10865688,9.594286337449532,-0.02584110459160982
2017-12-06,14603.8017420605,14680.66353483875,14347.594238278174,14552.560546875,10753603,9.585522239719609,-0.008764097729923037
2017-12-07,14552.55659986109,14731.900734367766,14296.349165568568,14373.2109375,5054883,9.573121401398456,-0.012400838321152463
2017-12-08,14347.591242465533,14475.695731535574,14117.005912277573,14219.48828125,5875014,9.562368716862327,-0.010752684536129209
2017-12-11,13963.2811231039,14142.62680041242,13707.0751953125,13707.0751953125,8354825,9.525667416122257,-0.03670130074007005
2017-12-12,13860.797793718926,14014.5228676205,13015.31523475079,13758.3154296875,9507728,9.529398678824702,0.0037312627024448375
2017-12-13,13912.04244971038,14040.146964593074,13758.318865276931,14014.5263671875,4964141,9.54784966832127,0.01845098949656787
2017-12-14,13963.279930437307,14321.9697265625,13963.279930437307,14321.9697265625,3897247,9.569549981793006,0.02170031347173662
2017-12-15,14347.591795058554,14552.558068752129,14219.488828909176,14475.6962890625,4920724,9.58022640415562,0.010676422362614346
2017-12-18,14603.79923042979,14655.040416802589,14373.21236389764,14424.455078125,5476780,9.57668031444959,-0.003546089706031097
2017-12-19,14424.45500459327,14526.93737681644,14065.765173957623,14142.626953125,7582935,9.55694870388729,-0.01973161056229955
2017-12-20,14142.62702522005,14603.79923042979,14142.62702522005,14424.455078125,5986335,9.57668031444959,0.01973161056229955
2017-12-21,14552.558548170677,14706.28211261419,14373.212861798624,14450.076171875,5634815,9.57845496493672,0.0017746504871301028
2017-12-22,14450.07576836564,14706.28170195044,14398.834581648682,14629.419921875,5306745,9.590789843322076,0.012334878385356518
2017-12-25,14680.661106145297,14885.62738083355,14680.661106145297,14757.5244140625,7309182,9.59950836146296,0.008718518140883091
2017-12-26,14860.006789955894,14860.006789955894,14629.419921875002,14629.419921875,3804489,9.590789843322076,-0.008718518140883091
2017-12-27,14731.90224618437,14731.90224618437,14501.316906726954,14526.9375,5199881,9.583759963530042,-0.007029879792034066
2017-12-28,14526.938044458568,14757.524920412774,14475.696855991991,14655.041015625,5850771,9.592539651887238,0.00877968835719578
2017-12-29,14655.04051523348,14757.524416521976,14603.79932851652,14629.419921875,4762627,9.590789843322076,-0.0017498085651617146
2018-01-02,14680.659897542017,15321.177734375,14655.039306297052,15321.177734375,15333860,9.636991315951748,0.046201472629672224
2018-01-03,15500.523400944194,15551.76458343412,15244.31596064011,15321.177734375,8640456,9.636991315951748,0
2018-01-04,15372.420463604378,15628.627929687498,15346.799869781527,15628.6279296875,8502663,9.656859635153257,0.019868319201508555
2018-01-05,15628.62737892928,15654.247971849254,15346.799328955029,15372.419921875,8706161,9.640330268633702,-0.0165293665195545
2018-01-08,15269.936643341176,15603.005859374998,15193.074869145938,15603.005859375,7721736,9.655218857969857,0.014888589336154112
2018-01-09,15628.630871421305,15961.70018166569,15449.285153048992,15910.458984375,12243523,9.67473196971364,0.019513111743783895
2018-01-10,15884.83496222248,16141.040893458316,15654.248096255666,15756.73046875,7971002,9.665022884322948,-0.009709085390692707
2018-01-11,15654.248096255666,15859.214369098896,15551.765723761331,15756.73046875,7389299,9.665022884322948,0
2018-01-12,15833.590143018388,15884.832850307312,15423.6591796875,15423.6591796875,8625250,9.643657919853565,-0.02136496446938274
2018-01-15,15398.04105742723,15679.869117333204,15295.558682135825,15628.6279296875,7010331,9.656859635153257,0.01320171529969194
2018-01-16,15603.007335864648,15756.730898801758,15449.282245072936,15628.6279296875,4617659,9.656859635153257,0
2018-01-17,15628.62926852024,15654.24986453789,15116.2158203125,15116.2158203125,6897971,9.623523341974792,-0.03333629317846487
2018-01-18,14936.870120334212,15116.2158203125,14757.52594821066,15116.2158203125,10119323,9.623523341974792,0
2018-01-19,15116.211961080951,15321.176676893812,15090.58984375,15090.58984375,6114693,9.621826639384311,-0.0016967025904808253
2018-01-25,15756.7333679131,16038.561471982095,15603.0097808872,15654.2509765625,16390556,9.658497786979488,0.03667114759517709
2018-01-26,15884.836367855893,15884.836367855893,15500.525909140326,15577.3876953125,4982216,9.653575634975763,-0.004922152003725699
2018-01-29,15603.008303449624,15859.215785420867,15346.80082147838,15449.283203125,4077419,9.645317886629886,-0.008257748345876337
2018-01-30,15321.17492227832,16397.244140625,15244.313162650878,16397.244140625,14409309,9.70486855948616,0.05955067285627358
2018-01-31,16602.213229438905,16781.55736622431,16115.4189453125,16115.4189453125,12178703,9.687531791138579,-0.017336768347581355
2018-02-01,16115.421808698102,16269.146909682451,15782.3525390625,15782.3525390625,6370585,9.66664766687879,-0.020884124259788805
2018-02-02,15782.35149262461,15833.592680270314,15500.52496057324,15628.6279296875,5102849,9.656859635153257,-0.009788031725532775
2018-02-05,15398.040778338547,15577.38645970248,14629.419921875002,14629.419921875,11464581,9.590789843322076,-0.06606979183118078
2018-02-06,13630.21245558128,14475.696635994173,13630.21245558128,13886.419921875,16221529,9.538666657521038,-0.052123185801038474
2018-02-07,14603.799759269234,14680.661541611784,14347.592290272782,14501.3173828125,5718596,9.581994778268761,0.04332812074772363
2018-02-08,14347.591697571335,14603.799155983816,14091.385767013417,14142.626953125,5217987,9.55694870388729,-0.025046074381471328
2018-02-09,13450.869725558576,14091.387695312498,13450.869725558576,14091.3876953125,6533842,9.55331908799999,-0.0036296158873003748
2018-02-12,14424.455175007162,14629.419921875002,13963.281438845375,14629.419921875,3560108,9.590789843322076,0.037470755322086546
2018-02-13,14911.249524316563,15193.077608365453,14808.767140245962,15116.2158203125,4422160,9.623523341974792,0.03273349865271591
2018-02-21,15398.041426685792,15449.282615560303,15116.214887875974,15218.697265625,4807174,9.630280034166594,0.006756692191801861
2018-02-22,15193.077118960842,15244.318309345545,14911.249043990298,14962.490234375,4375476,9.613301697192666,-0.01697833697392781
2018-02-23,14988.112332800922,15526.14794151197,14988.112332800922,15500.52734375,4907167,9.648629324506016,0.03532762731335026
2018-02-26,15628.625886591168,15833.590610379388,15474.902343750002,15474.90234375,7534633,9.646974786951303,-0.0016545375547138974
2018-02-27,15551.76458343412,15577.385174679084,15244.31596064011,15321.177734375,4322197,9.636991315951748,-0.0099834709995541
2018-03-01,15218.69783198766,15679.8700768754,15141.836045815486,15577.3876953125,6455313,9.653575634975763,0.01658431902401425
2018-03-02,15500.5273895366,15705.4921722378,15372.422872493506,15654.2509765625,5620801,9.658497786979488,0.004922152003725699
2018-03-05,15705.489282502833,16525.351318166628,15705.489282502833,15756.73046875,18396810,9.665022884322948,0.006525097343459407
2018-03-06,16012.935130154763,16217.901367187502,15807.968893122028,16217.9013671875,7869848,9.693870933798223,0.028848049475275417
2018-03-07,16269.141422933417,16320.382596695605,15756.726629603152,15936.072265625,6107732,9.676340514554623,-0.017530419243600548
2018-03-08,15884.831091862812,16012.934026268284,15705.485455840962,15936.072265625,4019896,9.676340514554623,0
2018-03-09,16064.180617654887,16166.662999741318,15756.731943540894,15782.3525390625,6315352,9.66664766687879,-0.009692847675832894
2018-03-12,15884.831498387386,16038.555023608043,15731.1064453125,15731.1064453125,4919533,9.663395333395028,-0.003252333483761305
2018-03-13,15679.866091456735,15679.866091456735,15218.693963787093,15398.0380859375,12700471,9.641995383268986,-0.021399950126042455
2018-03-14,15398.041999722733,15577.3876953125,15218.69783198766,15577.3876953125,6320909,9.653575634975763,0.011580251706776679
2018-03-15,15628.630831821716,15654.251430402144,15449.285113903828,15526.1484375,3631310,9.650280877495732,-0.003294757480031052
2018-03-16,15526.142558184956,15577.383735942218,15295.55573042298,15398.0380859375,4356637,9.641995383268986,-0.008285494226745627
2018-03-19,15423.664022609251,15526.14794151197,15346.802229323344,15500.52734375,4082518,9.648629324506016,0.006633941237030427
2018-03-20,15423.662165080095,15961.69770899352,15372.420975727322,15705.490234375,8919858,9.66176562666385,0.013136302157834123
2018-03-21,15705.489711156057,15833.592680270314,15628.627929687498,15628.6279296875,3051621,9.656859635153257,-0.004905991510593566
2018-03-22,15628.624913699476,15731.107269213995,15398.0380859375,15398.0380859375,3861616,9.641995383268986,-0.014864251884270985
2018-03-23,15116.216337305408,15269.939918668844,14860.008840511566,15013.732421875,8651875,9.61672055606625,-0.025274827202736105
2018-03-26,15013.730960432938,15218.697243487475,15013.730960432938,15167.4560546875,2872610,9.626907362478319,0.010186806412068705
2018-03-27,15346.798774225535,15398.039958213309,15116.213446280575,15244.31640625,3032661,9.631962017895507,0.005054655417188414
2018-03-28,15141.83255055756,15218.694318987382,15064.969254273394,15090.58984375,2016481,9.621826639384311,-0.010135378511195725
2018-03-29,15218.695814256114,15295.557590237768,15116.213446280575,15244.31640625,2525884,9.631962017895507,0.010135378511195725
2018-03-30,15269.937574575766,15705.489182765285,15218.696388654009,15551.765625,7434120,9.65192945617771,0.01996743828220282
2018-04-02,15756.73046875,15807.971654997167,15628.627503132082,15756.73046875,6701312,9.665022884322948,0.01309342814523795
2018-04-03,15679.8720703125,15731.113267608423,15603.010274368617,15679.8720703125,3483044,9.660133135090025,-0.0048897492329231795
2018-04-04,15884.832043100305,16089.79675042304,15782.348161584658,15807.96875,7016193,9.668269443138529,0.008136308048504404
2018-04-05,15884.834121388443,16320.385709288816,15756.72963469694,16141.0400390625,8775317,9.689120378351486,0.02085093521295711
2018-04-06,16448.492125776782,16474.112722929913,16064.181640625,16064.181640625,11035173,9.684347329737351,-0.004773048614135078
2018-04-09,16038.557181771112,16294.764619468611,16038.557181771112,16243.5234375,4586607,9.69544955062035,0.011102220882998282
2018-04-10,16294.767655807762,16704.698715796956,16269.147060049358,16499.732421875,13709079,9.711099442901117,0.015649892280768185
2018-04-11,16602.213746584755,16755.937297189186,16141.0400390625,16141.0400390625,10064670,9.689120378351486,-0.02197906454963139
2018-04-12,16141.03860705434,16294.763671875,15910.453301604864,16294.763671875,4033666,9.69859908805971,0.009478709708224287
2018-04-13,16371.625745122004,16371.625745122004,15884.8330078125,15884.8330078125,6554421,9.673120034077538,-0.025479053982172317
2018-04-16,15884.837884956194,15987.320276306797,15603.0097808872,15654.2509765625,3606029,9.658497786979488,-0.014622247098049712
2018-04-17,15756.728530101513,15884.8330078125,15603.004990273575,15884.8330078125,3374013,9.673120034077538,0.014622247098049712
2018-04-18,15961.694777726469,16115.418317554404,15859.212417841176,15884.8330078125,3808123,9.673120034077538,0
2018-04-19,15884.834861345997,15910.455454306875,15551.765625,15551.765625,7258742,9.65192945617771,-0.021190577899828256
2018-04-20,15628.62845034584,15756.731423727771,15449.282759756485,15705.490234375,2969428,9.66176562666385,0.009836170486140716
2018-04-23,15705.488442967173,15807.97080998332,14655.039597488229,14860.005859375,4462127,9.606428712576854,-0.055336914086996813
2018-04-24,14706.28211261419,14988.110175281916,14373.212861798624,14450.076171875,5651120,9.57845496493672,-0.02797374764013405
2018-04-26,14578.180557841004,14783.146858189975,14091.387695312498,14091.3876953125,6203603,9.55331908799999,-0.02513587693673003
2018-04-27,14091.384508361214,14706.280214631874,14065.76391759387,14603.7978515625,4878192,9.589036900688662,0.03571781268867191
2018-05-02,14808.764105555669,14860.005287090353,14552.556670027814,14603.7978515625,4183488,9.589036900688662,0
2018-05-03,14552.55723047208,14860.005859375,14270.729193323195,14860.005859375,6603700,9.606428712576854,0.017391811888192166
2018-05-04,14988.10795572305,15116.212434976524,14911.246184883596,15064.9697265625,3575893,9.620127442041142,0.013698729464287851
2018-05-07,15064.970266005192,15269.9365234375,15013.729083610726,15269.9365234375,2680867,9.633641241258228,0.013513799217086842
2018-05-08,15167.4570123478,15269.939396418402,15064.973100422463,15116.2158203125,3401950,9.623523341974792,-0.010117899283436316
2018-05-09,15013.731424759702,15141.83592857614,14885.628448797946,14962.490234375,3067712,9.613301697192666,-0.01022164478212595
2018-05-10,14962.487778487082,15218.695216212323,14860.005414538757,14936.8671875,4720706,9.611587743759749,-0.0017139534329171369
2018-05-11,14860.00599848724,15244.31640625,14860.00599848724,15244.31640625,3571100,9.631962017895507,0.020374274135757986
2018-05-14,15398.042078383683,15807.973134584108,15269.939100775646,15782.3525390625,6144798,9.66664766687879,0.034685648983282746
2018-05-15,15884.831498387386,15884.831498387386,15628.624095165394,15731.1064453125,2780921,9.663395333395028,-0.003252333483761305
2018-05-16,15628.630332559853,15731.112723607734,15500.52734375,15500.52734375,2054616,9.648629324506016,-0.014766008889012028
2018-05-17,15474.907240339142,15731.113226143432,15474.907240339142,15526.1484375,2197416,9.650280877495732,0.0016515529897151993
2018-05-18,15526.14650453105,15628.62888609395,15064.972731788615,15577.3876953125,2991961,9.653575634975763,0.003294757480031052
2018-05-21,15679.869117333204,15987.317771062026,15628.627929687498,15628.6279296875,4530489,9.656859635153257,0.003284000177494306
2018-05-22,15628.629835032403,15756.732819764178,15244.319352982291,15295.560546875,3363113,9.635317904940905,-0.02154173021235195
2018-05-23,15372.42331816254,15628.630831821716,15244.320325260396,15526.1484375,3288583,9.650280877495732,0.014962972554826592
2018-05-24,15603.006222018876,15679.867998000527,15244.31640625,15244.31640625,3162118,9.631962017895507,-0.018318859600224613
2018-05-25,15415.156693048752,15415.156693048752,14780.4150390625,14780.4150390625,2093089,9.601058275235294,-0.030903742660212785
2018-05-28,14266.576348015196,14568.83541731937,13752.73828125,13752.73828125,5402828,9.528993230994713,-0.07206504424058124
2018-05-29,13752.740308170862,14568.837564519135,13556.272276009076,14327.0302734375,6240557,9.569903260925097,0.04091002993038373
2018-05-30,14296.801273398492,14296.801273398492,13722.511463680228,13737.6240234375,4224038,9.527893626764845,-0.04200963416025161
2018-05-31,13616.72415676882,14115.449737538403,13601.6115928539,13903.869140625,2933871,9.539922435825742,0.012028809060897316
2018-06-01,13903.865660016329,14115.446203963957,13813.18873185814,14039.8818359375,3428894,9.549657261300618,0.009734825474875919
2018-06-04,14054.994775557056,14342.13969528411,14009.657093937723,14281.689453125,3055019,9.56673353793798,0.01707627663736133
2018-06-05,14357.254704452684,14538.608576797316,14266.576200912452,14447.931640625,3578264,9.578306544238112,0.01157300630013225
2018-06-06,14508.382974335238,14659.51171875,14296.802418680996,14659.51171875,2701560,9.592844667842977,0.01453812360486495
2018-06-07,14780.415829747377,14780.415829747377,14417.7065176902,14447.931640625,3022123,9.578306544238112,-0.01453812360486495
2018-06-08,14478.155403834136,14568.833898858238,14357.25335608162,14493.26953125,2790104,9.581439650389683,0.003133106151571141
2018-06-11,14432.818276753856,14493.270086630508,14357.253906250002,14357.25390625,1916611,9.572010592159723,-0.009429058229960319
2018-06-12,14357.25622548318,14357.25622548318,13813.191416074367,13994.546875,3337855,9.546423023790517,-0.025587568369205727
2018-06-13,13903.865620667948,14175.897971740433,13903.865620667948,14145.6728515625,1200374,9.557164050760047,0.010741026969530054
2018-06-14,14206.128255427846,14281.692642368833,14085.224609375002,14085.224609375,1222251,9.552881626890816,-0.004282423869231167
2018-06-15,13994.543901196725,14115.44594742103,13979.429773971902,14054.994140625,1173771,9.550733066451539,-0.0021485604392772473
2018-06-18,14175.898932929736,14175.898932929736,13722.5126953125,13722.5126953125,1841661,9.526793025569363,-0.023940040882175495
2018-06-19,13631.83730796592,13631.83730796592,12906.418535115765,13450.4833984375,5351188,9.50677032478842,-0.02002270078094348
2018-06-20,13571.382382072206,13722.5126953125,13299.351579922592,13722.5126953125,1727231,9.526793025569363,0.02002270078094348
2018-06-21,13722.51297144494,13722.51297144494,13329.576970375474,13420.25390625,928636,9.504520330335515,-0.02227269523384834
2018-06-22,13390.029773958073,13601.6103515625,13269.126138936104,13601.6103515625,996338,9.51794347291757,0.013423142582055902
2018-06-25,13722.512484399034,13722.512484399034,13571.382173481596,13631.833984375,1358134,9.520163070618693,0.0022195977011225665
2018-06-26,13450.4833984375,13541.160353201709,13390.03157280528,13450.4833984375,639454,9.50677032478842,-0.013392745830273611
2018-06-27,13571.381196000308,13571.381196000308,13374.914783957098,13390.02734375,682306,9.502265480785448,-0.004504844002971353
2018-06-28,13390.028610129551,13390.028610129551,12845.9638671875,12845.9638671875,3120278,9.46078494504619,-0.04148053573925914
2018-06-29,12845.96554111436,12997.09509144934,12543.7080078125,12543.7080078125,2017209,9.436974464880848,-0.023810480165341374
2018-07-02,12543.706508017802,12664.609350145927,12090.319478590414,12150.7705078125,2599316,9.405147863038831,-0.0318266018420168
2018-07-03,12150.770843527154,12286.787034481767,11788.0615234375,11788.0615234375,3586973,9.37484256300222,-0.030305300036610916
2018-07-04,11803.174403547748,12090.3193359375,11636.932311859597,12090.3193359375,2602422,9.400160356488923,0.025317793486703266
2018-07-05,12090.31799022294,12120.543892955027,11636.931016609336,11939.1884765625,1888336,9.387581417849686,-0.01257893863923698
2018-07-06,11788.061226451116,12604.157567934237,11757.835319924488,12332.1259765625,2424697,9.419963004374113,0.03238158652442635
2018-07-09,12392.577237884165,12498.367520865464,12029.8679201437,12135.658203125,1550302,9.403903356749508,-0.016059647624604878
2018-07-10,12180.996748966454,12301.900378100638,12090.31981079979,12211.22265625,661358,9.410110697738522,0.006207340989014654
2018-07-11,11939.190612610471,12090.320153309593,11667.159006720056,11848.513671875,2128692,9.379957710162705,-0.030152987575817747
2018-07-12,11667.160288886069,11984.531183705783,11636.934377424555,11727.611328125,1817288,9.369701283069515,-0.010256427093189302
2018-07-13,11939.18964910283,12332.12563952611,11878.738621385652,12271.673828125,2815937,9.415048944711204,0.045347661641688575
2018-07-16,12422.80160896382,12543.705222384204,12286.78543570782,12362.3505859375,1713080,9.422410889786141,0.007361945074936926
2018-07-17,12301.901012814003,12664.6103515625,12256.56175770743,12664.6103515625,3444745,9.446566796195622,0.024155906409481176
2018-07-18,12694.835778485976,12966.8681640625,12664.609870790362,12966.8681640625,2910083,9.470152780462612,0.023585984266990323
2018-07-19,12755.286932486457,12966.86749170082,12755.286932486457,12845.9638671875,1999606,9.46078494504619,-0.009367835416423276
2018-07-20,12785.514175080822,12785.514175080822,12468.143303084593,12573.93359375,2260327,9.439381187693971,-0.021403757352217667
2018-07-23,12755.288734861251,12906.417503174072,12649.498440305464,12694.8369140625,2951554,9.448950647586194,0.009569459892222909
2018-07-25,12785.514132309803,13238.901202742578,12755.28822312308,12815.7392578125,3520598,9.458429324049094,0.009478676462899571
2018-07-26,12906.417575573863,12997.095307280655,12725.06289584434,12861.0791015625,1905328,9.461960905745773,0.003531581696678998
2018-07-27,12966.86960044622,13269.127143516454,12861.079303634824,13087.7724609375,3429824,9.479433673371835,0.01747276762606198
2018-07-30,13117.998371981335,13148.223499341102,13057.54654989366,13087.7724609375,3178608,9.479433673371835,0
2018-07-31,13087.772324648848,13148.223362422948,12936.6435546875,12936.6435546875,4224649,9.467819149144999,-0.011614524226835954
2018-08-01,12906.417503174072,13012.20779772986,12664.611003663123,12694.8369140625,6455479,9.448950647586194,-0.018868501558804596
2018-08-02,12694.836411452754,12906.4169921875,12573.933558326054,12906.4169921875,1929408,9.465479907921722,0.016529260335527596
2018-08-03,12997.094060363956,13027.319184349084,12815.738614349271,12876.1904296875,1911169,9.463135181815975,-0.002344726105746986
2018-08-06,12815.738861159824,12906.416585913476,12770.400390625,12770.400390625,929326,9.454885302538582,-0.00824987927739329
2018-08-07,12785.511951958282,12785.511951958282,12619.269871623084,12679.7216796875,1714620,9.447759278198863,-0.007126024339719095
2018-08-08,12679.722559007603,12876.189773315831,12664.609214101463,12845.9638671875,2028466,9.46078494504619,0.013025666847326534
2018-08-09,12997.095376145664,13057.546413919765,12861.079169706823,12936.6435546875,3272861,9.467819149144999,0.0070342040988098375
2018-08-10,12936.642395559007,13133.109622168404,12906.41648753818,13027.3193359375,2116745,9.474803918787574,0.006984769642574662
2018-08-13,13027.320059456157,13208.674733969312,13027.320059456157,13133.1103515625,2757898,9.482891828166359,0.00808790937878534
2018-08-14,13223.786051292593,13405.1399035429,13178.446804546144,13390.02734375,4251464,9.502265480785448,0.0193736526190893
2018-08-15,13390.02914360385,13510.932772934111,13208.673699608456,13238.900390625,4402188,9.490914773974387,-0.011350706811061428
2018-08-16,13269.831553294676,13300.763671875,13130.637420680374,13300.763671875,3660118,9.49557673149941,0.004661957525023297
2018-08-17,13362.62632667254,13455.421875,13300.762895118987,13455.421875,2463964,9.507137417184515,0.011560685685104488
2018-08-20,13455.42189915363,13702.878833789104,13347.16069324201,13517.2861328125,2536233,9.511724599626467,0.004587182441952109
2018-08-21,13486.354817977332,13548.2190516362,13424.490584318462,13517.2861328125,1912841,9.511724599626467,0
2018-08-22,13532.754250323062,13702.879700655967,13517.286987938462,13625.5498046875,3060408,9.519701971354914,0.00797737172844748
2018-08-23,13641.015965654233,13764.744445357715,13641.015965654233,13733.8115234375,2667947,9.527616065731097,0.007914094376182845
2018-08-24,13733.811057882362,13764.743978754,13579.15126549008,13749.2783203125,1671954,9.528741615921835,0.0011255501907374565
2018-08-27,13702.880205505971,13764.744445357715,13671.947283585756,13733.8115234375,2145604,9.527616065731097,-0.0011255501907374565
2018-08-28,13702.88018750458,13749.278768329608,13625.550288788663,13671.947265625,2415298,9.523101367680397,-0.004514698050700261
2018-08-29,13656.481606679556,13733.811505395472,13594.617366909082,13671.947265625,2058600,9.523101367680397,0
2018-08-30,13671.948081743636,13671.948081743636,13594.61817841167,13656.482421875,1678405,9.521969590583973,-0.0011317770964236473
2018-08-31,13656.481606679556,13888.471302827307,13641.01594773411,13671.947265625,2727419,9.523101367680397,0.0011317770964236473
2018-09-04,13641.015625,13826.60833992046,13610.084307840914,13641.015625,1684326,9.520836387936347,-0.002264979744049711
2018-09-05,13625.552051593357,13671.9490344323,13300.76595377072,13393.5615234375,2239379,9.50252938714434,-0.018307000792006534
2018-09-06,13331.696748233406,13393.56099356008,13099.70703125,13099.70703125,3202424,9.480345144912446,-0.022184242231894302
2018-09-07,13146.10307897338,13300.763671875,13099.70530210005,13300.763671875,1350780,9.49557673149941,0.015231586586963886
2018-09-10,13362.627892092729,13362.627892092729,13161.5703125,13161.5703125,975125,9.485056522418741,-0.010520209080668863
2018-09-11,13161.570190701372,13362.62776843349,13161.570190701372,13347.162109375,1492848,9.49905906515412,0.014002542735378043
2018-09-12,13455.421837730648,13517.286071107112,13316.228515625,13316.228515625,1267758,9.496738759528817,-0.002320305625302055
2018-09-13,13517.286763762982,13579.151000309506,13362.626974390976,13424.4912109375,1715575,9.504836020032265,0.008097260503447501
2018-09-14,13486.355071952905,13826.607561490064,13486.355071952905,13780.208984375,7361388,9.530988710227323,0.02615269019505817
2018-09-17,13764.74410161364,13764.74410161364,13641.015625,13641.015625,1499565,9.520836387936347,-0.010152322290975846
2018-09-18,13517.287520990256,13857.5400390625,13517.287520990256,13857.5400390625,2123090,9.5365847706322,0.015748382695852214
2018-09-19,13919.40449165661,14120.46287376942,13857.54025069969,14058.5986328125,3589707,9.550989489900244,0.014404719268044985
2018-09-20,13934.871300551167,14290.589512409324,13934.871300551167,14197.7939453125,2990210,9.560841875556456,0.009852385656211382
2018-09-21,14244.190926866486,14244.190926866486,13981.269886094007,14197.7939453125,3523890,9.560841875556456,0
2018-09-24,14197.79201236164,14383.383121288089,14166.859091548144,14259.65625,2631601,9.565189587787133,0.004347712230677203
2018-09-25,14228.72526634849,14259.658191373332,14166.861020287655,14197.7939453125,1982030,9.560841875556456,-0.004347712230677203
2018-09-26,14228.723794207122,14476.180752847908,14182.326817453491,14244.189453125,2731826,9.56410434486559,0.0032624693091349855
2018-09-27,14244.18931034776,14383.38344719081,14244.18931034776,14290.587890625,1993341,9.567356410079435,0.0032520652138448014
2018-09-28,14383.385103111004,14383.385103111004,14306.055196405268,14321.5224609375,1486237,9.569518751967948,0.002162341888512387
2018-10-01,14321.52275910748,14367.91974170358,14213.259925072134,14228.7255859375,1379958,9.563018128811722,-0.006500623156226126
2018-10-02,14182.328249111462,14228.725230548713,13996.735511395917,14012.201171875,2269115,9.54768374132786,-0.015334387483861178
2018-10-03,14012.199239190171,14135.927713934829,13996.73358084425,14074.0634765625,990471,9.55208891271687,0.004405171389009865
2018-10-04,14074.06238729283,14228.722166759357,14043.131072994927,14182.3251953125,1251244,9.559751763745776,0.007662851028905848
2018-10-05,14213.257303830676,14228.72296184383,14089.528831748252,14104.99609375,1349930,9.554284346495256,-0.0054674172505198015
2018-10-08,14074.06508252188,14074.06508252188,13919.4052734375,13919.4052734375,1358851,9.541039208366314,-0.013245138128942457
2018-10-09,13919.404937412712,13965.803520613454,13826.609375,13826.609375,1060509,9.534350230103607,-0.006688978262706868
2018-10-10,13826.610038148305,14043.134096822016,13826.610038148305,14012.201171875,1847051,9.54768374132786,0.013333511224253414
2018-10-11,13610.08553320397,13733.812416968518,13084.241064241054,13207.96875,5782385,9.488575619606856,-0.05910812172100499
2018-10-12,13146.103937319756,13610.08494432494,12898.64777451436,13548.220703125,3658418,9.514010504262975,0.02543488465611965
2018-10-15,13548.219818523285,13610.08405568393,13300.763671875,13300.763671875,1315946,9.49557673149941,-0.01843377276356506
2018-10-16,13455.423826722536,13455.423826722536,13207.968460626153,13378.0947265625,1602844,9.501373926424888,0.005797194925477811
2018-10-17,13548.220686436234,13610.08492755997,13455.42352275627,13486.3564453125,1259315,9.509433819711406,0.008059893286517905
2018-10-18,13517.287763880006,13610.08492755997,13424.492204188764,13486.3564453125,1886716,9.509433819711406,0
2018-10-19,13300.763671875,13455.422660788,13269.831553294676,13300.763671875,2456982,9.49557673149941,-0.013857088211995716
2018-10-22,13424.492008656149,13517.287566995788,13331.69564832216,13347.162109375,1139947,9.49905906515412,0.00348233365470918
2018-10-23,13347.161542779317,13347.161542779317,12867.715706392368,13053.3076171875,3055496,9.476796837891722,-0.022262227262396905
2018-10-24,13006.909979722304,13161.570584911282,12929.580078125,12929.580078125,1493114,9.467272994682071,-0.009523843209651162
2018-10-25,12372.802837807238,12774.918759612188,12372.802837807238,12697.5888671875,2011766,9.449167401444962,-0.018105593237109474
2018-10-26,12836.7847920978,12914.114695352278,12620.2607421875,12620.2607421875,2441981,9.443058796910888,-0.006108604534073692
2018-10-29,12527.462289575233,12821.316193773746,12527.462289575233,12682.1220703125,1227614,9.447948569691691,0.00488977278080327
2018-10-30,12713.054186858806,12929.578200688686,12635.724296490172,12682.1220703125,1201728,9.447948569691691,0
2018-10-31,12914.11524614761,12991.44515270026,12774.92109355507,12975.9794921875,863243,9.470855195912169,0.022906626220477122
2018-11-01,13006.91047764819,13115.172504427735,12960.5126953125,12960.5126953125,1247208,9.469662528947293,-0.0011926669648758548
2018-11-02,13099.70480988528,13300.763172105566,13006.908457631083,13269.8310546875,1576560,9.493248395872753,0.023585866925460053
2018-11-05,13177.03597170161,13300.764453291928,13053.308292105652,13161.5703125,705218,9.485056522418741,-0.0081918734540114
2018-11-06,13207.967068315076,13223.432726317902,13022.375162309674,13037.8408203125,1250315,9.475611240506174,-0.009445281912567438
2018-11-07,13037.841454960097,13146.10347223268,12883.181659426213,12945.0458984375,1315707,9.468468437829218,-0.007142802676955995
2018-11-08,13068.77293831245,13115.170714315229,12975.977386306897,13037.8408203125,934902,9.475611240506174,0.007142802676955995
2018-11-09,12929.579557427558,13022.37591680387,12743.987640669278,12759.4541015625,1686238,9.454027773974396,-0.021583466531778228
2018-11-12,12743.988970535123,12975.9794921875,12728.523310022363,12975.9794921875,725104,9.470855195912169,0.01682742193777287
2018-11-13,12743.988470061304,12914.1147389927,12743.988470061304,12883.1826171875,1162965,9.463678066742483,-0.007177129169685159
2018-11-14,12960.511421362044,13068.7734375,12867.71586581198,13068.7734375,1997721,9.477980956575623,0.014302889833139432
2018-11-15,12991.443379591015,13115.171052789665,12898.647023196292,13053.3076171875,1324283,9.476796837891722,-0.001184118683900337
2018-11-16,13146.102723822962,13269.831194801654,13068.772830458423,13223.4326171875,1698955,9.489745733044057,0.012948895152334217
2018-11-19,13300.76433020518,13362.62776843349,13238.90008998252,13347.162109375,1051429,9.49905906515412,0.009313332110062689
2018-11-20,13362.626974390976,13424.4912109375,13254.364961431713,13424.4912109375,1460617,9.504836020032265,0.005776954878145446
2018-11-21,13238.899303292232,13424.4912109375,13207.96718501897,13424.4912109375,1362966,9.504836020032265,0
2018-11-22,13424.4912109375,13486.355447484024,13378.09343452476,13424.4912109375,858358,9.504836020032265,0
2018-11-23,13331.694172971986,13439.956180383664,13300.762858278016,13316.228515625,918786,9.496738759528817,-0.008097260503447501
2018-11-26,13316.23059904735,13316.23059904735,13130.638671875,13130.638671875,1283608,9.48270360829778,-0.014035151231038157
2018-11-27,13269.831194801654,13269.831194801654,13146.102723822962,13223.4326171875,907130,9.489745733044057,0.007042124746277523
2018-11-28,13223.433929220932,13254.3660500347,13161.570489587764,13238.900390625,680315,9.490914773974387,0.0011690409303302118
2018-11-29,13393.55872236548,13455.42215520733,13269.8310546875,13269.8310546875,1390180,9.493248395872753,0.002333621898365834
2018-11-30,13269.8310546875,13285.296712399391,13192.501162139475,13269.8310546875,859633,9.493248395872753,0
2018-12-03,13362.627093764875,13888.470703124998,13362.627093764875,13888.470703125,3017026,9.538814329119923,0.045565933247170065
2018-12-04,13888.471213727593,14074.063931848365,13842.074237188908,13903.9384765625,2684647,9.539927422622146,0.0011130935022229949
2018-12-05,13749.277831014137,13903.937617902508,13733.810569134434,13795.6748046875,1608606,9.532110402068817,-0.007817020553329002
2018-12-06,13764.744445357715,13857.540003140986,13625.550306688468,13733.8115234375,1285334,9.527616065731097,-0.004494336337719673
2018-12-07,13795.67710142598,14027.66682038076,13795.67710142598,13950.3369140625,2026209,9.543258938503566,0.01564287277246912
2018-12-10,13857.539984936418,13919.40422470689,13671.947265625,13671.947265625,1845192,9.523101367680397,-0.02015757082316938
2018-12-11,13702.879700655967,13764.743938228472,13579.151225510965,13625.5498046875,1016065,9.519701971354914,-0.0033993963254825843
2018-12-13,13903.937617902508,13996.733169237816,13764.743488905257,13795.6748046875,2072406,9.532110402068817,0.012408430713902519
2018-12-14,13795.676568670297,13857.540812133628,13641.016762006364,13656.482421875,2091920,9.521969590583973,-0.010140811484843582
2018-12-17,13641.015372269943,13641.015372269943,13300.763671875,13300.763671875,2064627,9.49557673149941,-0.026392859084563014
2018-12-18,13099.70537400322,13238.899507381548,12945.045582246996,12991.443359375,2988617,9.472046216607898,-0.0235305148915117
2018-12-19,12991.442882385583,13177.034786077787,12945.045106961106,13022.375,1252040,9.47442431080192,0.002378094194021685
2018-12-20,13084.240860891196,13115.172180354415,13006.91015625,13006.91015625,1224508,9.473236045701528,-0.0011882651003922717
2018-12-21,12960.510637197132,13146.1025390625,12960.510637197132,13146.1025390625,1204861,9.48388060881307,0.010644563111542382
2018-12-24,13177.035269881331,13238.899507381548,12991.443359375,12991.443359375,564265,9.472046216607898,-0.011834392205171795
2018-12-25,12805.85303367185,12836.78515625,12682.124543359256,12836.78515625,1944276,9.46007016865524,-0.011976047952657609
2018-12-26,12836.784660445936,12945.046684290768,12805.8525390625,12805.8525390625,885678,9.457657575024358,-0.0024125936308827534
2018-12-27,13022.376441238388,13068.774221797894,12929.580078125,12929.580078125,1207649,9.467272994682071,0.009615419657713176
2018-12-28,13006.909037992978,13053.3076171875,12929.579141994534,13053.3076171875,1027933,9.476796837891722,0.009523843209651162
2019-01-02,12929.578225768571,13037.840232893512,12728.520670818978,12743.986328125,1218959,9.452814778780537,-0.02398205911118545
2019-01-03,12821.31833025027,12821.31833025027,12589.32862048683,12620.2607421875,1902566,9.443058796910888,-0.009755981869648878
2019-01-04,12558.39586535441,12821.31768355703,12527.463745213923,12713.0556640625,845800,9.450384749455639,0.007325952544750436
2019-01-07,12929.580078125,13022.376441238388,12867.716638043785,12929.580078125,1084484,9.467272994682071,0.01688824522643273
2019-01-08,12929.579121874784,12991.443359375,12898.647003124675,12991.443359375,784974,9.472046216607898,0.004773221925827187
2019-01-09,13022.376314782096,13177.036116474846,12960.512073307247,13115.171875,820498,9.481524997438129,0.009478780830230349
2019-01-10,13115.170714315229,13161.5692923123,13037.8408203125,13037.8408203125,550459,9.475611240506174,-0.00591375693195495
2019-01-11,13115.171052789665,13161.569631984186,13006.909037992978,13053.3076171875,1582613,9.476796837891722,0.0011855973855485757
2019-01-14,13084.239106436897,13177.03465637244,12991.442754507072,13146.1025390625,1057748,9.48388060881307,0.007083770921347821
2019-01-15,13084.240588550529,13238.900390625,13084.240588550529,13238.900390625,901316,9.490914773974387,0.007034165161316608
2019-01-16,13300.764453291928,13300.764453291928,13161.5703125,13161.5703125,495394,9.485056522418741,-0.005858251555645566
2019-01-17,13146.103151131225,13223.433047009335,12991.443359375,12991.443359375,1008286,9.472046216607898,-0.013010305810842837
2019-01-18,13022.375478125108,13146.103151131225,12991.443359375,12991.443359375,603081,9.472046216607898,0
2019-01-21,13053.306989126955,13238.898890992325,13053.306989126955,13146.1025390625,657906,9.48388060881307,0.011834392205171795
2019-01-22,13146.104814247798,13223.434719908932,13099.70703125,13099.70703125,375628,9.480345144912446,-0.0035354639006239807
2019-01-23,13084.24137091554,13115.17269158446,13037.842785923323,13099.70703125,513634,9.480345144912446,0
2019-01-24,13115.172210113911,13177.03645316949,13099.706550347211,13130.638671875,622515,9.48270360829778,0.002358463385332854
2019-01-25,13115.171875,13177.036116474846,13084.240556256944,13115.171875,566761,9.481524997438129,-0.0011786108596503198
2019-01-28,13146.102668463373,13146.102668463373,13022.375,13022.375,574354,9.47442431080192,-0.007100686636208664
2019-01-29,13115.170421752558,13146.1025390625,12991.442754507072,13146.1025390625,1143186,9.48388060881307,0.00945629801115011
2019-01-30,13146.1048490282,13424.493151740347,13115.172726283026,13362.62890625,1829979,9.500217202153,0.016336593339929095
2019-01-31,13393.561028995173,13424.493151740347,13269.833340008896,13362.62890625,1373320,9.500217202153,0
2019-02-01,13362.627065155892,13362.627065155892,12836.783456921585,13177.03515625,1592702,9.486230832542756,-0.013986369610243798
2019-02-11,13300.765026946834,13702.881005469697,13207.968661751838,13656.482421875,2656133,9.521969590583973,0.03573875804121762
2019-02-12,13610.084288290804,13795.675398956022,13579.1513671875,13579.1513671875,1862662,9.516290907789438,-0.005678682794535206
2019-02-13,13610.0835416007,13919.40311173163,13610.0835416007,13780.208984375,2987847,9.530988710227323,0.014697802437884988
2019-02-14,13811.14093383933,13888.47082992215,13687.4140625,13687.4140625,1638076,9.524232008000334,-0.0067567022269887644
2019-02-15,13687.414528559137,13749.278768329608,13610.08462984322,13671.947265625,1718390,9.523101367680397,-0.0011306403199373705
2019-02-19,13826.60868520946,13965.802823878708,13702.880205505971,13733.8115234375,3905173,9.527616065731097,0.004514698050700261
2019-02-20,13702.880400355114,13934.870100106427,13702.880400355114,13873.005859375,1325982,9.537700206438814,0.010084140707716571
2019-02-21,13826.608721050794,13888.471357074206,13702.88024102658,13857.5400390625,1991110,9.5365847706322,-0.0011154358066143288
2019-02-22,13857.541042268556,14043.133775740722,13733.812553287113,13981.26953125,3302066,9.545473822197678,0.008889051565478923
2019-02-25,14089.529134908424,14290.58750537133,14058.597818216576,14074.0634765625,2717808,9.55208891271687,0.006615090519192179
2019-02-26,14104.998020231444,14104.998020231444,13919.405286759278,13981.26953125,1760843,9.545473822197678,-0.006615090519192179
2019-02-27,13981.269838983111,14058.599745301372,13888.472668210125,13950.3369140625,1289396,9.543258938503566,-0.0022148836941120464
2019-02-28,13950.33554259778,13950.33554259778,13671.947265625,13671.947265625,3643152,9.523101367680397,-0.02015757082316938
2019-03-01,13780.209146796378,13795.6748046875,13656.480675690247,13795.6748046875,1568515,9.532110402068817,0.009009034388419934
2019-03-04,13795.676784574473,13981.269517869014,13795.676784574473,13919.4052734375,2141967,9.541039208366314,0.00892880629749726
2019-03-05,13919.4036236689,13981.267860768085,13857.539386569715,13888.470703125,2188509,9.538814329119923,-0.0022248792463912537
2019-03-06,13903.937617902508,13950.334591575873,13749.277831014137,13795.6748046875,1845829,9.532110402068817,-0.006703927051106007
2019-03-07,13795.674664995378,13919.40313484866,13795.674664995378,13842.0732421875,993869,9.535468018688741,0.0033576166199242863
2019-03-11,13811.140136640912,13873.004370734005,13749.277506536362,13764.7431640625,967797,9.529865758780222,-0.005602259908519258
2019-03-12,13842.076371196115,14383.3857421875,13842.076371196115,14383.3857421875,5126443,9.573829051557857,0.04396329277763478
2019-03-13,14383.38344719081,14445.247686230909,14290.587890625,14290.587890625,2660009,9.567356410079435,-0.006472641478421082
2019-03-14,14290.58707649322,14383.382627772486,14228.722840977514,14306.052734375,1416384,9.56843799483342,0.0010815847539848988
2019-03-15,14306.055494253224,14321.52275910748,14151.395677621778,14228.7255859375,2766076,9.563018128811722,-0.005419866021698638
2019-03-18,14321.520812139384,14367.917788427954,14213.257992822048,14290.587890625,2639273,9.567356410079435,0.0043382812677137395
2019-03-19,14290.58851328211,14321.521436144276,14135.9287109375,14135.9287109375,2428573,9.5564749709009,-0.01088143917853479
2019-03-20,14104.99721452737,14197.79277396839,13996.73439185558,14058.5986328125,2116745,9.550989489900244,-0.005485481000656378
2019-03-21,14166.860972551398,14166.860972551398,13950.3369140625,13950.3369140625,2192332,9.543258938503566,-0.007730551396678109
2019-03-22,13950.335776392134,14043.13293959738,13934.8701171875,13934.8701171875,1825811,9.542149619254563,-0.001109319249003704
2019-03-25,13671.947283585756,13919.404242992729,13671.947283585756,13733.8115234375,1681990,9.527616065731097,-0.014533553523465415
2019-03-26,13919.40313484866,13919.40313484866,13764.74334952634,13842.0732421875,1025145,9.535468018688741,0.00785195295764396
2019-03-27,13857.541029005986,13950.336593658853,13857.541029005986,13919.4052734375,1563896,9.541039208366314,0.005571189677572974
2019-03-28,13842.074255464462,14027.665369841588,13842.074255464462,13965.802734375,962062,9.544366958601586,0.0033277502352717647
2019-03-29,14104.996397242978,14104.996397242978,14012.199239190171,14074.0634765625,1186117,9.55208891271687,0.007721954115284646
2019-04-01,14197.794253821998,14197.794253821998,14074.065759011784,14166.861328125,869509,9.558660806958818,0.006571894241947263
2019-04-02,14166.861338487144,14445.249650019305,14166.861338487144,14228.7255859375,3596132,9.563018128811722,0.00435732185290405
2019-04-03,14352.450918706812,14599.90625,14228.72245106595,14599.90625,2745526,9.588770386442935,0.025752257631213027
2019-04-04,14692.702503815914,14909.226506946075,14615.3726172686,14785.498046875,4556310,9.601402117676269,0.012631731233334165
2019-04-05,14785.498046875,14816.429359898551,14677.2352433157,14785.498046875,1633350,9.601402117676269,0
2019-04-08,14739.099473351238,14847.36227691054,14677.2352433157,14785.498046875,1201808,9.601402117676269,0
2019-04-09,14785.497659669363,15002.02165712915,14630.837890625,14630.837890625,2686001,9.590886764460652,-0.010515353215616585
2019-04-10,14538.046205655684,14630.84177089509,14460.714696635889,14507.11328125,1941064,9.582394379238682,-0.008492385221970267
2019-04-11,14507.112974685491,14692.705705231176,14491.647314803882,14538.0458984375,955557,9.584524347175208,0.002129967936525645
2019-04-12,14491.648008037988,14971.094715224615,14491.648008037988,14909.23046875,2323356,9.609735794672995,0.02521144749778692
2019-04-16,14692.70670231194,14909.230767314666,14692.70670231194,14816.43359375,2408077,9.603492221694648,-0.0062435729783469895
2019-04-17,14940.162119349085,15311.346002390675,14909.230797424329,15002.0263671875,5202535,9.615940562106193,0.012448340411545189
2019-04-18,15002.0263671875,15234.016093589882,14862.832210548291,15002.0263671875,2591085,9.615940562106193,0
2019-04-19,15063.88947325204,15125.753716401428,14971.093910522346,14986.5595703125,1205313,9.614909049764888,-0.001031512341304719
2019-04-22,15002.026336890434,15002.026336890434,14785.50227188771,14816.43359375,2193261,9.603492221694648,-0.01141682807024047
2019-04-23,14816.43359375,14986.56067595929,14692.70670231194,14816.43359375,1458652,9.603492221694648,0
2019-04-24,15002.025550816725,15048.424135167868,14878.29706187287,15017.4912109375,2270362,9.616970881469442,0.01347865977479401
2019-04-25,15002.023782164082,15203.082151997009,14986.558123866616,15094.8193359375,2577094,9.622106873598796,0.005135992129353895
2019-04-26,15125.752178084687,15388.673179744068,15094.81925766154,15326.810546875,2296434,9.637358897178402,0.015252023579606089
2019-05-02,15404.141762332078,15527.868642664209,15357.74317971456,15419.607421875,2349720,9.64339518777086,0.006036290592458471
2019-05-03,15435.07356276206,15466.0048828125,15342.277998621938,15466.0048828125,2813149,9.646399660881624,0.0030044731107636835
2019-05-06,15156.684391840612,15280.412872881074,14986.558933401506,15079.3544921875,3863384,9.621081835087905,-0.025317825793718995
2019-05-07,15187.616895357443,15373.2080078125,15172.149632662302,15373.2080078125,2906897,9.640381533544568,0.01929969845666335
2019-05-08,15249.479369716557,15373.207846043735,15156.683814465496,15357.7421875,2546189,9.63937500289583,-0.0010065306487376802
2019-05-09,15342.277260249311,15357.742919530225,15032.9560546875,15032.9560546875,2285788,9.618000140367226,-0.021374862528604766
2019-05-10,15156.6845703125,15234.014470876182,15079.354669748818,15156.6845703125,2728879,9.626196939389253,0.00819679902202708
2019-05-13,15156.68685524454,15404.143857544452,15156.68685524454,15311.3466796875,2258176,9.6363494455729235,0.010152506183670695
2019-05-14,15280.411846036792,15713.459896588856,15187.616293486664,15527.8671875,4143990,9.650391571714637,0.014042126141713851
2019-05-15,15620.664365530836,15651.59568176057,15496.935892634696,15589.7314453125,4088527,9.654367735817019,0.003976164102381219
2019-05-16,15589.731877621976,15682.527432873036,15357.7421875,15357.7421875,5021358,9.63937500289583,-0.014992732921188079
2019-05-17,15658.256276339687,15658.256276339687,15414.683586834091,15466.87890625,3590489,9.64645617183894,0.007081168943109617
2019-05-20,15484.274448074024,15762.643437974211,15484.274448074024,15745.24609375,4325536,9.664293763374872,0.017837591535931452
2019-05-21,15832.236245769343,16023.613595373316,15780.04093194061,15971.419921875,2453525,9.678556149083498,0.014262385708626368
2019-05-22,15988.818754871363,16058.40977209861,15745.246093749998,15745.24609375,3774070,9.664293763374872,-0.014262385708626368
2019-05-23,15745.245162130526,15936.622498594985,15727.846178605383,15901.826171875,3059322,9.6741892351902,0.00989547181532835
2019-05-24,15832.23687263824,15988.819539663418,15745.24686658658,15867.033203125,2449229,9.671998852321867,-0.002190382868333174
2019-05-27,15762.643437974211,15814.837110977243,15536.468121077058,15745.24609375,3045878,9.664293763374872,-0.0077050889469951755
2019-05-28,15658.254219102928,15797.439532151231,15571.264218612923,15606.060546875,1251394,9.655414614386917,-0.008879148987954721
2019-05-29,15606.060508343544,15606.060508343544,15310.294179341709,15345.0888671875,3633235,9.6385507583168,-0.016863856070116867
2019-05-30,15345.086314730446,15553.864249059916,15275.495310284055,15501.6689453125,2380923,9.64870297100205,0.010152212685250461
2019-05-31,15519.070508068318,15588.663164420646,15345.0888671875,15345.0888671875,1476802,9.6385507583168,-0.010152212685250461
2019-06-03,15310.295128226162,15345.08981822842,15136.3134765625,15136.3134765625,2128361,9.624852001738038,-0.013698756578762072
2019-06-04,15136.31532541599,15205.90799458198,15049.325309123838,15066.72265625,1296504,9.620243793268095,-0.004608208469942809
2019-06-05,15136.314994303188,15275.500329590435,15136.314994303188,15171.111328125,1207055,9.627148327940468,0.00690453467237262
2019-06-06,15240.703675877858,15553.869033370427,15171.11100969493,15484.2763671875,2227151,9.64758036010371,0.020432032163242297
2019-06-07,15588.66300870354,15745.245663766967,15553.86668087496,15727.8466796875,3149012,9.663188094099828,0.015607733996118256
2019-06-10,15832.233140701108,15901.824144940316,15588.66052503864,15693.0478515625,2962342,9.660973081263824,-0.0022150128360038934
2019-06-11,15693.05035185892,15867.031991001815,15623.457696201762,15727.8466796875,3129269,9.663188094099828,0.0022150128360038934
2019-06-12,15727.845033301572,15867.030330046016,15658.252384929352,15675.6513671875,3100354,9.659863919163275,-0.003324174936553348
2019-06-13,15675.650557253724,15693.047898282795,15484.271604283427,15501.6689453125,2066717,9.64870297100205,-0.011160948161224482
2019-06-14,15519.071174967929,15623.458523651874,15449.478515625,15449.478515625,1351149,9.645330528722264,-0.003372442279786725
2019-06-17,15345.087772369156,15484.273075143428,15275.496761312275,15327.6904296875,2446333,9.637416303613653,-0.007914225108610395
2019-06-18,15432.079406768204,15466.875732461773,15223.301452606796,15327.6904296875,1843239,9.637416303613653,0
2019-06-19,15414.678538879432,15553.863824634398,15379.88221744069,15536.46484375,1281202,9.65094511051025,0.013528806896596635
2019-06-20,15606.061433538014,15797.4404296875,15536.468773059933,15797.4404296875,3272952,9.6676032077709,0.016658097260650706
2019-06-21,15832.23675992654,15867.03309016558,15745.246754494174,15797.4404296875,2105794,9.6676032077709,0
2019-06-24,15797.439217507388,15814.836561126727,15710.449218749998,15710.44921875,1752680,9.662081325287065,-0.005521882483835228
2019-06-25,15658.252741906956,16197.59331859231,15588.66173227838,16180.1943359375,7891238,9.691543201414117,0.029461876127051312
2019-06-26,16180.19550575536,16180.19550575536,16041.011836105094,16058.4091796875,2448553,9.683987927780521,-0.00755527363359576
2019-06-27,16023.614115745557,16041.013101030312,15762.64409944846,15797.4404296875,2949116,9.6676032077709,-0.016384720009620324
2019-06-28,15797.439024418783,16006.215346950758,15623.457388700204,15832.2353515625,5983916,9.669803352732957,0.0022001449620567826
2019-07-01,16006.216620665986,16388.974609375,15971.420290753307,16388.974609375,6157842,9.704364107814657,0.03456075508169931
2019-07-02,16354.176208318464,16528.156195518037,16232.389889212713,16319.3798828125,3862481,9.700108630419495,-0.004255477395162188
2019-07-03,16249.78765795649,16319.38031079351,16197.593988493873,16284.583984375,3079452,9.697974171444516,-0.00213445897497877
2019-07-04,16354.175349191592,16423.767996547638,16284.582701835545,16336.7763671875,3079307,9.70117406420095,0.003199892756434508
2019-07-05,16284.584844010697,16354.177500521391,16145.40117131968,16214.9921875,2746154,9.693691536934333,-0.007482527266617467
2019-07-08,16180.198449194697,16319.38378449536,16023.615767146766,16110.607421875,3145078,9.687233180107953,-0.006458356826380296
2019-07-09,16110.60677734144,16301.984145227503,16041.014112475286,16267.189453125,2395695,9.69690544116848,0.009672261060527987
2019-07-10,16336.783738746011,16510.76543564095,16284.590049842982,16371.580078125,3094223,9.703302188500375,0.006396747331894659
2019-07-11,16406.368468301695,16441.16479082119,16284.582159648506,16354.1748046875,2061576,9.702238483467996,-0.0010637050323794028
2019-07-12,16388.971127206998,16510.757435860185,16284.582159648506,16354.1748046875,2997654,9.702238483467996,0
2019-07-15,16336.77812729586,16545.556091857532,16301.981799868914,16458.564453125,2838572,9.708601256158234,0.0063627726902382165
2019-07-16,16475.96343700364,16632.546090259726,16441.167109576694,16458.564453125,2799809,9.708601256158234,0
2019-07-17,16458.57010640702,16528.162785164994,16354.182728600956,16371.580078125,3119928,9.703302188500375,-0.005299067657858814
2019-07-18,16354.176637212018,16388.972963630527,16284.583984375,16284.583984375,2499167,9.697974171444516,-0.005328017055859391
2019-07-19,16336.782622965631,16806.530712002444,16319.385274629803,16771.734375,6786061,9.727450270757656,0.02947609931313977
2019-07-22,16771.73241480626,16928.315092851288,16684.742402632488,16823.927734375,4237800,9.730557421984283,0.0031071512266276358
2019-07-23,16876.118829676325,16980.5078125,16736.933519244758,16980.5078125,2289447,9.739821365925804,0.009263943941521191
2019-07-24,17171.88404216891,17189.283025011646,16910.9140625,16910.9140625,4713261,9.735714494985249,-0.004106870940555396
2019-07-31,16632.54787215186,16841.32421875,16528.158878687536,16841.32421875,2683665,9.73159092002242,-0.004123574962829224
2019-08-01,16841.325080677514,16910.91774654877,16771.73241480626,16823.927734375,2329296,9.730557421984283,-0.001033498038136571
2019-08-02,16719.536175605987,17050.09882738544,16649.943520390203,16980.5078125,3504347,9.739821365925804,0.009263943941521191
2019-08-05,17050.09765625,17328.46661766221,16980.506646144622,17050.09765625,5604687,9.743911210334556,0.004089844408751375
2019-08-07,17050.096754213304,17311.068359375,17032.699412689923,17311.068359375,3008370,9.759101365467032,0.015190155132476235
2019-08-08,17345.86850236404,17606.83852466197,17345.86850236404,17502.451171875,5033646,9.77009621706743,0.010994851600397482
2019-08-09,17502.447457345243,17885.203736882933,17398.05848638215,17780.81640625,4227904,9.78587542512566,0.01577920805823041
2019-08-12,17780.82225935755,18302.764005325964,17641.63691892293,18198.375,4387783,9.809087583364395,0.023212158238735014
2019-08-13,18128.77564836258,18511.53355316039,17989.591999555254,18267.9609375,5401652,9.812904036000655,0.0038164526362596263
2019-08-14,18441.940559872222,18685.513170926886,18372.34791661944,18511.533203125,5322944,9.826149233208282,0.013245197207627513
2019-08-15,18405.151361542143,18795.240234375,18227.836717750368,18795.240234375,5367620,9.841358937740214,0.015209704531931934
2019-08-16,18795.235224549822,19539.953186463434,18440.609375,18440.609375,10936199,9.82231054293116,-0.019048394809054514
2019-08-19,18440.614796576698,18688.853632945906,18156.913030475516,18582.46484375,6878310,9.829973664696677,0.007663121765517644
2019-08-20,18582.46179525642,19149.865234375,18582.46179525642,19149.865234375,5497642,9.860050957214577,0.030077292517900034
2019-08-21,19185.326321343575,19327.1763316643,18937.087549466705,19008.01171875,4363888,9.852615838678911,-0.007435118535665808
2019-08-22,19008.016135170605,19256.25663647909,18759.777305616644,18795.240234375,4568130,9.841358937740214,-0.011256900938697356
2019-08-23,18830.700186279988,19291.71484375,18653.387242273275,19291.71484375,4509140,9.867431000017524,0.026072062277309627
2019-08-26,18972.55238605396,19220.791183000863,18972.55238605396,19043.4765625,4238718,9.85447988424564,-0.012951115771883792
2019-08-27,19149.86593068978,19256.254706300813,18724.3125,18724.3125,3780635,9.837578092090558,-0.016901792155081807
2019-08-28,18795.240869734807,18866.16672964912,18476.076171875,18476.076171875,3711822,9.824231994289075,-0.01334609780148277
2019-08-29,18511.53693348397,18724.31281654882,18405.14982782874,18688.8515625,2348315,9.835682451932474,0.011450457643398693
2019-08-30,18795.236297419902,18937.08798274028,18759.77337608981,18830.69921875,1709717,9.843243754193322,0.007561302260848279
2019-09-03,18795.237765553095,19149.865334800517,18795.237765553095,19043.4765625,3283090,9.85447988424564,0.011236130052317606
2019-09-04,19043.47504398271,19220.7896503446,18795.236266830245,18866.162109375,3995279,9.84512523184621,-0.009354652399430563
2019-09-05,18937.08644142064,18972.54935986435,18653.384765625,18653.384765625,3001781,9.833782897378326,-0.011342334467883575
2019-09-06,18759.775390625,18866.164166039936,18546.99951154949,18759.775390625,2758077,9.839470249707357,0.005687352329031725
2019-09-09,18795.23580849345,19291.71335069138,18617.922878209654,19078.9375,6052897,9.856340256868913,0.016870007161555733
2019-09-10,19220.7910822034,19291.715258277494,19008.013538718205,19149.865234375,4179463,9.860050957214577,0.0037107003456640086
2019-09-11,19149.8671506621,19220.793005587897,18937.091257639167,19185.330078125,2847285,9.861901207543474,0.0018502503288964078
2019-09-12,19291.715524772902,20036.43359375,19291.715524772902,20036.43359375,9171571,9.90530757497753,0.04340636743405568
2019-09-13,20036.4332130634,20355.597854881784,19965.507365602803,20142.8203125,5126305,9.910603191845874,0.005295616868345121
2019-09-16,20178.282664944058,20568.37314317882,20107.35849124575,20461.984375,3233200,9.926324022827998,0.015720830982123957
2019-09-17,20320.136330735804,20603.838068364337,20249.21047839007,20426.5234375,2883537,9.924589503850044,-0.0017345189779547354
2019-09-18,20532.90721643639,20532.90721643639,19965.50387933704,20000.966796875,6258321,9.903535891211545,-0.021053612638498365
2019-09-19,20071.895537084667,20497.447265625,19930.043846401728,20497.447265625,3458078,9.92805563374474,0.024519742533195554
2019-09-20,20461.98615221804,20852.076664333967,20426.52322641165,20639.30078125,3369715,9.934952342144243,0.006896708399501961
2019-09-23,20568.3741163026,20674.76288951485,20036.43359375,20036.43359375,5582940,9.90530757497753,-0.029644767166713493
2019-09-24,20000.9707710438,20213.746646795866,19788.19489529173,19930.044921875,6124823,9.899983667186989,-0.005323907790540261
2019-09-25,19965.507170777557,20355.59765625,19894.581324009065,20355.59765625,3481442,9.921111222149365,0.021127554962376394
2019-09-26,20461.984375,20568.37314317882,20284.671433122876,20461.984375,2395864,9.926324022827998,0.005212800678632945
2019-09-27,20426.5247685263,20852.078238576072,20355.60058331343,20745.689453125,6059462,9.940093766879688,0.013769744051689514
2019-09-30,21029.38779511189,21100.313640564433,20461.984375,20461.984375,5307979,9.926324022827998,-0.013769744051689514
2019-10-01,20461.98769700999,20745.689453125,20426.5247685263,20745.689453125,3968319,9.940093766879688,0.013769744051689514
2019-10-02,20745.68653697572,20781.14946047451,20284.671875,20284.671875,5886888,9.917620799764094,-0.022472967115593434
2019-10-03,20071.896005761537,20355.597721997583,20000.970158763957,20284.671875,6769866,9.917620799764094,0
2019-10-04,20391.06077861208,20391.06077861208,20107.35906052399,20142.8203125,3068228,9.910603191845874,-0.007017607918220037
2019-10-07,20142.821328872295,20284.67303095108,19681.806640625,19681.806640625,5724668,9.88744996723757,-0.023153224608304157
2019-10-08,19681.80422289873,19930.04299928841,19575.415459408512,19894.580078125,3227552,9.898202615733274,0.010752648495703454
2019-10-09,19965.50387933704,20213.742630348755,19788.190963401245,20000.966796875,2262849,9.903535891211545,0.00533327547827156
2019-10-10,20071.892631950916,20213.742630348755,20000.966796875,20000.966796875,1950211,9.903535891211545,0
2019-10-11,20107.359442558165,20178.28361961201,20000.97066934592,20036.43359375,1917434,9.90530757497753,0.0017716837659840223
2019-10-14,20213.745587670328,20639.298988631366,20142.819742217784,20461.984375,5384877,9.926324022827998,0.021016447850469078
2019-10-15,20497.447678032713,20497.447678032713,20355.59765625,20355.59765625,1602432,9.921111222149365,-0.005212800678632945
2019-10-16,20497.44764510255,20568.3734917571,20355.59762354773,20391.060546875,2001018,9.92285187530439,0.0017406531550250293
2019-10-17,20355.60015047784,20391.06307820746,20071.89840039538,20107.361328125,3913916,9.908841262229515,-0.014010613074875167
2019-10-18,20142.818270842577,20426.519960174923,20071.894102325077,20249.20703125,3493341,9.915870912817336,0.0070296505878211235
2019-10-21,20355.598241632422,20355.598241632422,19965.507744941835,20036.43359375,3042354,9.90530757497753,-0.010563337839807119
2019-10-22,20036.43562161148,20071.898549604717,19752.733869420055,19965.509765625,3703423,9.901761552135298,-0.0035460228422312667
2019-10-23,19859.115126723165,20213.742630348755,19859.115126723165,20000.966796875,1804935,9.903535891211545,0.0017743390762472444
2019-10-24,20142.821491714894,20639.30078125,20000.971460243712,20639.30078125,5391780,9.934952342144243,0.031416450932697515
2019-10-25,20674.761814555695,20745.685987921923,20461.98427919431,20568.373046875,3271215,9.931509886027213,-0.0034424561170300905
2019-10-28,20568.373014994733,20852.07472328262,20497.447169984203,20603.8359375,3607940,9.933232548000891,0.001722661973678541
2019-10-29,20639.30088734104,20674.76381332972,20497.44918338632,20532.912109375,2300236,9.929784346489269,-0.003448201511622173
2019-10-30,20532.910188295737,20603.8360336372,20426.521420283538,20497.447265625,2659987,9.92805563374474,-0.001728712744528238
2019-10-31,20568.37503536368,20816.61384553005,20497.44918338632,20532.912109375,3049354,9.929784346489269,0.001728712744528238
2019-11-01,20568.37648246106,20816.61531009238,20426.5247685263,20745.689453125,4182697,9.940093766879688,0.010309420390418822
2019-11-04,20816.614514955192,21454.943859770177,20816.614514955192,21242.16796875,14026947,9.963743540238886,0.023649773359197823
2019-11-05,21313.09218794099,21313.09218794099,21064.85336936441,21206.705078125,2991740,9.962072687925039,-0.0016708523138468934
2019-11-06,21206.703225400783,21419.47909819806,21100.314453125,21100.314453125,3745010,9.957043222344815,-0.005029465580223658
2019-11-07,21100.314453125,21242.16614949272,20993.92568084921,21100.314453125,3470870,9.957043222344815,0
2019-11-08,21206.70319182155,21206.70319182155,20993.92564760689,21135.77734375,2943516,9.958722492251187,0.0016792699063721273
2019-11-11,21171.239854847023,21490.404493189497,21100.314008158857,21277.626953125,5262893,9.965411421876613,0.006688929625425999
2019-11-12,21277.62827564639,21738.644636019893,21277.62827564639,21632.255859375,6861101,9.981940806591483,0.016529384714869977
2019-11-13,21703.18019601147,21738.643119085147,21454.94140625,21454.94140625,3219635,9.973710266415138,-0.008230540176345613
2019-11-14,21454.94504985266,21632.258023579092,20391.063863984986,20674.765625,11583945,9.93666918367286,-0.037041082742277354
2019-11-15,20674.76328712109,20852.076240797174,20461.98573660457,20781.150390625,6198294,9.941801623593694,0.005132439920833676
2019-11-18,20710.223513311925,20852.07520662102,20249.208853565902,20391.060546875,6745898,9.92285187530439,-0.018949748289303514
2019-11-19,20391.063863984986,20674.765625,20391.063863984986,20674.765625,2557891,9.93666918367286,0.013817308368469838
2019-11-20,20639.29957296987,20639.29957296987,20071.896136793697,20142.8203125,5531457,9.910603191845874,-0.02606599182698588
2019-11-21,20142.82284754292,20249.21163212321,19823.659837311072,19859.12109375,7974508,9.896418681521691,-0.014184510324183108
2019-11-22,19965.50987833028,20249.21163212321,19681.80812453736,19859.12109375,3924125,9.896418681521691,0
2019-11-25,19894.58379852413,20213.748476926212,19788.196686893098,20071.8984375,2626003,9.90707602812413,0.010657346602439333
2019-11-26,20213.74411111419,20284.669951385808,20142.818270842577,20249.20703125,2338057,9.915870912817336,0.008794884693205773
2019-11-27,20284.671940978275,20355.59778820655,20178.283170135863,20213.74609375,1960542,9.914118151644963,-0.0017527611723728853
2019-11-28,20178.28577573635,20178.28577573635,19788.196909117643,19859.12109375,3308650,9.896418681521691,-0.01769947012327222
2019-11-29,19859.115126723165,20142.816795272836,19788.190963401245,20000.966796875,1784564,9.903535891211545,0.007117209689853965
2019-12-02,20036.434840210335,20036.434840210335,19362.642578125,19362.642578125,4808865,9.871100848319704,-0.03243504289184074
2019-12-06,19504.4921875,19646.342206935162,19398.103419107945,19504.4921875,1342363,9.878400086610812,0.007299238291107457
2019-12-09,19575.41598413599,19788.19351682003,19504.4918116622,19610.87890625,1691857,9.883839737474666,0.0054396508638543395
2019-12-10,19610.880789585608,19788.195417184088,19433.5678337415,19681.806640625,1923903,9.88744996723757,0.003610229762903927
2019-12-11,19681.806021463493,20071.896518154084,19575.417248251244,20036.43359375,2119069,9.90530757497753,0.017857607739959036
2019-12-12,20142.820246521725,20284.671940978275,20107.35899466187,20213.74609375,2274627,9.914118151644963,0.008810576667434233
2019-12-13,20284.669951385808,20391.058711793234,20178.28119097838,20249.20703125,4058999,9.915870912817336,0.0017527611723728853
2019-12-16,20249.209468420177,20249.209468420177,20000.97066934592,20036.43359375,2336706,9.90530757497753,-0.010563337839807119
2019-12-17,19930.043501578115,20000.969345692443,19539.95470245771,19646.341796875,5337401,9.885646431868011,-0.019661143109518164
2019-12-18,19646.343715105304,19859.119596469103,19504.493684780893,19681.806640625,2467911,9.88744996723757,0.0018035353695591283
2019-12-19,19681.8026512552,19930.04140782236,19646.339732923603,19788.19140625,1973913,9.892840645145471,0.0053906779079007094
2019-12-20,19859.118971729586,20107.359442558165,19788.194794675743,20036.43359375,1875630,9.90530757497753,0.012466929832058327
2019-12-23,20178.28177567808,20213.744696841488,19859.11715696159,19894.580078125,1848839,9.898202615733274,-0.007104959244255582
2019-12-24,20000.966796875,20036.42971441296,19894.578044261125,20000.966796875,1670472,9.903535891211545,0.00533327547827156
2019-12-25,20000.97006202926,20532.910568429827,20000.97006202926,20391.060546875,3872305,9.92285187530439,0.019315984092845184
2019-12-26,20497.447678032713,20603.83644818545,20355.59765625,20355.59765625,2714125,9.921111222149365,-0.0017406531550250293
2019-12-27,20355.59925690867,20497.449289845736,20142.821699871467,20426.5234375,2425358,9.924589503850044,0.0034782817006782096
2019-12-30,20497.448661690654,20887.539165883263,20426.52281151848,20781.150390625,6953808,9.941801623593694,0.017212119743650334
2019-12-31,20781.15274053404,20816.61566963024,20568.376837711417,20674.765625,1663062,9.93666918367286,-0.005132439920833676
2020-01-02,20674.76328712109,20923.00209096935,20568.374511862832,20781.150390625,2164349,9.941801623593694,0.005132439920833676
2020-01-03,20887.53980599287,20958.4656583386,20355.59925690867,20426.5234375,4942821,9.924589503850044,-0.017212119743650334
2020-01-06,20249.209017364137,20426.52196368054,20142.820246521725,20213.74609375,2634861,9.914118151644963,-0.010471352205080109
2020-01-07,20320.13422921211,20603.8359375,20213.74546169632,20603.8359375,2020786,9.933232548000891,0.01911439635592771
2020-01-08,20391.06077861208,20461.984954318385,20142.8203125,20142.8203125,4379022,9.910603191845874,-0.022629356155016822
2020-01-09,20320.136330735804,20461.986363672862,20249.21047839007,20426.5234375,2334099,9.924589503850044,0.013986312004169221
2020-01-10,20391.060546875,20497.44764510255,20249.208853565902,20391.060546875,2458642,9.92285187530439,-0.0017376285456531804
2020-01-13,20355.595791657423,20426.519960174923,20213.74411111419,20249.20703125,1898946,9.915870912817336,-0.006980962487054043
2020-01-14,20249.209017364137,20355.59778820655,20213.74609375,20213.74609375,1741867,9.914118151644963,-0.0017527611723728853
2020-01-15,20213.74609375,20249.209017364137,20142.820246521725,20213.74609375,2270910,9.914118151644963,0
2020-01-16,20213.745493026923,20639.298891995462,20213.745493026923,20568.373046875,4689608,9.931509886027213,0.01739173438224917
2020-01-17,20568.375142191468,20603.838068364337,20213.747552217203,20426.5234375,3352071,9.924589503850044,-0.00692038217716906
2020-01-20,20391.06057963425,20568.373524801205,20284.671809481504,20355.59765625,2961763,9.921111222149365,-0.0034782817006782096
2020-01-21,20497.44891231488,20568.374763354273,19681.806640625,19681.806640625,10503677,9.88744996723757,-0.03366125491179517
2020-01-22,19504.4930711974,20036.43359375,19398.10429798515,20036.43359375,7640703,9.90530757497753,0.017857607739959036
2020-01-30,19610.879381713545,19788.193996582544,19114.401803588855,19398.103515625,6368262,9.872930583346353,-0.032376991631176466
2020-01-31,19149.86274585373,19469.027347851836,18440.609375,18440.609375,9939684,9.82231054293116,-0.0506200404151933
2020-02-03,17589.506346104514,18617.924437013255,17376.728805843995,18263.296875,8696231,9.812648689603918,-0.009661853327241232
2020-02-04,18582.461414243153,18582.461414243153,18085.983833132705,18369.685546875,3985962,9.81845706030953,0.00580837070561202
2020-02-05,18546.996461163315,18724.309385938228,18440.609375,18440.609375,3979156,9.82231054293116,0.0038534826216292117
2020-02-06,18617.922936552408,19008.01171875,18369.68416467554,19008.01171875,4123805,9.852615838678911,0.03030529574775187
2020-02-07,18795.234294223632,18972.548881975912,18724.308459122723,18901.623046875,2941392,9.847003072856676,-0.005612765822235133
2020-02-10,18582.45892873758,18795.2347676458,18476.07017340645,18653.384765625,1781475,9.833782897378326,-0.013220175478350527
2020-02-11,18759.77294687313,19043.474639268716,18688.84877758984,19008.01171875,2619704,9.852615838678911,0.01883294130058566
2020-02-12,19078.941295736306,19398.105971147932,19043.4783682734,19185.330078125,2666745,9.861901207543474,0.009285368864562216
2020-02-13,19185.32805878944,19327.17808195627,19043.476363868325,19256.25390625,2487413,9.865591165201174,0.0036899576577003046
2020-02-14,19185.32577496899,19327.17578125,19149.862855460215,19327.17578125,2134226,9.869267456057162,0.00367629085598864
2020-02-17,19362.641039036145,19362.641039036145,19149.86516804228,19220.791015625,1753235,9.863747837537186,-0.005519618519976177
2020-02-18,19291.71758616416,19859.12109375,19256.25632972523,19859.12109375,4250255,9.896418681521691,0.03267084398450493
2020-02-19,19823.658272663797,19930.045377092632,19681.8065710862,19752.732421875,1644284,9.891047111234407,-0.0053715702872843
2020-02-20,19894.578489490763,20000.96724448556,19681.8026512552,19788.19140625,1884585,9.892840645145471,0.0017935339110639603
2020-02-21,19823.656919556342,19823.656919556342,19398.103515625,19398.103515625,3519167,9.872930583346353,-0.01991006179911814
2020-02-24,18830.69771422615,19114.3993904457,18617.921875,18617.921875,5459603,9.83187993745966,-0.04105064588669194
2020-02-25,18476.07302351382,19149.865234375,18440.61177135392,19149.865234375,3397713,9.860050957214577,0.028171019754916315
2020-02-26,18937.088766250876,19575.416361340456,18795.237075061475,19504.4921875,7774949,9.878400086610812,0.018349129396234787
2020-02-27,19504.495155324723,20036.43573471714,19362.643442551012,19859.12109375,7064787,9.896418681521691,0.018018594910879315
2020-02-28,19504.49020580575,19752.72896841142,19362.63852902875,19539.953125,5146338,9.880216526668615,-0.016202154853075967
2020-03-02,19539.956541262967,19930.045377092632,19433.56776507977,19752.732421875,4313299,9.891047111234407,0.010830584565791668
2020-03-03,19930.043343573856,20213.7450460278,19752.730406447965,19823.65625,2881389,9.894631263625765,0.0035841523913582307
2020-03-05,19681.807245862557,19823.65895230344,19362.642578125,19362.642578125,3129148,9.871100848319704,-0.023530415306060704
2020-03-06,19220.7910822034,19256.254006117597,18972.552286558304,19149.865234375,3149857,9.860050957214577,-0.01104989110512733
2020-03-09,18156.910749487633,18440.612479948377,17837.74609375,17837.74609375,11428869,9.789072058115991,-0.07097889909858601
2020-03-10,18085.983865253897,18440.611426000156,17837.745074257793,18334.22265625,4900486,9.816524682892725,0.027452624776733714
2020-03-11,18440.61001531708,18617.922946248866,17554.042017149877,18015.056640625,6645467,9.798963167258572,-0.01756151563415287
2020-03-12,17234.879072980897,17483.117869024853,16773.862733109865,17057.564453125,9610272,9.744349047262244,-0.05461411999632837
2020-03-13,16064.609385621146,17731.356793845818,16029.146461392413,17075.296875,7045719,9.745388070817862,0.001039023555618357
2020-03-16,17075.29720426699,17624.96836102604,16844.789028212424,16880.251953125,4583384,9.733899694171551,-0.011488376646310527
2020-03-17,16667.475503691207,17199.416015625,16490.16088521042,17199.416015625,5972886,9.752630709645201,0.018731015473649748
2020-03-18,17376.730973169877,17412.19390096977,17146.224450102294,17163.955078125,3965109,9.75056682889318,-0.002063880752020353
2020-03-19,16880.253867939682,17057.566840861742,16880.253867939682,16915.716796875,3129486,9.735998456721033,-0.014568372172147903
2020-03-20,17093.02976979706,17110.762070141987,16791.597381478652,16915.716796875,3116863,9.735998456721033,0
2020-03-23,16348.31170282608,16632.013435229273,15745.4453125,15745.4453125,6822579,9.664306415923361,-0.07169204079767155
2020-03-24,15958.222146112104,15958.222146112104,15426.281575083814,15780.9091796875,5289467,9.666556208689908,0.0022497927665465767
2020-03-25,16312.84765625,16454.69934858041,16011.41531767927,16312.84765625,5145349,9.699708276098482,0.033152067408574126
2020-03-26,16135.5368985893,16259.656310316634,15674.5205078125,15674.5205078125,5692084,9.659791775420013,-0.03991650067846919
2020-03-27,15745.445353510557,15745.445353510557,15213.504812838377,15284.4306640625,6356894,9.634589985614364,-0.025201789805649355
2020-03-30,14362.398469662974,14575.174334636573,14220.546778511078,14326.935546875,5207862,9.569896649165797,-0.0646933364485669
2020-03-31,14717.02650041413,15036.191144044744,14220.547237125227,14575.1748046875,4013985,9.587075004607321,0.017178355441524573
2020-04-01,14468.789873544874,15319.895160223983,14468.789873544874,15000.73046875,3507074,9.615854176815308,0.028779172207986647
2020-04-03,15248.96857297614,15834.102698211682,15142.579790317644,15816.3720703125,5001038,9.668800889504986,0.05294671268967832
2020-04-06,16312.846639789912,16844.787109375,16135.5337071796,16844.787109375,6562632,9.731796517552123,0.06299562804713688
2020-04-07,16844.78913151009,16915.71498177018,16490.161551963996,16773.86328125,5946722,9.72757719687623,-0.004219320675893812
2020-04-08,16348.311814418355,16685.207101523523,16224.192410129375,16614.28125,3805495,9.718017920749773,-0.00955927612645624
2020-04-09,16667.476474519837,16880.252357336027,16490.161845711023,16614.28125,5170885,9.718017920749773,0
2020-04-10,16525.625354144835,16667.477062193393,16277.386536814303,16454.701171875,4542497,9.70836650088893,-0.009651419860842836
2020-04-13,16454.69890587572,16667.474766892457,16348.310139490248,16490.16015625,3029972,9.710519127832132,0.002152626943201952
2020-04-14,16880.250785525666,17554.04296875,16667.47492252217,17554.04296875,9828416,9.773039570952987,0.06252044312085481
2020-04-15,17908.670342406513,18015.05911865217,17678.163834839135,17766.8203125,5322533,9.785087969431547,0.01204839847856043
2020-04-16,17624.96854208867,18015.05904838008,17483.11851273548,17837.74609375,3640910,9.789072058115991,0.003984088684443776
2020-04-17,18156.908203125,18192.369451674367,17802.280671844183,18156.908203125,6351777,9.806806384528691,0.01773432641270034
2020-04-20,18405.148634776644,18440.611558281085,17979.595224477634,18192.37109375,5405997,9.808757614515226,0.0019512299865347416
2020-04-21,17908.67091572222,18050.522621924243,17341.267434422978,17483.119140625,9019850,9.768991073830096,-0.039766540685130636
2020-04-22,17305.80315944619,18156.908232861573,17270.340239084613,18121.4453125,5903397,9.804851339799043,0.03586026596894776
2020-04-23,18476.073198236543,18511.536122486104,18085.984375,18085.984375,3290765,9.802892573372151,-0.001958766426891856
2020-04-24,18050.52145075044,18156.91022349912,17766.819728508264,18085.984375,3406547,9.802892573372151,0
2020-04-27,18263.29544301533,18263.29544301533,17908.66790880763,17979.59375,3426749,9.79699271322085,-0.005899860151300729
2020-04-28,17979.59375,18015.056670596183,17802.280818773223,17979.59375,2351622,9.79699271322085,0
2020-04-29,18015.056640625,18227.83249209397,17908.667879013447,18015.056640625,3256540,9.798963167258572,0.0019704540377212254
2020-05-04,17802.280878359503,18050.519651609528,17660.42919549997,17908.66796875,2161476,9.793040118684772,-0.005923048573800216
2020-05-05,18015.05856005938,18085.984408690623,17873.20853455121,18050.521484375,1636416,9.800929854444796,0.007889735760024053
2020-05-06,18085.98482826015,18830.701240901624,18085.98482826015,18759.775390625,8375653,9.839470249707357,0.03854039526256159
2020-05-07,18795.236175747392,18972.55078125,18582.460320898423,18972.55078125,4901403,9.850748517845838,0.011278268138481096
2020-05-08,19008.01363839983,19539.955828148115,19008.01363839983,19043.4765625,8653630,9.85447988424564,0.003731366399801317
2020-05-11,19149.865234375,19291.715258277494,18901.62643872991,19149.865234375,5115516,9.860050957214577,0.0055710729689373295
2020-05-12,19149.86482289548,19291.71484375,19008.0131302867,19291.71484375,6826200,9.867431000017524,0.007380042802946463
2020-05-13,19734.269129250224,20585.959513874255,19692.72466912369,20502.8671875,14384827,9.928320018151487,0.06088901813396319
2020-05-14,20336.686835328692,20399.005236538746,20149.729928637724,20232.822265625,5451442,9.915061429359897,-0.013258588791590142
2020-05-19,20440.54630306685,20648.275390625,20191.27105738499,20648.275390625,6042529,9.935387078709013,0.020325649349116404
2020-05-21,20315.91274738689,20482.095703125,20295.138813506714,20482.095703125,4212432,9.927306403172313,-0.0080806755367
2020-05-22,20357.460098889285,20357.460098889285,20128.95703125,20128.95703125,3634546,9.909914705629868,-0.017391697542445073
2020-05-25,20149.7292632805,20191.275430402256,19858.90949954971,20128.95703125,4266875,9.909914705629868,0
2020-05-26,20149.728689682783,20274.3671875,20087.41029230453,20274.3671875,3391001,9.917112667029201,0.007197961399333153
2020-05-27,20315.909819091376,20523.638909587513,19941.99609375,19941.99609375,4404515,9.900583143508165,-0.016529523521036538
2020-05-28,20025.08841117262,20191.271342957447,19941.99609375,19941.99609375,2506773,9.900583143508165,0
2020-05-29,19942.00074829878,19983.546916707142,19734.27160931777,19921.228515625,2825351,9.899541201708056,-0.0010419418001088587
2020-06-01,19941.99822926897,20087.408948799875,19941.99822926897,20066.63671875,2724566,9.906813850206593,0.007272648498537038
2020-06-02,20066.63456988393,20149.725184246137,19941.99609375,19941.99609375,3057395,9.900583143508165,-0.006230706698428179
2020-06-03,19941.99960054363,20336.685623115853,19900.455137587152,20212.048828125,3973168,9.914034182207663,0.013451038699498596
2020-06-04,20315.91074054293,20315.91074054293,20108.181640625,20108.181640625,2644623,9.908882058023357,-0.005152124184306217
2020-06-05,20108.185463204896,20232.822265625,20004.320893501204,20232.822265625,2594545,9.915061429359897,0.006179371336539674
2020-06-10,20357.459519378142,20357.459519378142,20108.18422680442,20274.3671875,2744274,9.917112667029201,0.0020512376693044843
2020-06-11,20274.366099833336,20274.366099833336,19111.08203125,19111.08203125,8978824,9.858023656837574,-0.05908901019162727
2020-06-12,18695.624521603568,19526.541015625,18695.624521603568,19526.541015625,6601694,9.879529896849535,0.021506240011960998
2020-06-15,19941.99849321212,19941.99849321212,19069.537570600383,19111.08203125,2534310,9.858023656837574,-0.021506240011960998
2020-06-16,19360.35546875,19443.4477882661,19235.718692536306,19360.35546875,2310220,9.87098272165116,0.012959064813585996
2020-06-17,19401.90290468748,19422.67513440259,19214.94602500921,19256.4921875,1655182,9.865603539351248,-0.0053791822999116334
2020-06-18,19235.718692536306,19401.90162850805,19173.400304429455,19360.35546875,1727276,9.87098272165116,0.0053791822999116334
2020-06-19,19360.35805743285,19526.541015625,19360.35805743285,19526.541015625,1564598,9.879529896849535,0.008547175198375001
2020-06-22,19526.541015625,19526.541015625,19464.22261918553,19526.541015625,1652139,9.879529896849535,0
2020-06-23,19505.765765389348,20108.180811537142,19422.67344762399,19755.041015625,3554813,9.891163979058218,0.011634082208683338
2020-06-24,19900.456240806852,19921.228473436637,19547.316364674833,19609.634765625,1273976,9.883776294112561,-0.007387684945657114
2020-06-25,19381.128879193275,19568.08403848845,19360.354948342425,19443.447265625,1533829,9.875265390772245,-0.008510903340315679
2020-06-26,19443.44847404356,19588.859186795195,19401.90231282016,19464.220703125,1265329,9.876333223441664,0.001067832669418678
2020-06-29,19360.35680864273,19360.35680864273,19048.76314348324,19131.85546875,2689034,9.859110050347129,-0.017223173094535582
2020-06-30,19173.400978027716,19277.265529541575,18861.80732348614,18965.671875,3345939,9.850385880598031,-0.008724169749097399
2020-07-01,19111.081503001293,19235.719990686852,19027.990880938156,19194.173828125,1818952,9.86236206551486,0.011976184916829169
2020-07-02,19235.716819538855,19235.716819538855,19090.306126074665,19173.3984375,1131593,9.86127909927912,-0.0010829662357405567
2020-07-03,19318.811827027723,19318.811827027723,19152.6288693955,19214.947265625,1111864,9.863443758557239,0.002164659278118819
2020-07-06,19318.80878970114,19505.765652056725,19235.718175478974,19443.447265625,2287511,9.875265390772245,0.011821632215006872
2020-07-07,19526.543087781043,19900.456912218953,19526.543087781043,19713.5,5748948,9.88905895921733,0.013793568445084503
2020-07-08,19651.180316252892,19900.45561527893,19651.180316252892,19817.36328125,3090724,9.894313765797643,0.005254806580312632
2020-07-09,19900.45496538151,20108.184090609186,19858.908799723835,20087.41015625,4824948,9.907848537415978,0.013534771618335384
2020-07-13,19941.99960054363,20336.685623115853,19838.135037031017,20212.048828125,5588053,9.914034182207663,0.006185644791685263
2020-07-14,20066.637393263172,20295.138743734937,20066.637393263172,20170.501953125,3252186,9.911976516762797,-0.0020576654448660747
2020-07-16,20170.50120751974,20253.593533561947,20108.182814518383,20191.2734375,2225848,9.913005782002383,0.001029265239585797
2020-07-17,20149.727875858644,20149.727875858644,19983.544921875,19983.544921875,2755944,9.902664459982121,-0.0103413220202615
2020-07-20,19983.542362712833,20025.088521653357,19671.948725249527,19692.72265625,4301883,9.888004438165838,-0.01466002181628312
2020-07-21,19734.26970989635,19921.226598209003,19630.4051504028,19858.908203125,1973361,9.896407961421586,0.008403523255747558
2020-07-22,19941.99620377231,19941.99620377231,19651.176497309476,19692.72265625,1716593,9.888004438165838,-0.008403523255747558
2020-07-23,19692.72380233621,19838.1328125,19568.085318260873,19838.1328125,1928027,9.89536126413684,0.007356825971001513
2020-07-24,19692.72645772647,19755.044856636963,18861.809930757845,19069.5390625,6654353,9.855847527484308,-0.039513736652532216
2020-07-27,18695.62030881197,19069.53400931403,18113.979234673625,18155.525390625,6872230,9.806730222599358,-0.04911730488495003
2020-07-28,18446.350485981897,19027.993433760745,18342.48591717293,18986.447265625,4100041,9.851480701818591,0.044750479219233696
2020-07-29,18446.349820389652,18654.080653572917,18197.07622669121,18508.669921875,3261966,9.82599454571259,-0.0254861561060018
2020-07-30,18529.442246385337,18757.9453125,18529.442246385337,18757.9453125,1284973,9.83937269164188,0.013378145929291207
2020-07-31,18280.165417484503,18778.71597174593,18280.165417484503,18487.89453125,2321805,9.824871447224076,-0.014501244417804315
2020-08-03,18487.89613117337,19069.5390625,18487.89613117337,19069.5390625,2921959,9.855847527484308,0.030976080260231242
2020-08-04,19318.812003193616,19443.450499849852,19194.17520959807,19339.5859375,2206497,9.86990935913487,0.01406183165056163
2020-08-05,19318.811892119644,19588.861115125153,19214.94733036697,19526.541015625,2788307,9.879529896849535,0.009620537714665645
2020-08-06,19526.537879847165,19630.40242492018,19401.90110698371,19443.447265625,2421310,9.875265390772245,-0.004264506077289454
2020-08-07,19443.451093225784,19858.909355304157,19443.451093225784,19568.087890625,2694218,9.881655349465568,0.006389958693322484
2020-08-10,19671.953166575167,19858.910072486473,19568.08859730462,19609.634765625,2435393,9.883776294112561,0.0021209446469931947
2020-08-11,19713.497908004098,19713.497908004098,19526.541015625,19526.541015625,2538906,9.879529896849535,-0.004246397263026225
2020-08-12,19568.0885148545,19734.271484375,19484.997881624648,19734.271484375,2588312,9.890112072511851,0.010582175662316118
2020-08-13,19817.363946134497,19921.228515625,19734.27160931777,19921.228515625,3587071,9.899541201708056,0.009429129196204755
2020-08-14,19983.54499329301,20025.09115770256,19713.497479221896,19858.908203125,3428968,9.896407961421586,-0.003133240286469885
2020-08-17,19901.3412759572,19943.7734375,19731.60567198299,19943.7734375,2201271,9.900672265206058,0.00426430378447229
2020-08-18,19943.77302733091,20007.424747237532,19858.906966539933,19880.123046875,1312174,9.897475669672044,-0.0031965955340140795
2020-08-19,19901.34086666078,19964.990847116685,19795.256986084027,19880.123046875,1841052,9.897475669672044,0
2020-08-20,19901.34025587256,20134.724090198393,19880.122436737976,19964.990234375,3829127,9.901735530359963,0.004259860687918504
2020-08-21,20049.85804211763,20155.941928695494,20028.641960582387,20113.509765625,2644938,9.909146995913579,0.007411465553616381
2020-08-24,20346.894715425,20622.71248748232,20304.460810619817,20559.0625,7430219,9.931057120280443,0.02191012436686357
2020-08-25,20622.709093919097,20771.226866572484,20601.49301473316,20728.79296875,6935866,9.9392789774321475,0.008221857151704981
2020-08-26,20707.575638459388,20728.791716363496,20452.97400635755,20537.841796875,2789294,9.930024404781596,-0.009254572650551296
2020-08-27,20474.19174537825,21259.212783278377,20474.19174537825,21153.12890625,7818036,9.959543112362342,0.029518707580745485
2020-08-28,21301.649583367664,21683.55124479655,21174.349609375,21174.349609375,8414916,9.960545804024926,0.0010026916625847093
2020-08-31,21174.349108836526,21344.082983298053,20940.963509432433,21004.615234375,4073029,9.952497465624473,-0.008048338400453048
2020-09-01,21004.61573090115,21428.951296811218,20940.964004453926,21174.349609375,3688465,9.960545804024926,0.008048338400453048
2020-09-03,21386.513671875,21428.947568974272,21174.34592582923,21386.513671875,4788450,9.970515800100205,0.009969996075279042
2020-09-04,21004.615423277275,21216.783203125,21004.615423277275,21216.783203125,3229036,9.962547807986962,-0.007967992113243838
2020-09-07,21195.562566240293,21216.7803850774,20580.275390625,20580.275390625,4766328,9.932088390767168,-0.030459417219793394
2020-09-08,20686.363567465567,21004.615234375,20580.277939044907,21004.615234375,3418684,9.952497465624473,0.020409074857305143
2020-09-09,20643.926720201856,21004.612239156297,20622.70890176301,20877.310546875,3128944,9.946418228474176,-0.006079237150297345
2020-09-10,21004.612239156297,21131.91219198699,20834.876649447902,20877.310546875,2111295,9.946418228474176,0
2020-09-14,20898.52611080052,21004.60997319874,20834.87440180126,20919.7421875,2366195,9.948448594369651,0.002030365895475228
2020-09-15,21004.615423277275,21216.783203125,20919.74761555784,21216.783203125,4001859,9.962547807986962,0.014099213617310369
2020-09-16,21216.781456369823,21556.249180397816,21216.781456369823,21428.94921875,4025785,9.972498054076002,0.009950246089040604
2020-09-17,21344.083175253287,21428.950982972725,21174.349299265283,21216.783203125,3280457,9.962547807986962,-0.009950246089040604
2020-09-18,21259.214921243627,21810.852180937825,21216.782757725545,21725.984375,6940168,9.986264259809051,0.02371645182208937
2020-09-21,21768.41827796891,21938.15215039373,21725.984375,21725.984375,3211700,9.986264259809051,0
2020-09-22,21556.252130458794,21768.419921875,21471.38431811193,21768.419921875,3422252,9.988215571065101,0.0019513112560503032
2020-09-23,21768.42054916747,21853.28836395994,21556.252751637305,21683.552734375,3772984,9.984309313639875,-0.003906257425226656
2020-09-24,21513.81528003164,21641.116981130177,21301.64751765146,21428.94921875,3627536,9.972498054076002,-0.011811259563872412
2020-09-25,21513.818047300658,21556.251953125,21216.784185432112,21556.251953125,2530217,9.97842116729112,0.005923113215118292
2020-09-28,21598.68665903354,21768.42054916747,21471.384936844835,21683.552734375,2754265,9.984309313639875,0.00588814634875412
2020-09-29,21810.851784981147,21810.851784981147,21301.6484375,21301.6484375,3988762,9.966539740134879,-0.01776957350499586
2020-09-30,21301.64927139357,21386.517079113008,21110.699313201138,21216.783203125,5247669,9.962547807986962,-0.003991932147917154
2020-10-01,21301.650257629863,21556.251953125,21301.650257629863,21556.251953125,1900491,9.97842116729112,0.015873359304158896
2020-10-02,21556.24585464641,21683.54579665407,20792.44272369952,21344.078125,4088351,9.968529608987886,-0.009891558303234405
2020-10-05,21386.51531838382,21556.249180397816,21174.34755600364,21428.94921875,3144769,9.972498054076002,0.003968445088116113
2020-10-06,21556.249180397816,21598.683080763996,21344.08141801764,21428.94921875,3190796,9.972498054076002,0
2020-10-07,21301.64587767646,21513.813623722224,21301.64587767646,21386.513671875,3135009,9.970515800100205,-0.001982253975796766
2020-10-08,21428.95276889961,21853.28836395994,21344.08495410714,21683.552734375,6427996,9.984309313639875,0.013793513539669178
2020-10-09,21641.119764773695,21725.98583697145,21556.251953125,21556.251953125,2462950,9.97842116729112,-0.00588814634875412
2020-10-12,21598.685546875,21810.85333348023,21471.38383124131,21598.685546875,3254578,9.980387737509215,0.0019665702180944322
2020-10-13,21598.684211425072,21641.118114012606,21428.950340525746,21513.81640625,2565162,9.976450631268172,-0.0039371062410431534
2020-10-14,21556.25133142397,21810.853019576178,21386.517452472795,21641.119140625,5057622,9.982350447918233,0.005899816650060785
2020-10-15,21725.984375,21810.852180937825,21513.81659960627,21725.984375,4040980,9.986264259809051,0.003913811890818408
2020-10-16,21725.986999048215,22871.69382033229,21598.68701421711,22574.658203125,12109153,10.024583237666691,0.03831897785764049
2020-10-19,22744.391555269547,22829.257623498383,22489.78987168131,22617.08984375,4897924,10.026461087271002,0.0018778496043108106
2020-10-20,22532.22603448199,22617.092111219048,22277.624325368743,22574.658203125,3958686,10.024583237666691,-0.0018778496043108106
2020-10-21,22574.65378155534,23126.290999829816,22404.919921875,22404.919921875,6936579,10.017035853095356,-0.007547384571335414
2020-10-22,22404.919732683105,22914.123046875,22320.05367328491,22914.123046875,4924935,10.0395087263822,0.02247287328684422
2020-10-23,22998.993341640493,23126.29506335699,22701.95946987068,22871.693359375,5554095,10.03765532709936,-0.001853399282840229
2020-10-26,22871.68934058396,23126.290999829816,22404.919921875,22404.919921875,8085676,10.017035853095356,-0.02061947400400399
2020-10-27,22447.35819685207,22574.65818156158,22107.888671875,22107.888671875,6692698,10.003689777291614,-0.013346075803742252
2020-10-28,22065.453660986335,22235.187531885666,21513.81640625,21513.81640625,7547794,9.976450631268172,-0.027239146023442018
2020-10-29,21386.51776026977,21768.419428269,21301.64994984731,21598.685546875,5708105,9.980387737509215,0.0039371062410431534
2020-10-30,21810.85125508238,21853.28515625,21428.949623475288,21853.28515625,3085184,9.992106539622705,0.011718802113490412
2020-11-02,21853.28238537605,21938.1484375,21725.98069801433,21938.1484375,1817798,9.995982338175939,0.0038757985532331674
2020-11-03,22023.018302731565,22447.35382165776,21938.150503166045,22404.919921875,5379012,10.017035853095356,0.021053514919417537
2020-11-04,22489.787109375,22617.08706580808,22277.619355686104,22489.787109375,2874715,10.020816578895886,0.003780725800529794
2020-11-05,22362.490915829887,22659.52653986085,22065.45703125,22065.45703125,2740748,10.001768634439511,-0.01904794445637492
2020-11-06,22235.1875,22404.921370655928,22107.885792419947,22235.1875,2072068,10.009431335560468,0.007662701120956683
2020-11-09,22404.919826216177,22659.521484375,22362.48592661459,22659.521484375,4222066,10.02833541716463,0.01890408160416257
2020-11-10,22914.122616752793,22914.122616752793,22489.787109375,22489.787109375,3650539,10.020816578895886,-0.007518838268744332
2020-11-11,22659.520964435986,22659.520964435986,22362.48541349127,22489.787109375,3501293,10.020816578895886,0
2020-11-12,22489.787322426186,22701.955078125,22447.35342339629,22701.955078125,2591061,10.030206326550443,0.009389747654557468
2020-11-13,22829.259765625,22829.259765625,22701.95978161144,22829.259765625,2766585,10.035798315241061,0.005591988690618166
2020-11-16,22914.125431178083,23083.85930708662,22489.78987168131,22617.08984375,7794320,10.026461087271002,-0.009337227970059203
2020-11-17,22744.38918862793,22956.55694629944,22489.787531531983,22914.123046875,5279613,10.0395087263822,0.013047639111197995
2020-11-18,23041.42300569763,23041.42300569763,22786.821348601687,22914.123046875,3687940,10.0395087263822,0
2020-11-19,23041.425045256343,23762.796180973382,22914.125075165495,23380.89453125,10452963,10.05967449482665,0.02016576844444984
2020-11-20,23380.8940090929,23720.361748054507,23338.46010686,23423.326171875,3856264,10.061487649777728,0.0018131549510780332
2020-11-23,23423.3238285368,23847.659329512444,23168.72391951192,23720.359375,5928375,10.074089003713585,0.012601353935856707
2020-11-24,23720.358543801653,23974.960183355524,23338.456954196132,23593.05859375,6304691,10.068707820366285,-0.005381183347299867
2020-11-25,23890.095617535313,23890.095617535313,23423.326171875,23423.326171875,3852634,10.061487649777728,-0.00722017058855684
2020-11-26,23550.628074902514,23762.795848384947,23253.592496246783,23635.494140625,3431823,10.070504850164486,0.009017200386757906
2020-11-27,23720.36214002352,23847.662109375,23593.06217067204,23847.662109375,4169113,10.079441466747594,0.008936616583108403
2020-11-30,24059.83259398008,24059.83259398008,23508.1953125,23508.1953125,5796276,10.065104376039868,-0.01433709070772693
2020-12-01,23338.46010686,23508.1939763408,23253.59230239419,23423.326171875,7193389,10.061487649777728,-0.0036167262621393803
2020-12-02,23338.456954196132,23635.490750800174,23338.456954196132,23593.05859375,4424705,10.068707820366285,0.00722017058855684
2020-12-03,23550.624697249263,23635.490750800174,23380.89085069687,23593.05859375,3416816,10.068707820366285,0
2020-12-04,23508.194172315867,23720.3619457983,23508.194172315867,23635.494140625,2898285,10.070504850164486,0.0017970297982010663
2020-12-07,23720.3619457983,23762.795848384947,23550.628074902514,23635.494140625,3054142,10.070504850164486,0
2020-12-08,23635.49433415531,24017.397721111414,23550.628267737935,23847.662109375,4821191,10.079441466747594,0.008936616583108403
2020-12-09,23890.09739546134,24526.6007579717,23847.663490070463,24399.30078125,6300242,10.10230975436454,0.022868287616946148
2020-12-10,24187.130657636262,24484.166227232337,23974.962890625,23974.962890625,4433709,10.084765351914154,-0.017544402450386798
2020-12-11,24017.395052821543,24187.12890625,23890.093358162227,24187.12890625,3673479,10.093575907277181,0.008810555363027106
2020-12-14,24187.132192031306,24611.46775297304,24144.69828804696,24272,3030174,10.097078701588314,0.003502794311133428
2020-12-15,24399.29780088429,24441.73170109188,24017.39617791741,24059.830078125,5597309,10.088298927081661,-0.008779774506653126
2020-12-16,24271.998354232102,24399.29831810268,24187.13055201789,24229.564453125,4188233,10.095328838127962,0.007029911046300796
2020-12-17,24144.69675634386,24229.56455892867,23762.795123613738,23974.962890625,7544163,10.084765351914154,-0.010563486213808204
2020-12-18,23974.96339632597,24229.565069999913,23974.96339632597,24144.697265625,3217094,10.091820060048256,0.007054708134102583
2020-12-21,24314.43297046825,24526.6007579717,24229.566899137422,24399.30078125,4842767,10.10230975436454,0.010489694316284215
2020-12-22,24356.866747035812,24823.636224964856,24229.5667709874,24653.90234375,5407346,10.112690477032395,0.010380722667854059
2020-12-23,24738.768545475155,24866.070261647783,24272.0008045283,24399.30078125,2920322,10.10230975436454,-0.010380722667854059
2020-12-24,24399.29665789823,24526.59661310691,23932.527256382,24187.12890625,5008195,10.093575907277181,-0.008733847087359692
2020-12-25,24187.130752572008,24441.732421875,24017.396886186936,24441.732421875,3410793,10.104047295465433,0.010471388188252106
2020-12-28,24569.033203125,24866.068783756175,24399.299331100396,24569.033203125,4611268,10.109242116068884,0.005194820603451333
2020-12-29,24569.034713607343,24950.93638400438,24441.73473662531,24866.0703125,4560603,10.121259515165123,0.01201739909623889
2020-12-30,24993.370106179715,24993.370106179715,24653.90234375,24653.90234375,2527342,10.112690477032395,-0.00856903813272858
2020-12-31,24653.900782238667,25120.670230603795,24611.46687975987,25078.236328125,4273948,10.129755670429065,0.017065193396669898
2021-01-04,25290.404183126942,25545.005859375,25163.102475277505,25545.005859375,451516,10.148197111139504,0.01844144071043985
2021-01-05,25460.137118703875,26945.31147955772,25375.26931658907,26605.84375,489483,10.188886160491133,0.04068904935162898
2021-01-06,26775.576572008064,26987.744329581485,26436.10885567086,26478.541015625,376945,10.184089910935773,-0.004796249555360177
2021-01-07,26563.410464540793,26690.710431212385,26266.374889706025,26520.9765625,451285,10.185691267245506,0.0016013563097327932
2021-01-08,26733.14555369096,27030.181142086178,26563.41167722978,26860.447265625,570959,10.198410121674442,0.012718854428936055
2021-01-11,27115.04807493059,27454.517578125,26860.44812184844,27454.517578125,414052,10.220286008191813,0.021875886517371157
2021-01-12,27581.81760555427,28006.153180741985,27157.482030366555,27921.287109375,511101,10.237144655719723,0.016858647527909554
2021-01-13,27963.71842936248,28600.22173329532,27963.71842936248,28218.318359375,548208,10.247726633247634,0.010581977527911235
2021-01-14,28218.316925503783,28430.48468270041,27878.849209769447,28175.884765625,373063,10.246221740921584,-0.0015048923260501113
2021-01-15,28430.487782624135,28430.487782624135,28175.88783778837,28260.75390625,323300,10.249229333386218,0.0030075924646340013
2021-01-18,28430.486965252345,28430.486965252345,28091.019222263716,28133.453125,253745,10.244714649904504,-0.004514683481714243
2021-01-19,28006.1528261345,28048.58673100617,26181.5105717109,26308.810546875,735757,10.177659163847608,-0.06705548605689593
2021-01-20,26605.845581207792,27030.181142086178,25545.006679011825,26860.447265625,768961,10.198410121674442,0.020750957826834338
2021-01-21,27369.648510451934,27921.285775513592,26860.44688822292,27836.41796875,485475,10.234100441254727,0.03569031958028468
2021-01-22,27878.85133561946,28642.654623989456,27751.551367374737,28388.0546875,438713,10.2537237260732,0.019623284818473863
2021-01-25,28345.622211299953,28939.691658753894,28091.02052254801,28430.48828125,653127,10.255217379356862,0.0014936532836618
2021-01-26,28642.653689994833,28642.653689994833,27793.982624168388,28006.150390625,545165,10.240179421844353,-0.015037957512509692
2021-01-27,27878.85323441347,28048.58711678374,26690.712578919694,26733.146484375,467362,10.193659515799538,-0.04651990604481426
2021-01-28,25460.139770834387,26436.112639016737,24866.0703125,24866.0703125,1068796,10.121259515165123,-0.072400000634415207
2021-01-29,25035.80158703135,26605.84375,25035.80158703135,26605.84375,674115,10.188886160491133,0.06762664532601015
2021-02-01,27327.215884528883,27751.551432271364,26436.110886379513,26945.3125,423413,10.20156462799936,0.012678467508226987
2021-02-02,26775.577693066803,28006.150390625,26733.14379188533,28006.150390625,685176,10.240179421844353,0.038614793844992334
2021-02-03,28642.65357321632,29958.094067774306,28048.584177450033,29703.494140625,875937,10.29901996570332,0.058840543858966754
2021-02-04,29788.362926208905,31061.369561791187,29788.362926208905,30764.333984375,923202,10.33411131045578,0.035091344752460785
2021-02-05,30976.502048509763,31146.23418084388,30467.298693704124,30934.06640625,437580,10.339613328303287,0.00550201784750648
2021-02-08,30934.066345174277,30934.066345174277,29533.759731399743,30255.130859375,846994,10.317421064261909,-0.02219226404137764
2021-02-17,32376.80715928436,33522.513784587674,32207.07503484406,33055.74609375,658836,10.405950690795661,0.08852962653375229
2021-02-18,33098.179071236525,33225.47903743095,32504.10792379376,33183.046875,470783,10.409794388190287,0.0038436973946254227
2021-02-19,32801.14496198309,33098.18054896618,32249.509431244052,32504.109375,781323,10.389121802632367,-0.02067258555791973
2021-02-22,32504.11265263957,32886.01608568547,32291.94485181453,32588.98046875,486776,10.391729487781358,0.0026076851489911235
2021-02-23,32376.807575900257,32673.843146119805,31655.436470767505,32037.33984375,707193,10.374657371635251,-0.01707211614610671
2021-02-25,32291.939359711057,32376.80716138746,31613.003904102796,32334.375,404545,10.383886184793315,0.009228813158063787
2021-02-26,31825.171668843064,32419.24280167641,31782.739507455604,32334.375,406329,10.383886184793315,0
2021-03-01,32588.974924010843,33098.178255134706,32588.974924010843,33055.74609375,436153,10.405950690795661,0.022064506002346107
2021-03-02,33480.081623202976,33480.081623202976,32631.41056429703,33055.74609375,382339,10.405950690795661,0
2021-03-03,33098.17495034494,33140.60710749287,32843.57504965506,32970.875,335683,10.403379874991748,-0.0025708158039137174
2021-03-04,32970.87745663107,33013.30961694058,31867.603020668288,32207.07421875,608968,10.379941403637288,-0.023438471354459978
2021-03-05,32037.338619709142,32249.506379059516,31613.0031010084,32207.07421875,526275,10.379941403637288,0
2021-03-08,32249.506471639063,32461.67423159851,31994.906551248285,32164.638671875,347688,10.378622950201247,-0.0013184534360402012
2021-03-09,31825.17578125,32122.211386049217,31613.00798909369,31825.17578125,458043,10.368012946780345,-0.010610003420902459
2021-03-10,32207.072576017777,32886.00797974909,31825.169237105652,32376.8046875,546193,10.385197540691486,0.017184593911141022
2021-03-11,32461.679062605755,32716.27902088657,32291.943437817263,32546.546875,310161,10.390426555219559,0.005229014528072895
2021-03-12,32673.843551337886,32716.275713794836,32376.80797743453,32461.67578125,432942,10.387815465775745,-0.002611089443814052
2021-03-15,32504.10794370695,32886.01132142577,32291.940173619063,32461.67578125,369579,10.387815465775745,0
2021-03-16,32673.845251002644,34583.35528112467,32504.10963454221,34371.1875,1072700,10.444973919727095,0.05715845395135055
2021-03-17,34583.35196714117,34583.35196714117,33946.848684760706,34286.31640625,336480,10.442501614963566,-0.0024723047635291096
2021-03-18,34371.1875,34371.1875,33946.85193775066,34371.1875,379359,10.444973919727095,0.0024723047635291096
2021-03-19,33946.85609988564,34159.02390702365,33692.2561228809,33861.98828125,471769,10.430048374614348,-0.014925545112747685
2021-03-22,33734.68258192309,33777.11474460663,33225.47923521266,33395.21484375,437559,10.416167900549732,-0.013880474064615456
2021-03-23,33310.35235647817,33946.85577173946,33225.4845386629,33437.65234375,462094,10.41743785970275,0.0012699591530171972
2021-03-24,33055.75305790229,33480.08867675386,32461.681799949216,32673.849609375,520525,10.39433033081449,-0.023107528888258955
2021-03-25,32886.01276953564,32886.01276953564,32461.677210674585,32504.109375,483859,10.389121802632367,-0.005208528182123473
2021-03-26,32334.3750935367,32588.975020400932,31613.003995552717,32291.939453125,560927,10.382572925532504,-0.006548877099863404
2021-03-29,32461.67373306816,33140.609162951085,32291.938136146757,32928.44140625,419278,10.402092043738595,0.01951911820609098
2021-03-30,33055.746602533596,33098.1787645714,32673.843228587193,32716.275390625,317444,10.39562795143238,-0.006464092306215363
2021-03-31,32716.271620408992,33140.60710749287,32504.10387686705,32970.875,288250,10.403379874991748,0.007751923559368379
2021-04-01,33055.74367368424,33819.546875,33055.74367368424,33819.546875,524890,10.42879422422562,0.025414349233871647
2021-04-02,34116.591737156916,34159.02390702365,33861.98828125,33861.98828125,409309,10.430048374614348,0.0012541503887284478
2021-04-05,34116.59237463568,34159.024545295266,33480.088941328395,33777.12109375,312092,10.427538961559701,-0.002509413054646359
2021-04-06,33564.94655573026,33946.84993073638,33564.94655573026,33692.25,316038,10.425023119566813,-0.002515841992888568
2021-04-07,33607.388932209404,33819.55674331183,33564.95328264757,33777.12109375,315618,10.427538961559701,0.002515841992888568
2021-04-08,34031.72455441426,34201.45671595485,33734.68892309041,33777.12109375,337866,10.427538961559701,0
2021-04-09,33904.41814339376,35219.85693157647,33904.41814339376,34837.95703125,833310,10.458462790649254,0.030923829089552157
2021-04-12,34965.25699802549,34965.25699802549,34583.35361879743,34837.95703125,424483,10.458462790649254,0
2021-04-13,34795.52621004784,34880.39402595568,34159.02280909217,34243.890625,427757,10.441263451867087,-0.017199338782166507
2021-04-14,33946.85193775066,34371.1875,33734.68415662599,34371.1875,531124,10.444973919727095,0.003710467860008393
2021-04-15,34371.18316498059,34540.91876003335,33861.979858723615,33946.84765625,439952,10.432551276135278,-0.012422643591817106
2021-04-16,33861.97903327817,34456.050122579996,33437.643534891504,33819.546875,460604,10.42879422422562,-0.003757051909659026
2021-04-19,33946.85212192276,34583.35546875,33734.68433964702,34583.35546875,499684,10.451127789484872,0.022333565259252453
2021-04-20,34710.658438856604,36026.10088986755,34625.790622839435,35177.4296875,995422,10.468159953868572,0.01703216438369992
2021-04-22,34795.51867371119,35601.75753185983,33946.84765625,33946.84765625,476681,10.432551276135278,-0.03560867773329335
2021-04-23,33946.852661125435,35219.859375,33819.55268551834,35219.859375,664566,10.46936538928243,0.03681411314715177
2021-04-26,35007.69084337401,35134.990816268466,34159.01971887533,34371.1875,535468,10.444973919727095,-0.024391469555334666
2021-04-27,34116.590640589275,34540.92624122639,33989.28717727649,34243.890625,270137,10.441263451867087,-0.003710467860008393
2021-04-28,33989.28084535884,34498.48416704349,33989.28084535884,34286.31640625,286844,10.442501614963566,0.0012381630964792834
2021-04-29,34286.32216587186,34710.65775874127,34286.32216587186,34328.7578125,439805,10.44373870206566,0.0012370871020941365
2021-05-04,33946.855052506224,35432.029656649436,33946.855052506224,35177.4296875,495759,10.468159953868572,0.024421251802911215
2021-05-05,35856.36525783321,35856.36525783321,35092.56187148283,35177.4296875,487196,10.468159953868572,0
2021-05-06,35219.85856643458,35432.02634720947,34880.390812975114,35092.55859375,413255,10.465744381101466,-0.0024155727671058003
2021-05-07,35092.55939939291,35644.19494629152,34922.823779315564,35219.859375,567916,10.46936538928243,0.0036210081809642247
2021-05-10,35262.292903145615,36492.86389869519,35219.85726122221,36407.99609375,945365,10.502543702405491,0.03317831312306119
2021-05-11,36492.86225685625,36747.46566023703,36153.39453125,36153.39453125,436279,10.495526124457854,-0.007017577947637577
2021-05-12,36068.5261193703,36238.26171875,35771.490559906524,36238.26171875,387125,10.497870793188362,0.0023446687305082037
2021-05-13,36068.52693539818,36238.26253861805,35644.19140625,35644.19140625,536937,10.481341478661241,-0.01652931452712103
2021-05-14,35771.496268865114,36577.73527623846,35686.63193453273,35983.6640625,390105,10.490820338409076,0.009478859747835244
2021-05-17,36407.99857216028,36747.46981504994,36153.39861889489,36365.56640625,366136,10.501377628055133,0.010557289646056844
2021-05-18,36662.59540506257,37086.93090339244,36577.72760961636,36917.1953125,447780,10.516432719114169,0.01505509105903613
2021-05-19,37129.36575216984,38656.97574419325,36832.33018603461,38529.67578125,603680,10.559184022875481,0.04275130376131209
2021-05-20,38529.676538505264,40524.05078125,38359.94093197733,40524.05078125,739598,10.609650923288221,0.050466900412740046
2021-05-21,40014.8513648205,40990.822415964474,39463.21237691593,39802.68359375,676382,10.591689615978076,-0.017961307310145003
2021-05-24,39802.67842924561,39845.110586393384,39081.30740542542,39675.375,560276,10.588485997145783,-0.0032036188322930315
2021-05-25,39675.38014798643,40396.75126540644,39378.348051609,39802.68359375,452565,10.591689615978076,0.0032036188322930315
2021-05-26,39972.41244829685,40524.04791210394,39760.244694609406,40439.18359375,418250,10.607554484843336,0.015864868865259396
2021-05-27,40439.18690696149,40481.61906961496,39675.38014798643,39802.68359375,366409,10.591689615978076,-0.015864868865259396
2021-05-28,39887.54831107955,40311.88385739099,39760.248342966435,40227.01953125,393379,10.602294176473524,0.010604560495448112
2021-05-31,40524.05417094922,41584.89658213235,40184.58640839957,41542.4609375,679530,10.634471338272826,0.03217716179930186
2021-06-01,43336.6241919243,43632.43706243002,42892.904886165714,42942.20703125,637854,10.667610468138255,0.033139129865428885
2021-06-02,42942.21334355355,43139.42195287944,41906.86814459264,42153.37890625,557352,10.6490701240664,-0.01854034407185523
2021-06-03,41906.864454020746,42104.073045979254,41561.74941809336,42005.46875,582336,10.64555509712247,-0.003515026943929911
2021-06-04,41906.863471752054,41956.16561858607,41315.23770974384,41758.95703125,697278,10.639669246939317,-0.005885850183153352
2021-06-07,41709.65485160955,41758.956998404785,39934.77405217756,40772.9140625,6773125,10.615773268915156,-0.02389597802416077
2021-06-09,39737.56737562331,40477.10312791297,38948.73298897144,40279.89453125,6526561,10.603607728439052,-0.012165540476104297
2021-06-10,40279.899595521296,40674.31683843613,39934.78099316684,40378.50390625,4042303,10.606052840815167,0.0024451123761153326
2021-06-11,40181.28907631797,41364.5406222364,40082.68478082476,41167.33203125,4306387,10.625400308953873,0.019347468138706247
2021-06-14,41167.33183870198,41709.65546137804,40920.821101121954,41315.23828125,4649497,10.628986676545738,0.003586367591864814
2021-06-15,41315.246537963256,41660.36163954539,41019.43359375,41019.43359375,3246216,10.62180122348009,-0.0071854530656487725
2021-06-16,41019.42714962354,41709.65724435308,40772.91640150584,40970.125,4493273,10.620598421549198,-0.001202801930890729
2021-06-17,40477.09865640335,40970.12009359664,40477.09865640335,40723.609375,4081541,10.614563286171457,-0.006035135377741696
2021-06-18,40970.12324863796,41512.44687131402,40772.91465857394,41315.23828125,3069186,10.628986676545738,0.014423390374281198
2021-06-21,41216.6404878877,42547.7986808018,41019.43186671524,42202.68359375,7078091,10.650239090271159,0.021252413725420638
2021-06-22,42449.19714082708,42695.70793338214,42104.08203125,42104.08203125,3212635,10.647899975332354,-0.002339114938804343
2021-06-23,42054.775017526365,42202.68147598364,41463.14918369727,41857.56640625,2919897,10.642027857813343,-0.0058721175190115105
2021-06-24,41561.74844391393,41857.56132491803,41364.53985657786,41758.95703125,3025567,10.639669246939317,-0.0023586108740261125
2021-06-25,41758.958010051865,42104.073045979254,41512.44727010373,42005.46875,2743780,10.64555509712247,0.005885850183153352
2021-06-28,42449.189065277,42449.189065277,42104.07402135474,42251.98046875,3392402,10.65140650668672,0.005851409564250787
2021-06-29,42695.69921854601,43878.954296094285,42547.79277320291,43681.7421875,8938729,10.684685494868354,0.03327898818163355
2021-06-30,43878.95074058064,43928.252885033384,43385.92578125,43385.92578125,3013340,10.67789037674027,-0.006795118128083644
2021-07-01,43435.2316396002,43829.65234375,43385.92949093191,43829.65234375,3102767,10.688065861456916,0.010175484716645755
2021-07-02,44026.86282956337,45604.53165471614,43829.65422641928,45308.71875,7069331,10.721254759839168,0.03318889838225125
2021-07-09,44174.77596675323,45358.02776467564,43780.3587007791,44224.078125,5378422,10.697024673700492,-0.024230086138675944
2021-07-13,42843.60410334809,43040.81268995573,41906.86331696177,42892.90625,4028615,10.666461735765528,-0.03056293793496323
2021-07-15,41758.96692167291,42695.70793338214,41758.96692167291,42104.08203125,4954280,10.647899975332354,-0.018561760433174257
2021-07-19,42005.467765420086,42597.0935274283,41660.35273758196,41758.95703125,6002224,10.639669246939317,-0.008230728393037623
2021-07-20,41808.2655077844,42794.30859375,41364.54611909987,42794.30859375,4660630,10.66416039594615,0.024491149006832913
2021-07-21,42794.30743091723,43336.63111346196,42449.192360206944,42695.703125,6148958,10.661853564762138,-0.0023068311840113154
2021-07-22,42498.49552182608,44174.7722770075,42498.49552182608,44076.16796875,8113442,10.693674506489552,0.03182094172741401
2021-07-23,44076.16462695202,45801.73989062741,43731.046059413326,44618.48828125,12329490,10.705903587566107,0.012229081076554849
2021-07-26,44519.879402823884,46294.75663439271,44470.577257502526,46196.15234375,10536196,10.740651790998827,0.034748203432720004
2021-07-27,46541.27426917195,46787.78503236859,45604.53336902469,45949.6484375,9138025,10.73530147677524,-0.00535031422358756
2021-07-28,45752.436725629195,46196.15606930579,45210.1130833578,45358.01953125,6107894,10.722342276320813,-0.012959200454426778
2021-07-29,45358.02759955792,46294.768602836455,45210.12112535605,46048.2578125,6776228,10.737445208448785,0.015102932127971869
2021-07-30,46097.55175360448,46738.47969423283,45752.436708650755,46344.0625,8259993,10.743848461385943,0.006403252937158044
2021-08-02,46344.0640231091,47625.92346129797,46344.0640231091,47132.8984375,7803731,10.760726516806775,0.01687805542083254
2021-08-03,47231.5,47330.10429608008,46689.17637155956,47231.5,6583320,10.762816321860752,0.002089805053977045
2021-08-05,46935.69212023168,47823.134394454144,46787.78566032857,47625.92578125,4536344,10.771132551216446,0.008316229355694205
2021-08-06,47724.53008785207,47921.738701056216,47231.50504003789,47625.92578125,6230538,10.771132551216446,0
2021-08-09,47823.133767974105,48168.24883656037,47280.80657396334,48069.64453125,5355609,10.780406166045811,0.009273614829364618
2021-08-11,48168.24015892546,48217.542302698734,47379.40234375,47379.40234375,8912084,10.765942863529165,-0.014463302516645626
2021-08-12,47231.507970958985,47330.11228367988,46048.256218308205,46245.46484375,15329324,10.741718680700194,-0.024224182828971763
2021-08-13,45900.34506230288,46837.0859375,45851.04291097672,46837.0859375,6604308,10.754430602657209,0.012711921957015093
2021-08-16,47335.35344687592,47435.00673281389,47036.393589062034,47136.046875,3480005,10.760793313724694,0.006362711067485094
2021-08-18,46737.43265385924,47285.52571388343,46737.43265385924,46837.0859375,3560672,10.754430602657209,-0.006362711067485094
2021-08-19,47335.35195700348,47335.35195700348,46737.43226019512,47086.21875,4967056,10.75973564164868,0.005305038991471278
2021-08-20,47086.21693363655,47185.87021259379,45392.11119136345,46239.1640625,7937689,10.741582424949714,-0.01815321669896619
2021-08-23,46089.68475839136,46089.68475839136,45342.28515625,45342.28515625,6271966,10.721995323238085,-0.019587101711628918
2021-08-24,45591.41999476917,45840.553204432705,44794.193723845856,45790.7265625,5623891,10.731836872799771,0.009841549561686591
2021-08-25,46039.85977216353,46039.85977216353,45342.28678510563,45790.7265625,2452867,10.731836872799771,0
2021-08-26,45840.549672310684,46288.989415151715,45441.936567563105,45541.58984375,3209715,10.72638124993831,-0.0054556228614615065
2021-08-27,45342.28438826185,45840.55078125,45142.977831066586,45840.55078125,3460659,10.732924366614213,0.006543116675903349
2021-08-30,46338.82017142273,46338.82017142273,45890.38038872841,45940.20703125,2728084,10.735095982790401,0.002171616176187996
2021-08-31,45990.03273349712,46438.47250702301,45840.55280898849,46039.859375,3563410,10.737262808421946,0.0021668256315443557
2021-09-01,45890.37945049137,46338.81922401726,45890.37945049137,46039.859375,2469840,10.737262808421946,0
2021-09-06,46039.8612553041,47285.52734375,45990.03461176626,47285.52734375,5702551,10.763959551840633,0.026696743418687774
2021-09-07,47484.82472250103,47484.82472250103,46587.9453125,46587.9453125,4180459,10.749097102368072,-0.014862449472561323
2021-09-09,46388.64211252826,46787.255212302174,46239.16220011304,46438.46875,2543572,10.745883462615332,-0.0032136397527402494
2021-09-10,46538.11867861105,47036.385017500514,46538.11867861105,46587.9453125,2628254,10.749097102368072,0.0032136397527402494
2021-09-13,46637.78016853972,46837.08673923287,46288.99366982671,46338.8203125,2920080,10.74373534044394,-0.005361761924131514
2021-09-14,46488.29649421023,47185.869435421584,46338.81657823637,46737.4296875,4604966,10.752300614871293,0.008565274427352776
2021-09-15,46737.434132310336,47036.39399268966,46488.30091532757,46886.9140625,3084517,10.755493897644504,0.003193282773210626
2021-09-16,47036.38727864732,47335.34709635268,46936.73400607887,47185.8671875,3512673,10.761849702743689,0.006355805099184764
2021-09-17,47584.48343956001,48331.88658567995,47534.656799965014,47684.13671875,6069568,10.772354058016694,0.010504355273004862
2021-09-20,47833.62083472298,47933.2741226571,46886.91459934881,47036.39453125,4610258,10.758676932765301,-0.013677125251392752
2021-09-23,46438.47508176547,46737.43494735831,46338.82179323453,46388.6484375,2544484,10.74481006254016,-0.013866870225140104
2021-09-24,46438.47305419988,46438.47305419988,46189.33984375,46189.33984375,264449745,10.740504311132648,-0.004305751407512659
2021-09-27,46288.992033545626,46587.95187901734,45890.37890625,45890.37890625,2821709,10.734010764191794,-0.0064935469408542446
2021-09-28,45691.07395774727,46338.8203125,45591.420672400694,46338.8203125,2543207,10.74373534044394,0.009724576252146733
2021-09-29,46338.815475056515,46538.12202494348,45990.02901275434,46438.46875,2148813,10.745883462615332,0.0021481221713912646
2021-09-30,46587.95352586644,46787.260096559585,46338.8203125,46338.8203125,1819392,10.74373534044394,-0.0021481221713912646
2021-10-01,46288.99609375,46388.64938431492,46089.68951262016,46288.99609375,1926157,10.742659546465667,-0.0010757939782735093
2021-10-04,46338.82058749629,47435.00673281389,46039.8607296824,47136.046875,415709889,10.760793313724694,0.018133767259026712
2021-10-05,47335.35439505237,47833.62083472298,47036.39453125,47036.39453125,2541929,10.758676932765301,-0.0021163809593929273
2021-10-07,47285.52626062905,47335.35290302556,46886.913121456986,46986.56640625,2732099,10.757617018693931,-0.0010599140713694055
2021-10-12,49428.07515923528,49428.07515923528,49079.28866441181,49328.421875,2053728,10.80625570253422,0.04863868384028791
2021-10-13,49328.42000159874,50574.086007231635,49079.28680047216,49527.7265625,5899474,10.810287924316844,0.004032221782624745
2021-10-15,49527.726953091325,49876.51343741918,49029.460546908675,49278.59375,3107147,10.805245061883037,-0.005042862433807471
2021-10-19,49328.41984150442,49577.55304182245,49129.11328125,49129.11328125,2800174,10.802207076582356,-0.003037985300681001
2021-10-20,49178.94070569144,49577.55383255795,48132.58124766687,48630.84765625,4103807,10.792013333972836,-0.010193742609519774
2021-10-21,49029.46309070821,49079.28973391164,48182.41015625,48182.41015625,4167684,10.78274929891625,-0.00926403505658513
2021-10-22,48331.88619699934,48531.192753776515,47883.442892055704,47933.26953125,3692806,10.777565104541326,-0.0051841943749249
2021-10-28,48929.805621638196,49029.458899526384,48431.53923219722,48830.15234375,3001659,10.796103276931035,0.018538172389709118
2021-10-29,48830.15556453672,48830.15556453672,48282.0625,48282.0625,4348546,10.784815393851623,-0.011287883079411642
2021-11-02,47584.48741641611,48331.890625,47584.48741641611,48331.890625,3849212,10.785846883151176,0.001031489299553101
2021-11-03,47933.27195421296,48182.40871497295,47435.00553708333,47883.4453125,4891316,10.776525114319954,-0.009321768831222599
2021-11-04,47883.44382766788,48232.23386103806,47684.137266996375,47833.6171875,3214460,10.775483959729545,-0.001041154590408766
2021-11-05,47933.271132038506,48730.50093796662,47833.61785032187,48630.84765625,3960175,10.792013333972836,0.016529374243290818
2021-11-08,48630.8446818716,49079.28442216877,48481.364768439205,48531.19140625,3080501,10.789961991989738,-0.002051341983097643
2021-11-09,48581.02239849084,48630.84904076771,47833.6192121425,48032.92578125,3368859,10.779642008507311,-0.01031998348242702
2021-11-10,48032.92721024925,48331.890625,47783.79399145306,48331.890625,2906209,10.785846883151176,0.00620487464386521
2021-11-11,48331.88714137381,48830.15354305255,47733.96390716425,47833.6171875,3873121,10.775483959729545,-0.010362923421631365
2021-11-12,47933.26929056127,48929.805621638196,47783.78937372898,48830.15234375,4088659,10.796103276931035,0.020619317201489906
2021-11-15,49079.28687106379,49079.28687106379,48481.3671875,48481.3671875,3483837,10.788934821407848,-0.007168455523187234
2021-11-16,48481.36255093242,49577.5485326311,48232.22937327363,48979.62890625,6398990,10.799159754043199,0.01022493263535118
2021-11-17,48979.62890625,49029.45554178176,48830.14899965472,48979.62890625,2164874,10.799159754043199,0
2021-11-18,48979.63342863224,49178.93998916162,48082.75390625,48082.75390625,3659225,10.780678845153025,-0.018480908890174064
2021-11-19,48581.01770129828,48730.49761367602,47385.17485008151,47484.828125,4528496,10.76816553110643,-0.01251331404659517
2021-11-22,47584.484767427144,47833.617972354295,47335.3515625,47335.3515625,3048016,10.765012685650653,-0.003152845455776543
2021-11-23,47335.35221234323,48132.58203125,47285.52557067375,48132.58203125,2100267,10.781714607881892,0.016701922231238342
2021-11-24,48182.40842800556,49029.46133208102,48032.9249515618,48780.328125,4463342,10.795082398377055,0.013367790495163234
2021-11-25,49079.29172783436,50723.57102034877,48979.63843737894,49826.69140625,10014779,10.8163060914441,0.021223693067044636
2021-11-26,49876.51343741918,50225.29992174703,49228.76710938173,49278.59375,3643164,10.805245061883037,-0.011061029561062696
2021-11-29,48581.0206259964,49278.59359242147,48581.0206259964,48879.98046875,3637324,10.797123194269906,-0.008121867613130718
2021-11-30,48879.98125636806,49079.28782141528,48331.8882024882,48381.71484375,4677785,10.786877228838659,-0.010245965431247228
2021-12-01,48581.02209995521,49129.11516163274,48182.40896418973,48929.80859375,2290255,10.798142072437178,0.011264843598519647
2021-12-02,48630.84953990314,48979.63603942112,48431.54296875,48431.54296875,1739090,10.7879065946616,-0.010235477775578872
2021-12-03,48730.504660736304,48730.504660736304,47584.48828125,47584.48828125,3667802,10.770262110665916,-0.017644483995683302
2021-12-06,47584.48516400696,48082.75513020908,46936.73882579791,47086.21875,4368804,10.75973564164868,-0.010526469017236195
2021-12-07,47335.35078582126,47833.6171875,47086.21758498189,47833.6171875,2648147,10.775483959729545,0.015748318080865076
2021-12-08,48082.75583134051,48082.75583134051,47335.352647236454,47634.3125,1943313,10.77130863137167,-0.004175328357874264
2021-12-09,47385.18084137916,48331.890625,47385.18084137916,48331.890625,1812457,10.785846883151176,0.014538251779505629
2021-12-10,48032.92075990811,48331.88413451107,47534.65438922793,47733.9609375,2117058,10.77339839288612,-0.012448490265056122
2021-12-13,48082.75394053443,48082.75394053443,47634.310626828505,47833.6171875,1642910,10.775483959729545,0.0020855668434247576
2021-12-14,47833.616637534986,48032.92319591496,47534.656799965014,47684.13671875,2088769,10.772354058016694,-0.003129901712851435
2021-12-15,47684.13578526087,47983.09561697825,47634.30914664131,47783.7890625,1475370,10.774441720006367,0.0020876619896732507
2021-12-16,48581.02472674184,48581.02472674184,47584.48828125,47584.48828125,2272187,10.770262110665916,-0.004179609340450696
2021-12-17,47634.312643035,48331.88918710646,47584.48600075812,48032.92578125,2102640,10.779642008507311,0.009379897841395035
2021-12-20,48082.75094917098,48082.75094917098,47584.48102629594,47733.9609375,1861185,10.77339839288612,-0.006243615621190912
2021-12-21,47684.14103301553,47783.794321221736,47385.1811683969,47435.0078125,2030003,10.767115796526026,-0.006282596360094317
2021-12-22,47335.3515625,47534.65812644172,47136.044998558275,47335.3515625,3048746,10.765012685650653,-0.002103110875372849
2021-12-23,47335.34822449132,47335.34822449132,46338.815475056515,46438.46875,3522894,10.745883462615332,-0.019129223035321274
2021-12-24,46587.94977152614,47086.21615810567,46239.16330092046,46737.4296875,2165786,10.752300614871293,0.006417152255961511
2021-12-27,46936.73882579791,47335.35195700348,46488.29905319164,47086.21875,1448542,10.75973564164868,0.007435026777386611
2021-12-28,47086.21875,47285.52531560278,46886.91218439721,47086.21875,1035350,10.75973564164868,0
2021-12-29,47235.69701961423,47235.69701961423,46637.77734375,46637.77734375,1664810,10.750166164308837,-0.009569477339843147
2021-12-30,46687.60398340535,46986.56382133747,46587.95070409465,46637.77734375,1479750,10.750166164308837,0
2021-12-31,46737.4334538863,47036.393309926025,46338.8203125,46338.8203125,2933585,10.74373534044394,-0.00643082386489624
2022-01-04,46538.11867861105,46936.73174972262,46488.292044722104,46587.9453125,3531471,10.749097102368072,0.005361761924131514
2022-01-05,46687.60398340535,46936.73718168211,46587.95070409465,46637.77734375,2178744,10.750166164308837,0.0010690619407647262
2022-01-06,46637.771946388944,46837.07848194473,46587.9453125,46587.9453125,2176189,10.749097102368072,-0.0010690619407647262
2022-01-07,46388.64507802893,46687.60492197106,46388.64507802893,46538.125,1855710,10.748027148120336,-0.001069954247736149
2022-01-10,46438.47045283578,46587.95037073223,45790.724141951185,45840.55078125,3435474,10.732924366614213,-0.015102781506122653
2022-01-11,45840.54472412474,45940.19798955472,44395.572375390046,44594.87890625,4579597,10.7053743086857,-0.027550057928513283
2022-01-12,44395.573859347576,45142.97337505484,44096.61050087002,44644.70703125,3176864,10.70649103574477,0.0011167270590703993
2022-01-13,45292.45921530657,46189.33875172172,44744.36616527509,45890.37890625,3306625,10.734010764191794,0.02751972844702344
2022-01-14,45691.06826460942,45890.37481046884,45292.45517289058,45491.76171875,1253261,10.725286527419124,-0.008724236772669869
2022-01-17,45093.14956247744,45491.76266246541,44345.75,44345.75,2862408,10.699772154510017,-0.025514372909107408
2022-01-18,43996.96187302265,44644.71174048994,43847.48195411367,43897.30859375,2208127,10.689608289524418,-0.010163864985598181
2022-01-19,43897.307660346305,44445.40423688657,43847.48102176946,43996.9609375,1359479,10.691875840912711,0.002267551388293043
2022-01-20,44046.79532717423,45342.291710341065,43996.96867982918,44246.10546875,2435711,10.697522634557142,0.005646793644430659
2022-01-21,44345.757343189565,44744.37050918367,43947.140625,43947.140625,1535232,10.690742841269884,-0.006779793287257974
2022-01-24,43947.12858071507,44096.60847699594,42352.67635371913,42502.15625,3694266,10.657310088919635,-0.03343275235024912
2022-01-25,42452.33572091201,43598.34842381769,41854.41604983078,43100.08203125,2176554,10.67128017936729,0.013970090447655181
2022-01-26,43349.21561578029,43349.21561578029,42601.81602023486,42850.94921875,1667365,10.665483075910092,-0.00579710345719775
2022-01-27,42850.94773172393,43199.734197541446,42551.98790388035,42801.12109375,1313305,10.664319575006044,-0.0011635009040489308
2022-01-28,42850.94320903084,44594.87890625,42801.11657631585,44594.87890625,2833025,10.7053743086857,0.04105473367965651
2022-02-07,44844.01206982495,44893.83870253994,44345.745742675055,44594.87890625,946105,10.7053743086857,0
2022-02-08,44594.88354561504,45740.89621728359,44594.88354561504,45142.9765625,1542349,10.717589988882072,0.012215680196371537
2022-02-09,45691.07108288214,45691.07108288214,45142.97804796179,45192.8046875,2085484,10.71869316481887,0.0011031759367980953
2022-02-10,45541.59094545711,45840.55078125,44943.671273871325,45840.55078125,1779241,10.732924366614213,0.014231201795343651
2022-02-11,45740.89154687209,46039.851343738344,45541.58501562791,45641.23828125,1170952,10.728566935098977,-0.004357431515236598
2022-02-14,45342.28515625,45641.24499710654,45043.32531539346,45342.28515625,1412771,10.721995323238085,-0.006571611860891835
2022-02-16,45691.06826460942,46089.681356328256,45491.76171875,45491.76171875,1120945,10.725286527419124,0.00329120418103912
2022-02-17,45790.72430719242,46239.1640625,45342.28455188483,46239.1640625,1558045,10.741582424949714,0.016295897530589798
2022-02-18,45990.03367377159,46089.686958814775,45691.07381864204,45940.20703125,1129340,10.735095982790401,-0.006486442159312489
2022-02-21,45940.1990719437,46837.07848194473,45840.545804165806,46587.9453125,2529519,10.749097102368072,0.014001119577670806
2022-02-22,46338.82273903246,46488.30267487984,45840.556286207866,46288.99609375,2113772,10.742659546465667,-0.006437555902405023
2022-02-23,46139.513741806855,46787.260096559585,46139.513741806855,46338.8203125,1777233,10.74373534044394,0.0010757939782735093
2022-02-24,46338.81717423815,46587.95037073223,44844.017995273694,45840.55078125,2463087,10.732924366614213,-0.010810973829727288
2022-02-25,46039.85397941351,46538.12033604853,45890.374072422994,45990.02734375,1934370,10.736179855092393,0.003255488478179913
2022-02-28,45990.03434872153,46587.954067755694,45990.03434872153,46488.30078125,2745970,10.746955963817689,0.01077610872529533
2022-03-01,46837.08484394213,46837.08484394213,46089.6852340868,46538.125,2011022,10.748027148120336,0.00107118430264741
2022-03-02,46338.82179323453,46538.12837029642,46189.34186043811,46388.6484375,1987296,10.74481006254016,-0.003217085580175194
2022-03-03,46438.47171868595,46837.08484394213,46438.47171868595,46538.125,1747667,10.748027148120336,0.003217085580175194
2022-03-04,46488.292044722104,46737.42521416683,46338.81214305527,46587.9453125,2452502,10.749097102368072,0.001069954247736149
2022-03-07,46388.64321689432,46787.25632615795,45940.203468972744,46737.4296875,3098934,10.752300614871293,0.003203512503221262
2022-03-08,46737.428933954,47534.655139627605,46139.5092796988,47235.6953125,4065298,10.762905142376463,0.010604527505169159
2022-03-09,47136.0484792666,48082.75828009361,47136.0484792666,47584.48828125,4022410,10.770262110665916,0.007356968289453647
2022-03-10,47983.09980547269,47983.09980547269,47136.046875,47136.046875,1421166,10.760793313724694,-0.00946879694122238
2022-03-11,47086.21503713261,47136.04167460435,46189.335562641296,46438.46875,2078731,10.745883462615332,-0.014909851109361938
2022-03-14,46338.818121306,46338.818121306,45093.15211337683,45740.8984375,3546072,10.7307481096554,-0.015135352959932291
2022-03-15,45740.89827739206,45740.89827739206,44744.36547453691,45342.28515625,3416493,10.721995323238085,-0.008752786417314695
2022-03-16,45392.105117194784,45990.024710927304,45093.14532032853,45641.23828125,2079826,10.728566935098977,0.006571611860891835
2022-03-17,45740.89750265237,46189.33725634171,45591.41758475592,45840.55078125,2154654,10.732924366614213,0.004357431515236598
2022-03-18,46338.82401402816,48132.586845746846,46338.82401402816,47385.18359375,5137698,10.766064876408766,0.03314050979455274
2022-03-21,47435.00148754075,47833.61458721472,47335.34821262226,47484.828125,2848355,10.76816553110643,0.0021006546976636287
2022-03-22,47833.6192121425,48331.88918710646,47534.65935848125,48032.92578125,3794643,10.779642008507311,0.011476477400881535
2022-03-23,48082.75390625,48581.02030757347,47833.61715339321,48082.75390625,3605933,10.780678845153025,0.0010368366457136347
2022-03-24,47833.6171875,48431.54042170956,47484.83070632488,47833.6171875,3328343,10.775483959729545,-0.005194885423479789
2022-03-25,47883.443277129976,48082.75338770498,47634.310079155,47684.13671875,2241343,10.772354058016694,-0.003129901712851435
2022-03-28,47584.48426462264,49178.9403115036,47435.00434324584,48879.98046875,6390595,10.797123194269906,0.02476913625321231
2022-03-29,49129.10975533457,52268.19140625,49129.10975533457,52268.19140625,15009758,10.864143270118287,0.06702007584838121
2022-03-30,52716.631881862224,53464.03143977056,52068.88559834167,52816.28515625,5166169,10.874574853128877,0.010431583010589662
2022-03-31,52567.151233812765,55108.30969509936,52118.711505350424,53314.55078125,6337121,10.88396457066887,0.009389717539992404
2022-04-01,53264.72881817905,55307.62109375,52866.11569123838,55307.62109375,7879288,10.9206659916452,0.03670142097633011
2022-04-04,56553.296918700806,56553.296918700806,54460.57421875,54460.57421875,4905369,10.905232310034632,-0.015433681610566907
2022-04-05,54360.916486055525,55606.58254369353,54311.08984375,54311.08984375,3401710,10.902483717919246,-0.0027485921153864723
2022-04-06,54012.123520052475,56802.41870712016,54012.123520052475,56304.15234375,7626883,10.938523565293533,0.03603984737428689
2022-04-07,56652.939359824195,58247.39173841773,55855.71317052742,56453.6328125,7145435,10.941174922024416,0.0026513567308832364
2022-04-08,56453.63535270187,56752.59518714024,54061.953125,54061.953125,7427405,10.897885948016135,-0.04328897400828069
2022-04-12,54311.08998551536,55556.756046404866,53115.25056706144,54709.703125,5770990,10.909796360704272,0.011910412688136418
2022-04-13,54809.35344600584,57350.515625,54709.70016652352,57350.515625,6064276,10.956937113362784,0.04714075265851214
2022-04-14,57400.33726068687,59243.92277038943,57400.33726068687,58097.91015625,6441331,10.96988497242113,0.012947859058346722
2022-04-15,57350.51804809636,58745.66401979465,56802.424987786326,57300.69140625,5696711,10.956067969056734,-0.013817003364396285
2022-04-18,57300.687121895775,59094.4460942462,56802.42074068732,57549.8203125,6125050,10.960406291860185,0.004338322803450367
2022-04-19,58048.09350997714,58297.22672983571,55805.89453125,55805.89453125,8634311,10.929634779550986,-0.030771512309199167
2022-04-20,55805.89453125,56304.16097096714,54610.05152373352,55805.89453125,6013539,10.929634779550986,0
2022-04-21,55407.277827280945,57749.13364614685,55407.277827280945,55805.89453125,7425215,10.929634779550986,0
2022-04-22,56055.02576179331,56752.59875264141,52816.290466374776,55357.44921875,10419027,10.921566512979105,-0.008068266571880756
2022-04-25,54859.17730833681,55257.79040608511,51520.7890625,51520.7890625,8405997,10.849740676315067,-0.07182583666403808
2022-04-26,49926.338617229674,52318.020849122615,48331.886164097705,51969.234375,9912576,10.858407175837014,0.008666499521947202
2022-04-27,51072.355067159166,51819.75470943166,50075.82221079583,51321.48828125,4616828,10.845864818333437,-0.012542357503576795
2022-04-28,51271.65621531004,53214.898631872544,51072.34966511849,52567.15234375,4618106,10.86984672350001,0.02398190516657195
2022-04-29,52318.0234375,53364.38291163535,51919.41030449606,52318.0234375,7284687,10.865096207082216,-0.004750516417793449
2022-05-04,52268.197193016334,52766.46361305717,51869.58050478847,52068.890625,2917159,10.860322940475784,-0.004773266606431292
2022-05-05,52118.72023016307,52567.16003369543,50773.397267370594,52168.546875,4005802,10.862235041976994,0.0019121015012100173
2022-05-06,50972.69530370591,51819.74812396783,49926.3359375,49926.3359375,4436514,10.818303916814337,-0.043931125162657736
2022-05-09,48979.635087971554,49328.42158071422,46837.0859375,46837.0859375,8211082,10.754430602657209,-0.06387331415712794
2022-05-10,46837.081449055615,49228.763579431776,45840.54870814673,49029.45703125,5140618,10.800176560369193,0.04574595771198453
2022-05-11,48830.14797383483,50773.38671875,48232.22836001478,50773.38671875,3043635,10.835127612802498,0.03495105243330521
2022-05-12,49477.901810903706,50773.39450621238,47335.352647236454,47634.3125,4729617,10.77130863137167,-0.06381898143082765
2022-05-13,47883.44333513381,49328.41943733405,46388.64414547324,46637.77734375,7489457,10.750166164308837,-0.02114246706283396
2022-05-16,48581.01771347968,48581.01771347968,46438.46875,46438.46875,3177229,10.745883462615332,-0.0042827016935049755
2022-05-17,46338.818547127295,49677.20703125,46089.6853432521,49677.20703125,3733687,10.813301495849265,0.06741803323393292
2022-05-18,49677.20464258374,49876.51119610049,48581.01859824162,48680.671875,3530376,10.79303734887557,-0.020264146973694608
2022-05-19,47385.18084137916,48680.67713131467,47385.18084137916,48331.890625,2242256,10.785846883151176,-0.007190465724393746
2022-05-20,48680.676724185054,49278.59644429534,48331.89022078738,48581.0234375,2574050,10.790988269388599,0.005141386237422552
2022-05-23,48929.80678849989,48929.80678849989,47883.443793525556,48082.75390625,2074899,10.780678845153025,-0.010309424235574127
2022-05-24,48082.75568024836,48929.80859375,47833.61891819975,48929.80859375,2527146,10.798142072437178,0.017463227284153504
2022-05-25,49577.554595902715,52318.0234375,49178.94146289877,52318.0234375,6881898,10.865096207082216,0.0669541346450373
2022-05-26,52417.67391292416,53364.38005309688,52118.71407918541,52616.98046875,2603251,10.870794169229606,0.005697962147390712
2022-05-27,52616.97894302786,55805.88729596817,52567.15230551621,55706.23046875,7078273,10.9278472772675,0.0570531080378931
2022-05-30,55357.448279783435,56005.198169636256,54410.74209397608,55457.1015625,4556967,10.92336505603884,-0.004482221228659711
2022-05-31,55457.10426298428,55457.10426298428,53563.691799169814,54759.53125,3936632,10.910706719285397,-0.012658336753442967
2022-06-01,54759.5243560287,56254.32703357299,54709.69771851705,55706.23046875,3716714,10.9278472772675,0.017140557982102678
2022-06-03,55556.75234490863,56802.421875,55257.7925102135,56802.421875,3204605,10.947334242444608,0.019486965177108573
2022-06-06,56802.41870712016,57798.951433860486,55805.88598037984,56304.15234375,4668842,10.938523565293533,-0.008810677151075197
2022-06-07,56154.67970295085,57599.65234375,54111.78379652232,57599.65234375,7132295,10.961271810966982,0.022748245673449574
2022-06-08,57948.43775025277,58596.18409425554,57051.55819701816,57300.69140625,4855363,10.956067969056734,-0.0052038419102480304
2022-06-09,57549.825159634995,57749.13172890498,56453.639028650105,57450.171875,3114082,10.958673275004367,0.00260530594763253
2022-06-10,56503.46483466571,57151.21117520592,54809.35546875,54809.35546875,5424961,10.91161617859773,-0.047057096406636134
2022-06-13,53197.31228051135,54889.95171682296,51988.28000729058,52109.18359375,5160785,10.861096480802026,-0.0505196977957052
2022-06-14,51988.284477188296,54345.89563741834,51686.0272807387,53862.28125,3510635,10.89418572064873,0.03308923984670464
2022-06-15,54769.04765326642,54769.04765326642,53197.311817105736,54708.59765625,2680694,10.909776154418081,0.015590433769350653
2022-06-16,55010.85673707043,56703.49980887205,54527.24597000147,55615.37109375,3828802,10.926214900551741,0.016438746133660587
2022-06-17,54587.695969120025,55978.08186258186,53801.828023711285,55615.37109375,3530559,10.926214900551741,0
2022-06-20,56522.14622014288,57126.660576822454,55192.2103257996,55615.37109375,3777701,10.926214900551741,0
2022-06-21,55857.1816196663,56522.14960667964,53801.83124725958,53862.28125,3741656,10.89418572064873,-0.03202917990301124
2022-06-22,54285.43664962976,54648.14740415542,51021.05781576575,51081.5078125,4519127,10.84117782835803,-0.05300789229070091
2022-06-23,50779.25191557641,52471.89496293256,50597.898329466385,51686.0234375,3075969,10.852942684247964,0.011764855889934367
2022-06-24,52048.73420109352,53076.40931088162,51686.0234375,51686.0234375,1372437,10.852942684247964,0
2022-06-27,52230.09296451237,53136.86457631972,51927.83576057659,52290.54296875,1908393,10.864570810925358,0.01162812667739388
2022-06-28,54104.08469277743,54527.24545674469,52713.69881240309,54224.98828125,3492841,10.900897119581636,0.03632630865627817
2022-06-29,53741.37964459548,54406.34765625,53318.22242698445,54406.34765625,1798586,10.904236110894422,0.0033389913127859217
2022-06-30,54104.08379189687,54345.890964815706,52109.18359375,52109.18359375,2291198,10.861096480802026,-0.043139630092396075
2022-07-01,52592.79815658214,53680.9232564596,51262.86229141471,53197.3125,2580164,10.88176315713642,0.020666676334395007
2022-07-04,53499.574093689655,53499.574093689655,51988.284518856664,52411.4453125,1529239,10.866880268452798,-0.014882888683622753
2022-07-05,53076.40208022829,53076.40208022829,51625.56640625,51625.56640625,2122533,10.851772301752783,-0.015107966700014686
2022-07-06,50839.69934136731,51927.82798571583,50476.9921875,50476.9921875,3395201,10.829272911198599,-0.022499390554184373
2022-07-07,50718.80185082387,51141.962612108015,50235.1875,50235.1875,1956301,10.824471006346899,-0.004801904851699845
2022-07-08,50718.8024920385,50779.25249096899,50235.188135100514,50537.4453125,1384604,10.8304698318312,0.005998825484301307
2022-07-11,51141.96068829805,51141.96068829805,50053.83203125,50053.83203125,1517985,10.820854345873428,-0.009615485957771952
2022-07-13,50779.25596931166,50779.25596931166,49872.484375,49872.484375,1734862,10.817224714323604,-0.003629631549824097
2022-07-14,50053.83203125,50476.99277661609,49691.12487314954,50053.83203125,1355555,10.820854345873428,0.003629631549824097
2022-07-15,50779.258052028825,50779.258052028825,49691.1328125,49691.1328125,2102305,10.813581781931594,-0.007272563941834065
2022-07-18,50053.83858850321,51081.51379291519,49751.58138669815,50174.7421875,1923754,10.82326703538527,0.009685253453675102
2022-07-19,50114.288592314704,50174.7421875,49691.131382886655,50174.7421875,1802845,10.82326703538527,0
2022-07-20,51383.77031551245,51927.83470811946,50779.25591989299,51323.3203125,4332820,10.845900514853803,0.022633479468533224
2022-07-21,51927.82996794268,51927.82996794268,51081.5084547815,51383.765625,2743962,10.84707755768248,0.001177042828677699
2022-07-22,52230.09063312966,52290.54063466899,51444.22265625,51444.22265625,1988087,10.848253444505255,0.0011758868227751407
2022-07-25,52592.791386026525,52592.791386026525,51444.21284484596,51625.56640625,3415733,10.851772301752783,0.0035188572475277624
2022-07-26,51988.28518716035,51988.28518716035,51262.8671875,51262.8671875,1716763,10.844721932561763,-0.0070503691910204225
2022-07-27,51141.964688529246,51504.671875,51021.061095914454,51504.671875,1172746,10.849427798556796,0.00470586599503342
2022-07-28,51504.67391291109,51867.38470510701,50235.191527285984,51323.3203125,2531952,10.845900514853803,-0.0035272837029936
2022-07-29,51444.21725010165,51504.66724528844,50476.9921875,50476.9921875,2953235,10.829272911198599,-0.01662760365520377
2022-08-01,50779.25390625,50900.15749885423,50235.18953521777,50779.25390625,2760540,10.835243162481373,0.005970251282773731
2022-08-02,50779.251284563,51444.21921386776,50476.994114344496,51383.765625,2858788,10.84707755768248,0.011834395201107739
2022-08-03,51383.77078600569,51504.67438451138,50900.15998335672,51262.8671875,3421208,10.844721932561763,-0.0023556251207175194
2022-08-04,51444.223885912405,52350.9954789188,51323.32028857013,52048.73828125,4633801,10.85993583323538,0.01521390067361672
2022-08-05,52048.73248638547,52713.696810673275,51746.47532236858,51867.37890625,2696663,10.856445334089676,-0.0034904991457036516
2022-08-08,51927.835152719985,52230.09235311761,51565.12435741857,51988.28515625,2413324,10.858773686726254,0.002328352636578046
2022-08-09,51988.28000729058,52895.05511004952,51806.92642328816,52109.18359375,3529646,10.861096480802026,0.002322794075771739
2022-08-10,52169.6423495876,52411.44595508143,51988.28515625,51988.28515625,1705509,10.858773686726254,-0.002322794075771739
2022-08-11,52109.18875468381,52471.89954998522,51806.93155428618,51988.28515625,2817877,10.858773686726254,0
2022-08-12,51806.93216072751,52290.54296875,51806.93216072751,52290.54296875,1890599,10.864570810925358,0.00579712419910372
2022-08-15,52350.99648843664,53862.28250592373,52350.99648843664,53741.37890625,4691899,10.891938540683805,0.027367729758447368
2022-08-16,53741.37656553409,54043.6373472403,53257.76577927674,53620.4765625,2103065,10.889686299525538,-0.0022522411582670543
2022-08-17,53801.82874235264,53862.278742278635,53197.31437759846,53378.66796875,2290741,10.88516646889576,-0.004519830629778454
2022-08-18,53136.860786298894,54224.98951595529,53136.860786298894,53378.66796875,3882641,10.88516646889576,0
2022-08-19,53197.31958362929,53499.57679558607,52109.190747485714,52532.3515625,2977264,10.869184479032082,-0.01598198986367727
2022-08-22,52350.99484162954,52774.1556314893,51927.83405176977,52471.8984375,2485109,10.868033037415593,-0.0011514416164892793
2022-08-23,52048.732542632315,52592.796875,52048.732542632315,52592.796875,1651213,10.870334447808528,0.002301410392934855
2022-08-24,52898.567819309064,53082.03380300179,52653.95256294153,52715.10546875,1533042,10.872657324744134,0.0023228769356062884
2022-08-25,52715.11298358965,53020.884822488835,52592.80352140315,52776.26953125,1739728,10.873816927969589,0.0011596032254548305
2022-08-26,52837.422038162345,53693.58463372886,52776.269124107945,53326.65625,2945326,10.884191602397767,0.010374674428177855
2022-08-29,53204.35361301445,53204.35361301445,51797.80017405861,52898.578125,3388509,10.876131738940733,-0.008059863457033245
2022-08-30,52898.57087809455,53204.34632421891,52592.79906510406,52837.41796875,1753873,10.874974892354324,-0.0011568465864097988
2022-08-31,52470.49626643338,53204.34938647535,52470.49626643338,52959.73046875,1785050,10.877287101261647,0.00231220890732331
2022-09-05,52898.567819309064,53020.87726405966,52531.643118190936,52715.10546875,1552661,10.872657324744134,-0.004629776517512951
2022-09-06,52592.801919076075,52837.420835996374,52470.49609375,52470.49609375,1781857,10.86800631144357,-0.004651013300563278
2022-09-07,52287.02636083501,52531.6452603112,51369.7109375,51369.7109375,3401284,10.846803996377155,-0.021202315066416233
2022-09-08,51430.86242863213,51981.25312072072,51247.400075647165,51553.171875,1727105,10.850369017620105,0.00356502124295055
2022-09-09,51736.637861118674,51981.25312072072,51553.171875,51553.171875,1742010,10.850369017620105,0
2022-09-12,52042.41637002438,52103.56928452558,51553.178521478025,51736.64453125,1088946,10.853921601129274,0.003552583509168983
2022-09-13,51981.259822388995,52164.722199026786,51553.178521478025,51736.64453125,1591443,10.853921601129274,0
2022-09-14,51063.939129721664,51675.482745278336,51063.939129721664,51369.7109375,1991129,10.846803996377155,-0.007117604752119533
2022-09-15,51675.480235810355,51675.480235810355,51186.24609375,51186.24609375,1187042,10.843226143958388,-0.003577852418766625
2022-09-16,51186.25154531601,51308.56100214102,50452.3984375,50452.3984375,2068542,10.828785565533785,-0.01444057842460289
2022-09-19,50452.39559582563,51125.092120773246,50085.46724601744,50819.3203125,2712784,10.836031882375035,0.007246316841250433
2022-09-20,50819.323061106086,51247.40434246854,50330.088868035,51002.7890625,874503,10.839635597711156,0.0036037153361210272
2022-09-21,50941.62955151442,50941.62955151442,50330.0859375,50330.0859375,1179286,10.826358307249576,-0.013277290461580549
2022-09-22,50146.624634443346,50758.16826131777,50085.46809187558,50697.01171875,1783073,10.833622247383637,0.007263940134061286
2022-09-23,50819.31953289221,50819.31953289221,50207.77592572727,50391.23828125,1278447,10.827572595320913,-0.006049652062724675
2022-09-26,49840.84765625,50146.619438001624,49106.9946534194,49840.84765625,2834302,10.816590160865866,-0.01098243445504643
2022-09-27,50146.624022874414,50146.624022874414,49229.30859375,49229.30859375,1418824,10.804244428244726,-0.01234573262114047
2022-09-28,48984.6930884304,49168.15546034643,47700.44921875,47700.44921875,3115360,10.772696094415945,-0.03154833382878053
2022-09-29,48801.235483071614,48984.697872906945,47088.91015625,47088.91015625,1983068,10.759792799122888,-0.012903295293057226
2022-09-30,47088.9022926592,49412.770952948114,47027.74938397111,49229.30859375,3208894,10.804244428244726,0.044451629121837755
2022-10-03,48678.92601213657,49107.00734384198,46721.98174344489,47088.91015625,1894401,10.759792799122888,-0.044451629121837755
2022-10-04,47700.44760178962,48311.99124286888,47211.213415553015,47394.67578125,3102585,10.766265176084126,0.0064723769612378135
2022-10-05,48311.98720069406,48617.75899565032,47945.0625,47945.0625,1478138,10.777811103163947,0.011545927079820828
2022-10-06,48250.83499663746,48250.83499663746,46783.12890625,46783.12890625,1926492,10.753277923456155,-0.024533179707791675
2022-10-07,46599.67018639386,46599.67018639386,45254.2734375,45254.2734375,3134523,10.720052385276574,-0.03322553817958074
2022-10-10,44948.49798112349,46171.58890722754,44092.33905592485,45254.2734375,2472334,10.720052385276574,0
2022-10-11,45254.27527195912,45254.27527195912,43419.640625,43419.640625,2423666,10.678667166682231,-0.04138521859434263
2022-10-12,43419.638235331615,44826.19150835953,43419.638235331615,44275.80078125,2225192,10.698193549020507,0.01952638233827564
2022-10-13,44153.49236750461,44642.7265625,43725.41108445838,44642.7265625,1261109,10.706446674099002,0.00825312507849496
2022-10-14,45498.888716213616,45560.04526074251,45009.65452565239,45254.2734375,1283922,10.720052385276574,0.013605711177572033
2022-10-17,44948.498839792475,45193.117756313135,44398.11172732208,45131.96484375,1075866,10.717346029292997,-0.0027063559835767137
2022-10-18,45254.27305889846,46049.2790660511,45254.27305889846,45804.66015625,1336849,10.732141115062545,0.014795085769547356
2022-10-19,45804.66146853599,46599.67113159931,45682.35201013132,46171.58984375,1556919,10.740119949470666,0.00797883440812086
2022-10-20,46355.05327913838,48006.22192267839,46049.281442672975,47578.140625,2631570,10.770128704173633,0.030008754702967266
2022-10-21,47516.981858682506,47516.981858682506,45193.11328125,45193.11328125,2380017,10.718699993177909,-0.0514287109957241
2022-10-24,45193.11407229238,45560.04241716237,43419.636154921885,43480.7890625,2168919,10.68007448878207,-0.03862550439583856
2022-10-25,43664.25733045508,45560.04479506174,43480.791331877626,44765.03515625,2379561,10.709182648419226,0.02910815963715585
2022-10-26,45560.046131094125,45560.046131094125,44459.264639885216,45131.96484375,950698,10.717346029292997,0.008163380873771331
2022-10-27,45315.422048019194,46599.665763630896,45070.803159388306,46355.046875,1423386,10.744085451258348,0.02673942196535073
2022-10-28,46660.82240830635,46660.82240830635,45682.350408508275,45865.81640625,1331982,10.733475377987013,-0.010610073271335452
2022-10-31,45865.81357468683,46477.35717438126,45070.8039885771,46232.73828125,1649693,10.741443446922931,0.007968068935918282
2022-11-01,46660.82404423462,46966.59587367926,45865.81801430536,46171.58984375,853971,10.740119949470666,-0.001323497452265343
2022-11-02,45988.122906774835,46477.360730470056,45254.2734375,45254.2734375,1487719,10.720052385276574,-0.020067564194091503
2022-11-03,45560.044690033385,46293.89778324958,45070.806872466615,45315.42578125,946592,10.721402778478062,0.0013503932014877762
2022-11-04,45254.270459242434,45254.270459242434,43725.40781051282,44581.5703125,2504576,10.70507583091572,-0.016326947562342653
2022-11-07,44398.109375,45254.27190432663,44398.109375,44398.109375,2391423,10.700952165869548,-0.004123665046170899
2022-11-08,43725.409954538416,45193.11613473124,43664.25704416952,44826.19140625,1437226,10.710547877177563,0.009595711308014288
2022-11-09,44826.19215833368,45437.73580481871,44826.19215833368,45254.2734375,1061114,10.720052385276574,0.009504508099011488
2022-11-10,44948.49838851388,45070.80784554623,42257.704866338165,44642.7265625,2426099,10.706446674099002,-0.013605711177572033
2022-11-11,44703.88424866446,45009.656082483256,44031.184034382626,44520.421875,1525285,10.70370328142275,-0.002743392676251233
2022-11-14,44031.18120564634,44275.80011023975,42808.09394894707,43297.328125,2492714,10.675846205966588,-0.027857075456163116
2022-11-15,42808.08855253849,42808.08855253849,40300.7578125,40300.7578125,4737373,10.604125552038374,-0.0717206539282138
2022-11-16,37487.659170071616,42808.092975486914,37487.659170071616,42380.01171875,4639277,10.654432108338296,0.050306556299922534
2022-11-17,42380.01565720569,44031.184296274994,39444.60312857841,43419.640625,2351729,10.678667166682231,0.024235058343935023
2022-11-18,42869.251438096195,44031.18590933932,42318.864293665974,43725.4140625,1918887,10.685684769538936,0.007017602856704386
2022-11-21,42502.317503723854,43908.86696904374,42502.317503723854,42869.2421875,1278295,10.665909882447213,-0.019774887091722704
2022-11-22,42808.09536322322,44031.18266033034,42257.704626271414,43113.8671875,1789005,10.671599968832739,0.005690086385525817
2022-11-23,42808.09536322322,43419.63901177678,42624.63299528395,43113.8671875,708575,10.671599968832739,0
2022-11-24,42685.78590688571,43419.63901177678,42441.16699421068,43113.8671875,1199057,10.671599968832739,0
2022-11-25,43175.021014371574,44031.18359375,43113.86810147343,44031.18359375,1927556,10.692653379918136,0.021053411085397045
2022-11-28,44275.80002998819,45560.04382707501,44214.64348738374,45437.734375,1744139,10.72409819244689,0.031444812528754085
2022-11-29,45804.65909809116,45804.65909809116,44642.724753079354,45437.734375,1739576,10.72409819244689,0
2022-11-30,45560.04240493829,45804.65766831888,44948.495163652406,45621.1953125,1386277,10.72812769699666,0.004029504549770024
2022-12-01,45926.96654974527,46355.04779679513,45315.42294914082,45682.34765625,2701834,10.729467236534903,0.001339539538243173
2022-12-02,45682.351227042505,47516.98580539505,45254.27357966539,47333.5234375,4412666,10.764974064192435,0.03550682765753166
2022-12-05,47700.44389854619,48311.98749214801,47333.51919563857,47883.90625,1849992,10.776534740512858,0.011560676320423013
2022-12-06,47883.91301873331,48250.84140664256,46477.36328125,46477.36328125,2338649,10.746720661888514,-0.029814078624344376
2022-12-07,46416.20056708628,46844.281812877096,45743.50406165336,46783.12890625,1565588,10.753277923456155,0.006557261567641248
2022-12-08,47027.7572373497,48189.68812839643,46232.74749283919,47088.91015625,1927404,10.759792799122888,0.006514875666733033
2022-12-09,46660.824267047035,47700.44921875,46599.67135411972,47700.44921875,1501864,10.772696094415945,0.012903295293057226
2022-12-12,47455.83493592066,47822.76334872577,46721.98174344489,47088.91015625,1845581,10.759792799122888,-0.012903295293057226
2022-12-13,46599.6711841708,47272.367756454296,45988.12389145753,47211.21484375,1368331,10.762386745972437,0.002593946849549056
2022-12-14,47211.21101473607,47394.6733711035,46538.51086387712,46660.8203125,1761173,10.750660126057403,-0.01172661991503432
2022-12-15,46721.9709086025,47761.59935389286,46721.9709086025,47516.98046875,1780184,10.768842409693343,0.018182283635940877
2022-12-16,47088.89839730205,47700.441966129314,46721.970076125566,47639.2890625,1385365,10.77141310023656,0.0025706905432159033
2022-12-19,47883.91007504681,47883.91007504681,46844.28515625,46844.28515625,1560721,10.754584298502607,-0.016828801733952403
2022-12-20,47211.21352160216,47211.21352160216,46110.43205867967,46844.28515625,1195103,10.754584298502607,0
2022-12-21,47211.21484375,47333.52430229266,46293.8993543812,47211.21484375,827508,10.762386745972437,0.007802447469829943
2022-12-22,47211.21484375,47394.67721499695,46477.36172562814,47211.21484375,1000431,10.762386745972437,0
2022-12-23,46721.97717997435,47700.44921875,46599.67135411972,47700.44921875,1856988,10.772696094415945,0.01030934844350817
2022-12-26,47516.98224613504,47761.601140427934,46721.97265625,46721.97265625,1266128,10.751969839561301,-0.020726254854643855
2022-12-27,46721.972366489186,47394.67250505582,46477.357106847085,46783.12890625,1224608,10.753277923456155,0.0013080838948535956
2022-12-28,47088.89984968006,47088.89984968006,46477.35626199076,46905.4375,896099,10.755888885880372,0.0026109624242174334
2022-12-29,46783.130327337865,47088.902136028926,46599.66796875,46599.66796875,996629,10.749348694954234,-0.006540190926138223
2022-12-30,46599.664863481856,47027.74609375,46477.35542152902,47027.74609375,956022,10.758493048928871,0.009144353974637198
2023-01-03,47027.75131160621,48923.53515625,46966.594767277515,48923.53515625,2334847,10.798013851218194,0.03952080228932253
2023-01-04,49412.77297834361,49535.08243386701,48495.45751161907,48923.53515625,1208031,10.798013851218194,0
2023-01-05,49045.84592614768,49840.85559178818,49045.84592614768,49290.46484375,1540038,10.805485930447205,0.007472079229010831
2023-01-06,49168.148998640565,49596.23023227535,49045.839555725826,49106.99609375,1094117,10.801756790266776,-0.0037291401804289137
2023-01-09,49229.30553666474,49473.920789360614,48862.377207920516,49106.99609375,789182,10.801756790266776,0
2023-01-10,49351.614704037,49718.54305774485,49045.84289251405,49168.15234375,1144762,10.80300138279839,0.0012445925316146855
2023-01-11,49168.15395967776,49902.007058077936,49168.15395967776,49473.92578125,1637830,10.809201057880326,0.0061996750819357516
2023-01-12,49535.0792693816,49840.851072089274,49045.84147854233,49351.61328125,825074,10.806725734930138,-0.0024753229501879304
2023-01-13,49229.3106116255,49657.38825625643,48923.53515625,48923.53515625,955565,10.798013851218194,-0.008711883711944424
2023-01-16,48984.692155757235,49535.08289415993,48740.07324243737,49412.7734375,873742,10.807964241361448,0.009950390143254495
2023-01-17,49657.39105656699,50146.62890625,49535.08522728042,50146.62890625,1487719,10.822706570916345,0.014742329554897182
2023-01-18,50207.77941148373,51002.7890625,50024.317043223826,51002.7890625,1451827,10.839635597711156,0.01692902679481101
2023-01-19,50758.16401609211,51492.01703359144,50697.00747863924,51308.5546875,2018505,10.84561277529722,0.005977177586062865
2023-01-27,51430.86384580214,52287.02636083501,51369.7109375,51369.7109375,1734862,10.846803996377155,0.0011912210799351897
2023-01-30,51492.01788667943,51614.32733047792,51186.24609375,51186.24609375,1355099,10.843226143958388,-0.003577852418766625
2023-01-31,51063.9375,51186.24694583455,49963.159753756416,51063.9375,2325569,10.84083380298089,-0.002392340977497298
2023-02-01,51369.71626418916,51369.71626418916,50024.31944382925,50146.62890625,1594333,10.822706570916345,-0.01812723206454514
2023-02-02,50207.77820360881,50391.24056745506,49718.5440223075,50085.46875,2015463,10.821486200091616,-0.0012203708247291445
2023-02-03,50146.62177813212,50146.62177813212,48984.6875,48984.6875,2629592,10.799263028254463,-0.022223171837152833
2023-02-06,48923.53315090803,49902.00512185437,48740.07079170991,49229.30859375,1436314,10.804244428244726,0.0049813999902621475
2023-02-07,49229.307466673934,50085.46633437516,49229.307466673934,49351.61328125,1141872,10.806725734930138,0.0024813066854125765
2023-02-08,49412.775335418606,49963.16609496152,49290.46587406083,49657.390625,1018529,10.81290251287696,0.006176777946821588
2023-02-09,49535.0792693816,49902.00397937731,49351.61328125,49351.61328125,1130010,10.806725734930138,-0.006176777946821588
2023-02-10,49596.23217666964,49657.38508395767,49229.307466673934,49351.61328125,1102634,10.806725734930138,0
2023-02-13,49351.61328125,49657.38508395767,48923.53203083251,49351.61328125,932600,10.806725734930138,0
2023-02-14,49351.61689260302,49535.08289415993,49045.8450675202,49412.7734375,942486,10.807964241361448,0.0012385064313100713
2023-02-15,49229.30739453241,50085.466260979,49106.99794700182,49902.00390625,981268,10.817816439375164,0.009852198013716063
2023-02-16,49902.00390625,50146.62280131117,49351.61320892925,49902.00390625,645155,10.817816439375164,0
2023-02-17,49657.38501118883,49902.00390625,49535.079196791994,49902.00390625,711161,10.817816439375164,0
2023-02-20,49902.00628792559,50758.168828368056,49779.696834557544,50635.859375,1939267,10.83241528757852,0.014598848203355885
2023-02-21,50635.859375,51186.25009858928,50513.549921631944,50635.859375,1277535,10.83241528757852,0
2023-02-22,50330.084297040885,50452.393742483975,50024.3125,50024.3125,1136397,10.82026441622906,-0.012150871349460246
2023-02-23,49963.16522415612,49963.16522415612,49290.46501497989,49779.69921875,1764975,10.815362533692602,-0.004901882536458402
2023-02-24,49596.235805922886,49718.545262582826,49168.15452418013,49412.7734375,850473,10.807964241361448,-0.0073982923311533
2023-02-27,48923.53011281108,49229.30553666474,48862.377207920516,49106.99609375,1544296,10.801756790266776,-0.006207451094672578
2023-02-28,48923.53315090803,49351.61441112619,48617.76134119989,49229.30859375,797394,10.804244428244726,0.0024876379779499302
2023-03-01,48617.76134119989,49229.30859375,48128.52717229364,49229.30859375,2093332,10.804244428244726,0
2023-03-02,48923.53515625,49229.3106116255,48801.22933386058,48923.53515625,655192,10.798013851218194,-0.006230577026531847
2023-03-03,48495.45656251878,48923.53419877184,48006.21875,48006.21875,1126664,10.779085838789873,-0.01892801242832043
2023-03-06,47761.60099942418,48801.22584739915,47761.60099942418,47822.75390625,1242859,10.77525682835978,-0.00382901043009376
2023-03-07,48373.14959945563,48862.38380402442,48189.68359375,48189.68359375,1204533,10.782900243805601,0.007643415445821589
2023-03-08,48006.21809458467,48617.76171875,48006.21809458467,48617.76171875,776558,10.79174421058561,0.008843966780009538
2023-03-09,48617.76463691066,49351.61775658354,48434.30226527596,49290.46484375,973816,10.805485930447205,0.013741719861593893
2023-03-10,49045.8429822925,49168.15243375234,48311.98990666733,48617.76171875,974728,10.79174421058561,-0.013741719861593893
2023-03-13,47761.60177554231,48556.60774286528,47761.60177554231,48250.8359375,1348255,10.784168431746588,-0.007575778839022718
2023-03-14,48311.98970360169,48373.14624564149,48006.217892804256,48128.52734375,650021,10.78163036435865,-0.00253806738793827
2023-03-15,48373.14607331368,49229.30859375,48373.14607331368,49229.30859375,1052141,10.804244428244726,0.022614063886075897
2023-03-16,48923.53496833044,48923.53496833044,47945.06659416956,48434.30078125,1292743,10.787963535527314,-0.016280892717411177
2023-03-17,48678.920559202386,48923.535840536606,48067.37690616578,48311.9921875,653063,10.785435094278418,-0.00252844124889684
2023-03-20,48373.143227033106,48495.45267034643,47455.82421875,47455.82421875,1170769,10.767554540841747,-0.01788055343667061
2023-03-21,48067.377297759354,48128.5302103076,47150.05817759723,47761.60546875,815493,10.773977362843837,0.006422822002090101
2023-03-22,47822.75638687242,48067.37529313181,47455.82802748333,48006.21875,928342,10.779085838789873,0.0051084759460362505
2023-03-23,47945.06813672744,48006.22104965475,47455.83030077256,47700.44921875,542344,10.772696094415945,-0.006389744373928252
2023-03-24,47883.90900485734,48189.68081924992,47700.446642848576,48067.375,557704,10.78035895153341,0.0076628571174648386
2023-03-27,48250.84287738545,48434.30526036513,48006.22394465634,48373.15234375,1166815,10.786700235158213,0.006341283624802685
2023-03-28,48434.30078125,48434.30078125,47394.67586299535,48434.30078125,1521483,10.787963535527314,0.0012633003691018274
2023-03-29,48434.30164473413,48495.45818991821,48067.37690616578,48311.9921875,615193,10.785435094278418,-0.00252844124889684
2023-03-30,48311.99579400057,48495.46181011456,48189.686327636016,48373.15234375,621125,10.786700235158213,0.0012651408797950126
2023-03-31,48373.15234375,48617.76764334481,48311.99579400057,48373.15234375,1021419,10.786700235158213,0
2023-04-03,48556.610316533275,49473.92578125,48373.14795021672,49473.92578125,1779727,10.809201057880326,0.02250082272211351
2023-04-04,49473.923861636205,49535.08040345814,48923.53315090803,49229.30859375,889103,10.804244428244726,-0.004956629635600507
2023-04-05,49229.31193091646,49290.46484375,48740.074095711825,49290.46484375,641809,10.805485930447205,0.0012415022024789835
2023-04-06,49351.61134644587,49840.84911810484,49106.99609375,49106.99609375,932144,10.801756790266776,-0.0037291401804289137
2023-04-07,49045.84260141805,49351.61441112619,48923.53315090803,49229.30859375,547210,10.804244428244726,0.0024876379779499302
2023-04-10,49535.07732738479,49535.07732738479,48984.68665083526,49106.99609375,1170769,10.801756790266776,-0.0024876379779499302
2023-04-11,49045.839555725826,49229.30553666474,48984.68665083526,49106.99609375,812147,10.801756790266776,0
2023-04-12,49106.99609375,49229.30553666474,48862.377207920516,49106.99609375,874046,10.801756790266776,0
2023-04-13,49106.99922972205,49168.15213851784,48495.45560922879,48678.91796875,822032,10.7930013194253,-0.008755470841474988
2023-04-14,48862.38032827121,48984.68977899663,48495.45560922879,48678.91796875,606524,10.7930013194253,0
2023-04-17,48678.91796875,48740.07087754579,48311.98961657374,48678.91796875,684241,10.7930013194253,0
2023-04-18,48678.91882788406,48923.53410051828,48434.29992211594,48556.609375,458695,10.79048559988128,-0.002515719544021522
2023-04-19,48801.22885046271,48801.22885046271,48495.45703125,48495.45703125,638463,10.789225403079554,-0.0012601968017253995
2023-04-20,48801.22828076812,48801.22828076812,48434.29992211594,48556.609375,554206,10.79048559988128,0.0012601968017253995
2023-04-21,48923.534671640635,48923.534671640635,48495.45703125,48495.45703125,492763,10.789225403079554,-0.0012601968017253995
2023-04-24,48617.76764334481,49290.467891782704,48311.99579400057,48373.15234375,1208335,10.786700235158213,-0.002525167921341165
2023-04-25,48373.1437395655,48495.453184174745,47883.90596112855,47945.0625,821272,10.777811103163947,-0.008889131994266108
2023-04-26,47761.60043778658,47945.06278924039,47455.82500785199,47883.90625,1174115,10.776534740512858,-0.0012763626510885473
2023-04-27,47761.60043778658,48189.67804680091,47761.60043778658,47883.90625,336113,10.776534740512858,0
2023-04-28,48189.68178802624,48189.68178802624,47394.67578125,47394.67578125,1438139,10.766265176084126,-0.01026956442873228
2023-05-04,47578.137480613026,48128.528203129696,47455.82802748333,48006.21875,756179,10.779085838789873,0.012820662705747665
2023-05-05,48067.37194460924,48067.37194460924,47822.75305539076,47945.0625,485463,10.777811103163947,-0.0012747356259268372
2023-05-08,48006.21875,48250.83765625939,47945.06584000211,48006.21875,551925,10.779085838789873,0.0012747356259268372
2023-05-09,48067.37358090759,48801.22664041101,48067.37358090759,48250.8359375,921498,10.784168431746588,0.005082592956714649
2023-05-10,48311.9921875,48678.920559202386,48311.9921875,48311.9921875,961953,10.785435094278418,0.0012666625318296099
2023-05-11,48373.15234375,48678.92419309424,48311.99579400057,48373.15234375,723784,10.786700235158213,0.0012651408797950126
2023-05-12,48495.4555238237,49290.46150243809,48189.68008098173,49229.30859375,1647259,10.804244428244726,0.017544193086513005
2023-05-15,49779.70123271454,50024.320161063326,49412.77647332561,49535.0859375,1421561,10.81043650429005,0.006192076045325123
2023-05-16,49535.075874498376,49963.15709557735,49412.76643517103,49840.84765625,1165750,10.816590160865866,0.006153656575815347
2023-05-17,50085.4629017712,50574.7006590806,49596.2287775953,49840.84765625,1484678,10.816590160865866,0
2023-05-18,50024.315182441685,50758.16826131777,49779.69627843836,50697.01171875,2357052,10.833622247383637,0.017032086517771106
2023-05-19,50758.168828368056,50941.63119185318,50024.31574129365,50635.859375,1632811,10.83241528757852,-0.0012069598051169805
2023-05-22,50635.8608061705,50635.8608061705,50146.626612004504,50452.3984375,853210,10.828785565533785,-0.0036297220447352174
2023-05-23,50452.40074573479,50452.40074573479,49779.70051898774,50146.62890625,998454,10.822706570916345,-0.006078994617439548
2023-05-25,49657.38570328126,51002.786011735254,49535.07988717979,50880.4765625,2039949,10.837234564371476,0.014527993455130783
2023-05-26,50819.3203125,51002.786303971,50330.08614588957,50819.3203125,1314644,10.836031882375035,-0.001202681996440802
2023-05-29,51063.939212372126,51186.248662308186,50697.01086256394,50819.3203125,1337761,10.836031882375035,0
2023-05-30,50758.16732194333,51920.101644754526,50697.01078050737,51369.7109375,2523283,10.846803996377155,0.010772114002119082
2023-05-31,51492.01591111971,51492.01591111971,50819.31581260383,51430.859375,1276622,10.847993648234647,0.0011896518574925352
2023-06-01,51369.70929801953,51369.70929801953,50819.31860833089,51063.9375,817166,10.84083380298089,-0.007159845253756458
2023-06-02,51063.94387491126,51553.17808619262,50819.32495270351,51247.40625,1119211,10.84442028596384,0.0035864829829499456
2023-06-05,51308.56124646028,52103.56726990741,51247.40470118956,51981.2578125,2168007,10.858638505911564,0.014218219947723654
2023-06-06,52164.72265625,52164.72265625,51797.79789975833,52164.72265625,781729,10.862161734224465,0.003523228312900528
2023-06-07,51981.2578125,52225.876727314826,51553.17652814107,51981.2578125,1073433,10.858638505911564,-0.003523228312900528
2023-06-08,51797.78997187054,51920.099416359146,51063.93693807252,51125.08984375,1892728,10.842030650678522,-0.0166078552330422
2023-06-09,51553.178521478025,51797.7974457512,51186.25376820244,51736.64453125,1034499,10.853921601129274,0.011890950450752058
2023-06-12,51675.48266341135,51920.1015625,51125.09195702877,51920.1015625,790398,10.857461307510496,0.0035397063812219187
2023-06-13,51614.33203125,51920.103852027576,51553.17548721411,51614.33203125,709944,10.851554665447162,-0.005906642063333578
2023-06-14,51553.172438535556,51858.944241230834,51430.8629908307,51492.01953125,1001648,10.849182114085947,-0.0023725513612156135
2023-06-15,51492.01591111971,51614.32535022565,51125.08759380192,51430.859375,1214570,10.847993648234647,-0.0011884658512997248
2023-06-16,51430.86546780911,52715.1092808604,51002.78782992594,51675.484375,3393832,10.852738757994185,0.004745109759538124
2023-06-19,51797.7890625,52287.02319873172,51675.47962015867,51797.7890625,1008644,10.855102745145544,0.0023639871513587707
2023-06-20,51981.25941363008,52470.49725832927,51797.79703843496,52287.03125,1436466,10.864503650852512,0.009400905706968388
2023-06-21,52287.03008949274,52837.420835996374,52225.87717682971,52470.49609375,1073433,10.86800631144357,0.003502660591058415
2023-06-23,52348.185887716674,52348.185887716674,51858.948060862785,52042.4140625,1250159,10.859814320145835,-0.008191991297735512
2023-06-26,52042.414805706525,52470.49609375,51736.64297612319,52470.49609375,1307039,10.86800631144357,0.008191991297735512
2023-06-27,52592.802822913385,53387.8125,52592.802822913385,53387.8125,2342755,10.885337768562701,0.017331457119130533
2023-06-28,53448.96293288629,53693.58184265654,53204.34765625,53204.34765625,1467492,10.881895394852446,-0.003442373710255353
2023-06-29,53204.35361301445,53265.50653073672,52898.578125,52898.578125,855340,10.876131738940733,-0.005763655911712462
2023-06-30,52898.56867525734,52959.725215189035,52592.796875,52592.796875,1115561,10.870334447808528,-0.0057972911322057286
2023-07-03,52898.57087809455,53082.03687239594,52592.79906510406,52837.41796875,1581101,10.874974892354324,0.00464044454579593
2023-07-04,52837.419291594626,53204.34765625,52715.109836709504,53204.34765625,2019874,10.881895394852446,0.006920502498122261
2023-07-05,53523.51662702163,54521.292286088,53309.70703125,53309.70703125,2363704,10.883873714233331,0.0019783193808855515
2023-07-06,53309.70109816766,53594.779300201546,52739.54469409987,53167.16015625,2006232,10.881196194431586,-0.002677519801745021
2023-07-07,52882.08861274512,53808.59564736538,52882.08861274512,53666.0546875,1185356,10.890535951894963,0.00933975746337623
2023-07-10,53666.0546875,54093.67388529426,53380.97644957112,53666.0546875,1526561,10.890535951894963,0
2023-07-11,53666.04785291764,53737.320164674464,53452.23828125,53452.23828125,1443244,10.886543791745726,-0.003992160149236312
2023-07-12,53452.245088602875,53951.13292542887,53380.97644957112,53666.0546875,1196730,10.890535951894963,0.003992160149236312
2023-07-13,54022.3984375,54022.3984375,53737.32023550121,54022.3984375,1656299,10.897154025426158,0.0066180735311949235
2023-07-14,54806.361228830974,55804.13671875,54236.201176162096,55804.13671875,3733153,10.929603280366182,0.032449254940024375
2023-07-17,56303.02734375,56445.564602857456,55946.67683237859,56303.02734375,1525239,10.938503584329563,0.008900303963381262
2023-07-18,56303.032245326205,56303.032245326205,55661.60347809759,56089.22265625,949951,10.93469896354113,-0.0038046207884328
2023-07-19,55946.671875,56231.75004975581,55804.13462852263,55946.671875,937123,10.932154228056625,-0.0025447354845056225
2023-07-20,56017.94230070241,57942.22464447218,55946.67367517055,57229.52734375,3034211,10.954825256479475,0.022671028422850625
2023-07-21,56801.91490692283,57728.421875,56730.6462730097,57728.421875,1684336,10.96350491137439,0.00867965489491418
2023-07-24,57728.421875,57942.23145854101,57443.34365754586,57728.421875,1550895,10.96350491137439,0
2023-07-25,57728.41699702561,58583.651577121855,57728.41699702561,57942.2265625,1397750,10.967201699347488,0.0036967879730980258
2023-07-26,57870.96356295748,58940.0078125,57799.69124633342,58940.0078125,1680633,10.984275388841727,0.017073689494239375
2023-07-27,59011.27438857128,60151.59091495515,59011.27438857128,59652.703125,1874908,10.996294742928473,0.012019354086746148
2023-07-28,59510.157254148566,60151.5859375,59225.07906659278,60151.5859375,1188134,11.004623087430966,0.008328344502492868
2023-07-31,60365.3954963012,61149.36148031543,60151.589603953056,61006.82421875,1946058,11.018741009336718,0.01411792190575234
2023-08-01,61006.82141675733,61505.70917292574,60222.85546875,60222.85546875,1702454,11.005807218194025,-0.012933791142692996
2023-08-02,60222.86145382731,60436.67103940567,59510.1640625,59510.1640625,1317606,10.993902401524696,-0.011904816669328966
2023-08-03,59723.97175733601,60009.049968481595,59082.543020907295,59652.703125,1200697,10.996294742928473,0.0023923414037767543
2023-08-04,59866.51282161859,60222.86336951859,59367.625,59367.625,2140995,10.99150432309586,-0.004790419832612969
2023-08-07,59581.426775761494,60222.85546875,59367.61721143199,60222.85546875,995181,11.005807218194025,0.01430289509816518
2023-08-08,59866.50203890307,60294.12114664275,59723.96479085725,60009.04296875,841110,11.002250545993533,-0.0035566722004922724
2023-08-09,59866.507064908314,60365.394838554304,59153.81340124384,59225.08203125,1299620,10.989100414104119,-0.013150131889414496
2023-08-10,59225.08104856693,59367.61830621423,58583.65234375,58583.65234375,1776514,10.978210966402493,-0.010889447701625699
2023-08-11,58441.1171875,59153.8145467674,58084.76666696556,58441.1171875,1511485,10.975774982511139,-0.002435983891354354
2023-08-14,58512.37998375253,59296.3458962254,58441.111359473485,58868.73046875,1341147,10.983065336794875,0.0072903542837359225
2023-08-15,58868.73209340358,60080.31346678896,58084.76247749367,59866.50390625,2215981,10.999872427463231,0.016807090668356395
2023-08-16,59296.35028570214,60721.74496760618,59296.35028570214,60650.47265625,3432416,11.0128827075199,0.013010280056668933
2023-08-17,60579.2011306195,62147.13299667587,60579.2011306195,61291.8984375,4885050,11.023402950669675,0.01052024314977551
2023-08-18,61006.8272280482,62646.03158951824,60080.32025496506,60935.55859375,5612293,11.017572168258337,-0.005830782411338831
2023-08-21,61220.6328125,61790.78921323402,60935.55461213298,61220.6328125,3243828,11.022239549141505,0.004667380883168093
2023-08-22,61505.70883950389,61648.24609375,59153.81100823154,61648.24609375,3081821,11.029200058775794,0.0069605096342897355
2023-08-23,61576.977466626944,61862.05933872171,60365.39239652861,61648.24609375,1875966,11.029200058775794,0
2023-08-24,61648.25537805683,64965.004348165414,61359.839185122466,64892.8984375,6945241,11.08049347355403,0.05129341477823601
2023-08-25,64532.376588768064,65613.92042980171,64243.96042798986,65325.51171875,3691626,11.087137923787141,0.006644450233110888
2023-08-28,66334.96517027078,67993.34153444576,65613.92840554247,67777.03125,3902300,11.123978644408353,0.03684072062121224
2023-08-29,67777.0255465666,67777.0255465666,66911.78448159357,67488.609375,2046436,11.119714112620738,-0.004264531787615766
2023-08-30,67200.1993297357,70805.36082948529,67128.10086756626,69651.7109375,3122025,11.15126254369447,0.031548431073732175
2023-08-31,69651.71439702171,70300.64528714288,69291.19971908588,69723.8203125,1856393,11.152297293205912,0.0010347495114420013
2023-09-05,70012.21650787973,71165.87369981373,69795.90625,69795.90625,1903871,11.153330637317035,0.0010333441111232133
2023-09-06,70012.21231963986,71382.1796875,69435.38748304265,71382.1796875,3294347,11.17580353296767,0.02247289565063504
2023-09-07,71382.18988231257,72680.04408758447,70372.74441166683,70589.0546875,4297596,11.164630378707557,-0.01117315426011345
2023-09-08,70300.63628125886,71021.66554476284,69940.12164950687,70372.7421875,2797881,11.161561282334084,-0.003069096373472746
2023-09-11,71165.87824390589,71742.70315184114,68714.36679788581,70228.53125,6810610,11.159509935507067,-0.002051346827016687
2023-09-12,70228.5268345421,71310.078125,70228.5268345421,71310.078125,3545225,11.174792944590394,0.015283009083326249
2023-09-13,71310.0713375077,71382.17723325048,70228.52014999487,70661.140625,3821099,11.165651063225532,-0.009141881364861604
2023-09-14,70661.14876215953,70661.14876215953,68858.56820854137,69146.984375,3067803,11.143989726235963,-0.021661336989568625
2023-09-15,69219.08152088284,70516.94307082343,68714.36255127916,70300.6328125,2823273,11.160536079358527,0.016546353122564028
2023-09-18,69868.015625,69868.015625,69002.77455047834,69868.015625,2680575,11.154363250184257,-0.006172829174269978
2023-09-19,69795.91300884892,70949.5703125,69146.98962209623,70949.5703125,4739311,11.1697246263683,0.015361376184042541
2023-09-20,71237.97432698205,71886.90512042819,71021.6640625,71021.6640625,3233248,11.170740237122326,0.0010156107540257864
2023-09-21,71021.66189474294,71310.07805515805,69435.39163677595,69795.90625,4521627,11.153330637317035,-0.017409599805290554
2023-09-22,68570.17036321423,69940.13060920706,66767.58952380728,69723.8203125,9073672,11.152297293205912,-0.0010333441111232133
2023-09-25,69940.1128513452,70372.73333491656,67993.328125,67993.328125,2773414,11.12716486353575,-0.025132429670161827
2023-09-26,67921.23428282322,68858.57386377417,67128.0990720815,67416.5078125,2848797,11.118645189945774,-0.008519673589976406
2023-09-27,67704.9119860438,67993.328125,65181.302431512086,67993.328125,5965004,11.12716486353575,0.008519673589976406
2023-09-28,67849.12971166366,67993.34153444576,65902.34460137926,67777.03125,2333419,11.123978644408353,-0.0031862191273965834
2023-09-29,67777.02227318505,68425.94559084745,66911.78125,66911.78125,2162684,11.111130333003743,-0.012848311404610513
2023-10-02,67344.40712767275,67632.81585856424,66334.96167009854,67200.1953125,1504343,11.11543143294303,0.0043010999392869564
2023-10-03,66479.171875,67416.5115073227,65974.45282674245,66479.171875,2654125,11.104643972697833,-0.010787460245197167
2023-10-04,65830.23546707738,67344.40738406696,65830.23546707738,66695.4765625,2105023,11.10789241195032,0.003248439252487856
2023-10-05,66911.78798527944,67272.30263132016,66046.546875,66046.546875,1810634,11.098115028114458,-0.009777383835862352
2023-10-06,65974.45376923686,66911.79341495015,65613.93164421381,66839.6875,1517833,11.110052307354294,0.01193727923983623
2023-10-09,66623.36496740939,68930.671875,66479.16061372447,68930.671875,4836382,11.140856523039506,0.030804215685211744
2023-10-10,69579.61025669536,70084.32927469752,68786.47505002968,69435.3984375,4305398,11.148152080397423,0.007295557357917204
2023-10-11,69146.98206835493,70661.1464050041,69146.98206835493,69940.1171875,3118719,11.155394686159285,0.007242605761861753
2023-10-12,69940.12839220063,70516.95334855895,69219.09160945706,69507.5078125,2487887,11.149190051797623,-0.006204634361662187
2023-10-13,69219.0894016073,69435.39968455807,68714.3703745404,69291.1953125,3123877,11.146073125338559,-0.003116926459064473
2023-10-16,69795.90625,71310.07805515805,69435.39163677595,69795.90625,6578908,11.153330637317035,0.007257511978476572
2023-10-17,70516.94460446785,70516.94460446785,67128.09375,67128.09375,3200582,11.114357920134557,-0.03897271718247808
2023-10-18,68425.9523088945,68425.9523088945,65613.92615718527,67055.9921875,8123853,11.113283253657748,-0.001074666476808872
2023-10-19,67777.03490754952,67993.34520366834,66334.96875,66334.96875,4006381,11.102472469257215,-0.01081078440053318
2023-10-20,66695.47445240828,67055.98908085284,64964.99976603831,66983.890625,3786582,11.112207431030313,0.009734961773098405
2023-10-23,67632.81269573559,67632.81269573559,65469.717516297926,65613.921875,2607573,11.091543176120185,-0.020664254910128577
2023-10-24,66623.37751167323,66623.37751167323,65469.727565524736,66334.96875,2132399,11.102472469257215,0.010929293137030172
2023-10-25,66190.7510704768,66839.67437872732,65541.8203125,65541.8203125,2428771,11.090443695936385,-0.01202877332083041
2023-10-26,63667.137626198375,64820.78740736734,62008.76513455216,62585.59375,7815313,11.044290398814669,-0.04615329712171601
2023-10-27,63090.315422000174,63450.83006275035,62225.07804928164,62729.80078125,2691023,11.046591905272738,0.002301506458069369
2023-10-30,62729.80037846839,62801.90628604626,61287.734375,61287.734375,2472413,11.023335010141448,-0.023256895131289923
2023-10-31,61359.836330717706,61504.04442047646,59845.671875,59845.671875,4082822,10.999524392163991,-0.02381061797745687
2023-11-01,60783.013232355224,61576.1484375,59557.26119477195,61576.1484375,2876702,11.028029873850134,0.02850548168614253
2023-11-02,62297.184406619715,64171.87109375,61936.66974171362,64171.87109375,2914790,11.069320248707339,0.04129037485720488
2023-11-03,64171.866793977744,64316.07116033241,62729.80078125,62729.80078125,6403941,11.046591905272738,-0.022728343434600617
2023-11-06,63595.040928563634,64099.75992812671,63306.62475043693,63811.34375,1600357,11.063686255252167,0.017094349979428713
2023-11-07,63811.34499200665,64027.65526738015,63378.73189098672,63667.140625,1772414,11.061423862704675,-0.0022623925474913875
2023-11-08,63595.04502250787,66767.5859375,63450.83319929738,66767.5859375,3892382,11.108973001300901,0.047549138596226115
2023-11-09,66334.96192264959,67272.30147620608,66190.75755665482,66695.4765625,2790739,11.10789241195032,-0.0010805893505807518
2023-11-10,65974.4453125,66839.67893235576,65830.23350108504,65974.4453125,3182596,11.097022753795446,-0.010869658154874173
2023-11-13,66046.54029159682,66334.95644951686,65253.4051694747,65902.3359375,2026202,11.095929166561923,-0.0010935872335231522
2023-11-14,66334.96536732336,67344.41088115971,65830.23888554148,66767.5859375,2642090,11.108973001300901,0.013043834738978077
2023-11-15,67560.72206441988,67632.82052725622,66334.96624919966,66623.375,3197276,11.106810770926796,-0.002162230374105789
2023-11-16,66479.16726531953,67055.9921875,66046.5467112524,67055.9921875,2521081,11.113283253657748,0.006472482730952578
2023-11-17,67344.40397833145,67416.50243281915,65325.51315759586,65613.921875,4718547,11.091543176120185,-0.02174007753756335
2023-11-20,64965.00443488463,66767.58515638046,64243.967676449894,65397.625,2190721,11.088241221801175,-0.0033019543190100364
2023-11-21,66334.96528651741,66334.96528651741,65397.62568542813,66262.859375,1931775,11.101384828786353,0.013143606985178025
2023-11-22,66262.85698828597,67128.09809642023,66262.85698828597,67055.9921875,4326823,11.113283253657748,0.011898424871395363
2023-11-23,67272.30335558768,67560.71954536169,65469.72265625,65469.72265625,2864138,11.089343065230196,-0.0239401884275523
2023-11-24,65469.71664918912,66334.95768939522,65037.096129086065,65758.1328125,2973641,11.093738635356447,0.004395570126250803
2023-11-27,65902.34402614972,65902.34402614972,64965.00443488463,65397.625,2194688,11.088241221801175,-0.005497413555271891
2023-11-28,65469.71318888124,66262.84828390797,64820.78244302497,65686.0234375,1442450,11.092641448774842,0.004400226973666932
2023-11-29,66046.5425331412,66334.95870084976,65686.02791080049,66118.6484375,1059983,11.099206110671895,0.006564661897053625
2023-11-30,65902.34471686777,67560.72108394893,65830.23880535037,66262.859375,2621724,11.101384828786353,0.0021787181144574674
2023-12-01,66479.17062459984,66983.89711309169,65830.2397607078,66623.375,1574833,11.106810770926796,0.0054259421404427854
2023-12-04,66767.58012067365,67777.0255465666,66767.58012067365,67488.609375,4578891,11.119714112620738,0.012903341693942139
2023-12-05,67632.80711651668,69074.87293375729,67560.70866797656,68353.84375,4748039,11.132453076854729,0.012738964233991013
2023-12-06,68498.0546875,68786.47085858915,67849.12388984449,68498.0546875,1614375,11.134560625124438,0.0021075482697092696
2023-12-07,68570.15295318651,68714.35729780166,66911.7769160716,67993.328125,4974187,11.12716486353575,-0.007395761588687932
2023-12-08,67993.33246427227,68570.15732927121,67416.50014954693,67921.2265625,2308820,11.126103879751792,-0.001060983783958136
2023-12-11,68858.56931406636,69002.77367474757,68209.63851641085,68498.0546875,2069051,11.134560625124438,0.008456745372646068
2023-12-12,68786.46831286326,69795.90625,68714.36241032787,69795.90625,5402280,11.153330637317035,0.018770012192597108
2023-12-13,70228.52810061778,70228.52810061778,68642.2578125,68642.2578125,2840862,11.136663627159617,-0.016667010157418005
2023-12-14,69074.8884792526,69507.50906675984,68642.26789174533,69363.3046875,2264516,11.147113255756267,0.010449628596649774
2023-12-15,69363.3046875,69435.40315226607,68498.06351248549,69363.3046875,1949761,11.147113255756267,0
2023-12-18,69146.99141833819,69363.30170278394,67560.72096555425,67777.03125,2997446,11.123978644408353,-0.023134611347913392
2023-12-19,67704.92162214988,68209.640625,67488.61134957783,68209.640625,1653654,11.130341191979264,0.006362547570910593
2023-12-20,67993.3412550756,68498.06028355699,67849.12943288604,68281.75,1784713,11.131397806339752,0.001056614360487984
2023-12-21,68209.63419653955,68570.15625,67777.02114189434,68570.15625,2323368,11.13561267896912,0.00421487262936715
2023-12-22,68498.05680500506,68570.16271243808,68065.43625986096,68209.640625,1686716,11.130341191979264,-0.005271486989855134
2023-12-25,68425.95075628252,69363.29775206825,68353.85229872537,69219.0859375,2667482,11.145031911923008,0.014690719943743602
2023-12-26,69579.60135903997,71093.7656691463,69507.49545866299,70084.3203125,4443467,11.157454372004901,0.012422460081893405
2023-12-27,70228.53025614175,70516.94643089126,69868.015625,69868.015625,1793177,11.154363250184257,-0.0030911218206437496
2023-12-28,69940.12713536005,69940.12713536005,69435.40065153682,69651.7109375,1582503,11.15126254369447,-0.0031007064897874415
2023-12-29,69651.70996750884,69940.12616135231,69291.1953125,69291.1953125,2468578,11.146073125338559,-0.005189418355911357
2024-01-02,69868.01361655661,69868.01361655661,69002.77256690737,69146.984375,2267426,11.143989726235963,-0.0020833991025952514
2024-01-03,68930.67941949784,69579.61025669536,68786.47505002968,69435.3984375,1900300,11.148152080397423,0.004162354161460158
2024-01-04,69435.38955828603,70949.56131811862,69363.2911076353,70084.3203125,3932982,11.157454372004901,0.009302291607477642
2024-01-05,70156.43279258744,70300.63715713951,69579.60788465217,70228.53125,1505798,11.159509935507067,0.00205556350216618
2024-01-08,70228.52032119276,70877.45103528237,70012.21008316289,70156.421875,1908367,11.158482626244405,-0.001027309262662257
2024-01-09,70156.43742132321,70156.43742132321,69651.7109375,69651.7109375,1602473,11.15126254369447,-0.007220082549935114
2024-01-10,69723.81607380409,69868.0204462663,68137.5456275378,68281.75,4367556,11.131397806339752,-0.019864737354717832
2024-01-11,68281.74442161483,68786.47085858915,68281.74442161483,68498.0546875,1813015,11.134560625124438,0.003162818784685939
2024-01-12,68353.85591109478,68930.68085067095,67849.12943288604,68281.75,3434532,11.131397806339752,-0.003162818784685939
2024-01-15,68498.052587752,69146.98336551512,68425.94668475837,68786.46875,1735384,11.138762329432993,0.007364523093240649
2024-01-16,68281.74418684634,69002.7734375,68281.74418684634,69002.7734375,1071225,11.141901977517986,0.0031396480849927855
2024-01-17,68930.67498227068,69219.08370264145,68498.05445198777,69002.7734375,1870015,11.141901977517986,0
2024-01-18,69002.77032697927,69219.08058236983,68642.25571790378,68930.671875,1503550,11.140856523039506,-0.0010454544784792574
2024-01-19,69219.08815843416,69868.01899563168,69002.77787936832,69435.3984375,1974757,11.148152080397423,0.007295557357917204
2024-01-22,69795.91656581537,69795.91656581537,69074.88723279936,69507.5078125,1465330,11.149190051797623,0.0010379714001995666
2024-01-23,69291.18648407549,69507.49673946606,68786.46752131508,68930.671875,1957829,11.140856523039506,-0.00833352875811677
2024-01-24,69074.87957995155,69074.87957995155,68425.94878229602,68498.0546875,2277477,11.134560625124438,-0.006295897915068238
2024-01-26,68858.56820854137,69363.2946374123,68714.36385017537,69146.984375,1223841,11.143989726235963,0.009429101111525284
2024-01-29,69146.984375,69291.188733366,68714.36385017537,69146.984375,1402775,11.143989726235963,0
2024-01-30,69146.98213039056,69146.98213039056,68786.46752131508,68930.671875,1255052,11.140856523039506,-0.003133203196457046
2024-01-31,68930.67498227068,69219.08370264145,68858.56907731462,69002.7734375,1827033,11.141901977517986,0.0010454544784792574
2024-02-01,69146.9849356617,72031.109375,69002.77312639977,72031.109375,10307168,11.184853379333596,0.042951401815610524
2024-02-05,73545.27651071084,75059.44081310615,73473.17061070108,74626.8203125,3563344,11.220255243194723,0.03540186386112687
2024-02-06,74698.94624024504,75708.39186239583,74194.21970430555,75059.4609375,2491986,11.226035890908626,0.0057806477139035195
2024-02-07,75492.06907238613,75708.37934492042,74915.24416220367,75636.2734375,2810841,11.23369125447121,0.0076553635625842276
2024-02-15,75852.58485317686,76068.89512897108,74843.13938271289,74987.34375,2973509,11.225074628278565,-0.008616626192646137
2024-02-16,74987.3417517388,75780.484375,74843.13738829445,75780.484375,2732285,11.235596076410173,0.010521448131608935
2024-02-19,76068.89746666038,77150.44887886883,75708.3828125,75708.3828125,2687055,11.234644170579957,-9.519058302167593e-4
2024-02-20,75852.58709657527,75852.58709657527,74987.34596780824,75203.65625,2439086,11.227955129101746,-0.006689041478210811
2024-02-21,74987.33724310415,77078.3339110966,74626.82263130585,76357.3046875,4149343,11.243178979776955,0.01522385067520915
2024-02-22,76357.31581697045,76429.41428000297,75419.96875,75419.96875,2272980,11.230827356465936,-0.012351623311019466
2024-02-23,76068.89197745566,76934.13304478579,74482.62165383493,74915.2421875,5426878,11.22411264930256,-0.006714707163375522
2024-02-26,74915.24603044463,77871.4765625,74626.82984329737,77871.4765625,5907210,11.262815010282871,0.03870236098031121
2024-02-27,78231.98772408506,78953.0244349691,77438.85255692138,77799.3671875,3704058,11.261888576296641,-9.264339862298243e-4
2024-02-28,77871.47753635274,78231.9921875,76645.72176267026,78231.9921875,4578098,11.26743395012888,0.005545373832237743
2024-02-29,78015.67511841077,78880.91616565792,77655.16049863333,78592.5,3735798,11.272031554017206,0.004597603888326418
2024-03-01,78736.71734321509,80322.98774153861,78664.61143429962,79890.3671875,5315656,11.288410563629,0.016379009611794615
2024-03-04,80034.56041670585,80611.38525856806,79890.35606867181,80322.9765625,4082689,11.293810993034961,0.0054004294059613045
2024-03-05,80322.9842535365,80322.9842535365,79241.432915406,79818.2578125,4474017,11.287507551911254,-0.006303441123707287
2024-03-06,79313.53231212213,79601.94101213673,78159.88261261136,78664.6015625,4896688,11.272948543670912,-0.014559008240341953
2024-03-07,78664.61239480785,82125.56941964856,78015.68155582636,80250.8828125,5339726,11.29291304171057,0.019964498039657386
2024-03-08,80250.87859191373,81188.21812132746,78953.02443193525,79313.5390625,4120381,11.281164125237753,-0.011748916472816617
2024-03-11,79313.5390625,81837.14892618012,79313.5390625,79313.5390625,4472033,11.281164125237753,0
2024-03-12,79313.53991921995,81837.14981015932,79313.53991921995,80683.5,3845565,11.298289372386504,0.0171252471487513
2024-03-13,81332.42180875869,84360.7578125,80755.59696753073,84360.7578125,6763529,11.342857617630836,0.04456824524433145
2024-03-14,85442.30159615513,85442.30159615513,83423.41092699426,84360.7578125,4579817,11.342857617630836,0
2024-03-15,84216.55930727147,84216.55930727147,82558.19042063871,83639.734375,5076284,11.33427397772452,-0.008583639906316165
2024-03-18,83495.52364658505,83495.52364658505,80106.67277145515,81476.6328125,7782383,11.308071544161594,-0.02620243356292562
2024-03-19,81476.63867488394,81476.63867488394,80106.6785352681,80755.609375,4384616,11.299182704616529,-0.008888839545065252
2024-03-20,80971.91712993868,82918.70213869993,80106.67603727724,82558.1875,4596613,11.321258626743782,0.022075922127253733
2024-03-21,83062.90046254515,83783.9296875,82630.27994768164,83783.9296875,4969690,11.335996498241085,0.01473787149730299
2024-03-22,83856.0391779654,83856.0391779654,82558.18502756805,82846.59375,3193573,11.32474590855147,-0.011250589689614898
2024-03-25,82269.76996894734,82990.79923451328,82053.45969933219,82197.6640625,3695594,11.316882162909337,-0.007863745642133324
2024-03-26,82197.66638929656,83279.21776798817,81909.25765479685,82918.703125,2239389,11.325615926352638,0.008733763443300901
2024-03-27,82702.3916124035,83135.01215741008,82269.77106739693,83062.90625,1745964,11.327353506339051,0.001737579986412996
2024-03-28,83567.625806116,84649.16962965259,83135.00529681082,84432.859375,3707232,11.343711933902823,0.01635842756377137
2024-03-29,83928.15153871,84504.97647766676,83639.73534436795,84000.25,1776778,11.338575054011498,-0.005136879891324497
2024-04-01,83639.72978687075,84793.37958812925,83062.90488624151,84216.5546875,2611408,11.341146792395412,0.0025717383839136687
2024-04-02,83207.100680318,84360.7578125,83207.100680318,84360.7578125,3022970,11.342857617630836,0.001710825235424096
2024-04-03,83711.83356979302,84360.76436018872,82990.796875,82990.796875,3371052,11.326484999606883,-0.016372618023952512
2024-04-04,82918.70077779282,83495.52568019094,82197.6640625,82197.6640625,3120438,11.316882162909337,-0.009602836697546024
2024-04-05,81548.73848476623,82702.38825817629,81188.21641206475,81981.3515625,3648777,11.314247080413036,-0.0026350824963010666
2024-04-08,81981.35392327476,81981.35392327476,81188.21875,81188.21875,2581520,11.304525426337586,-0.009721654075450559
2024-04-09,81188.21664346212,81620.83717215559,81116.11818849767,81476.6328125,1894481,11.308071544161594,0.003546117824008377
2024-04-10,81837.14287271617,83351.31463870297,81692.93852110238,82053.453125,2368729,11.315126181251188,0.0070546370895936406
2024-04-11,81837.14832203461,83207.10837790334,81692.94396081864,82846.59375,2049081,11.32474590855147,0.009619727300282932
2024-04-12,83567.63493762775,83567.63493762775,82413.97763684396,83279.21875,1808254,11.329954322241006,0.005208413689535618
2024-04-15,83279.21349043422,83351.31939521903,80395.08159521518,80467.1875,4895762,11.295604771615997,-0.03434955062500933
2024-04-16,80755.60356449535,81620.83717215559,80395.08149076633,81476.6328125,4817470,11.308071544161594,0.012466772545597138
2024-04-17,81548.74547728068,81548.74547728068,80467.1940658904,80611.3984375,2570014,11.29739533831598,-0.010676205845614462
2024-04-19,79674.05130905894,80178.77773652865,78592.5,78592.5,7090054,11.272031554017206,-0.02536378429877395
2024-04-22,79313.54128814582,80322.98675188965,78520.40609875617,79529.8515625,3170429,11.28388772151539,0.011856167498184078
2024-04-23,79962.47635764915,81692.95119465314,79241.43958826858,80971.921875,5339726,11.301857730041306,0.017970008525916015
2024-04-24,81909.25578612184,86595.9609375,81620.83960847495,86595.9609375,13434880,11.369008453018255,0.06715072297694924
2024-04-25,88326.43728453007,92292.11290510245,87893.81677142647,88831.15625,7548433,11.394492726114922,0.025484273096667565
2024-04-26,88686.95189554093,90417.42649822892,88110.12702797826,88831.15625,4491871,11.394492726114922,0
2024-05-02,89263.78078450692,93013.14631743931,89047.47051821018,91787.390625,4588149,11.427230210148098,0.032737484033175335
2024-05-03,92364.21563417748,92580.52590074502,90561.64249565924,90777.9453125,4220362,11.416171642051953,-0.011058568096144583
2024-05-06,91210.5679458981,92003.703125,89768.50195215097,92003.703125,3576833,11.429584106579808,0.01341246452785505
2024-05-07,92292.11793546753,94887.83370584175,91715.29303646513,94671.5234375,4129903,11.458168531076486,0.028584424496678196
2024-05-08,93806.28014780678,94455.2109375,93229.4552624328,94455.2109375,3991040,11.455881042794747,-0.0022874882817394138
2024-05-09,94166.79500153636,95753.0727523743,93734.18192373696,93950.4921875,2913864,11.450523243651732,-0.00535779914301493
2024-05-10,94671.52120073108,95320.45199042428,93157.35680784025,94455.2109375,5011878,11.455881042794747,0.00535779914301493
2024-05-13,94671.52481478818,94815.72917920498,92868.94418553404,93517.875,2449534,11.445907873475473,-0.009973169319273723
2024-05-14,93734.18069419944,94959.928906476,93445.76452972306,94094.6953125,3047833,11.45205695110986,0.006149077634386657
2024-05-15,94815.72755822384,96978.8227864029,94671.5231962724,96690.4140625,4831224,11.479269545839921,0.027212594730061213
2024-05-16,97771.96218068876,98997.71793461117,96762.51670391308,97627.7578125,4124877,11.488917135782684,0.00964758994276238
2024-05-17,97627.75896409484,98060.37952349136,96402.00319571368,96978.828125,3050214,11.482247966909288,-0.006669168873395748
2024-05-20,97483.5516195653,98132.48243885848,95897.28125,95897.28125,2662853,11.471032910626079,-0.01121505628320918
2024-05-21,96618.3090184426,98060.375,96257.79438548496,98060.375,4591587,11.493338639387185,0.022305728761105925
2024-05-22,99430.33940287924,100728.20107768968,98132.485177796,99502.4453125,5966855,11.507937498849724,0.014598859462539693
2024-05-23,99141.9296875,99358.23251477772,97339.34901227769,99141.9296875,4789433,11.50430773565284,-0.003629763196883573
2024-05-24,99502.4368435141,99502.4368435141,94166.7936786197,95104.140625,17689231,11.462727787280715,-0.041579948372126196
2024-05-27,95897.28249235768,96257.79713561536,94166.80028515734,95753.078125,6821190,11.469528054045755,0.006800266765040419
2024-05-28,96618.31095908026,98781.40625,95969.38013688622,98781.40625,6116959,11.500664670174695,0.03113661612893992
2024-05-29,98853.51581220858,99646.65102985624,97195.1394663172,97844.0703125,7720226,11.491130371217926,-0.00953429895676905
2024-05-30,96474.10268875654,97339.34375,95104.14264160556,97339.34375,9603069,11.485958541531968,-0.005171829685957974
2024-05-31,97339.34586408745,98637.20003441365,96474.10478405203,97050.9296875,3482803,11.48299116802062,-0.002967373511348015
2024-06-04,100223.47221710069,100439.78249107164,99358.23112121684,100295.578125,9270460,11.51587688648766,0.0328857184670408
2024-06-05,100944.5109154217,104477.56637630014,100728.20063723253,101016.609375,8360316,11.523040231560525,0.007163345072864757
2024-06-06,101160.8127610531,102170.25823288638,100079.268830342,100656.09375,6892605,11.519464973199458,-0.0035752583610673128
2024-06-07,101665.53325517582,102386.5625,101305.01863276372,102386.5625,4968500,11.536510757390776,0.017045784191317637
2024-06-10,103468.1181749035,104549.66208769298,103107.60353730702,103828.6328125,4992966,11.55049705765326,0.013986300262484264
2024-06-11,104044.94061002738,105631.2109375,103179.6995405962,105631.2109375,8367854,11.567709164705866,0.017212107052605674
2024-06-12,106892.09064150836,110903.67909715702,106808.51916705792,110318.65625,12897825,11.61112833191802,0.04341916721215355
2024-06-13,111739.4369295883,111823.01592247028,108647.171875,108647.171875,9356630,11.595860955663332,-0.015267376254687548
2024-06-14,108730.748498795,110820.11815395682,107811.4246491368,109482.921875,7367130,11.603523851463075,0.007662895799743552
2024-06-17,109482.92112420764,109817.21456015288,107393.55148337391,107644.2734375,5597740,11.586587305255854,-0.01693654620722107
2024-06-18,107644.2662106722,108396.43953122104,106975.671875,106975.671875,7682000,11.58035672193835,-0.006230583317504923
2024-06-19,106975.6746882564,110987.25582512288,105805.62142989064,109900.7890625,11119580,11.607333320188504,0.026976598250154638
2024-06-20,111154.41116145748,113410.9312813282,110151.51583329338,111405.140625,12035555,11.620928751056963,0.013595430868459601
2024-06-21,111906.57896187207,113745.2265625,111405.13507709593,113745.2265625,8801295,11.641716371646957,0.02078762058999395
2024-06-24,112825.91287675514,113243.78532108592,110318.67070210144,110402.2421875,15164935,11.611885722288278,-0.029830649358679295
2024-06-25,109482.9242604758,109566.49574468896,107477.12604400275,108647.171875,15762820,11.595860955663332,-0.01602476662494645
2024-06-26,109482.91347863118,110151.5078125,108145.71730222546,110151.5078125,8219510,11.609612040856726,0.01375108519339463
2024-06-27,109733.6405619486,112073.73210324596,109315.76814509812,110987.2578125,7364255,11.617170679223099,0.007558638366372605
2024-06-28,110987.25819354638,110987.25819354638,108981.46758231038,109065.0390625,7627950,11.599699671910182,-0.017471007312916953
2024-07-01,108981.47177057476,108981.47177057476,107393.55351659864,107477.125,7332400,11.585033313209028,-0.01466635870115418
2024-07-02,107477.11574958712,110402.2300469058,106557.79196795322,106975.671875,7728690,11.58035672193835,-0.004676591270678543
2024-07-03,109065.04193703269,110987.26111874131,108730.748498795,109482.921875,8779215,11.603523851463075,0.023167129524725993
2024-07-04,110402.235100062,113494.5,110402.235100062,113494.5,9335585,11.63950965657968,0.03598580511660465
2024-07-05,113745.23077362977,116753.91671968043,113745.23077362977,115918.171875,8957810,11.660639806295674,0.021130149715993696
2024-07-08,115751.0199273807,116670.34375,114915.27509336412,116670.34375,6745555,11.667107662157953,0.006467855862279492
2024-07-09,116252.46965785934,116419.6201239878,113661.64869587072,114915.2734375,11127515,11.651950383092334,-0.015157279065618923
2024-07-10,113661.65378123242,114497.4061492673,111990.1640625,111990.1640625,7238905,11.626166325550217,-0.025784057542116656
2024-07-11,112073.73005547456,113160.20432636884,110736.53384078474,111154.40625,7868415,11.618675560981773,-0.007490764568444774
2024-07-12,110485.81160138782,113661.64790986155,110485.81160138782,111823.0078125,4086410,11.624672612917674,0.0059970519359016095
2024-07-15,111572.28187226488,112658.7561744474,110569.3865595333,110903.6875,3527280,11.616417423461952,-0.008255189455722345
2024-07-16,111655.86311528605,112408.0364921831,110569.38879117504,111990.1640625,4602645,11.626166325550217,0.00974890208826551
2024-07-17,111990.16212568576,112073.73360670956,108563.59624767516,110235.0859375,8015615,11.6103705092153,-0.01579581633491678
2024-07-18,109817.21609713924,109817.21609713924,106808.5300795112,106892.1015625,12420230,11.579575208057971,-0.030795301157329646
2024-07-19,107477.11279197368,108062.13563533845,105304.171875,105304.171875,7534455,11.564608316283126,-0.014966891774845337
2024-07-22,105304.18387963092,105304.18387963092,102964.09223940244,103716.265625,7149435,11.549414234617617,-0.015194081665509174
2024-07-23,104384.85329318624,106557.79431787602,104301.28181513476,104886.3046875,6108340,11.560632229974669,0.011217995357052146
2024-07-24,104886.2994881206,105805.61573578812,103632.67481881444,105304.171875,4774455,11.564608316283126,0.0039760863084570275
2024-07-25,103799.83530561934,104886.30962342765,103716.263823635,104468.4296875,2947910,11.556640196489523,-0.007968119793602568
2024-07-26,105220.59578794066,106975.671875,103966.97859280472,106975.671875,4543765,11.58035672193835,0.023716525448826076
2024-07-29,108647.16671209238,109148.61811954892,107811.421875,107811.421875,5588770,11.588138886157816,0.0077821642194670915
2024-07-30,107811.4166717573,108229.28907013594,106139.91956957456,106975.671875,2729870,11.58035672193835,-0.0077821642194670915
2024-07-31,106390.6506637696,107477.125,105805.62775395374,107477.125,3299580,11.585033313209028,0.004676591270678543
2024-08-01,108312.85423512087,108396.43321512749,103716.25061212464,104301.2734375,7900845,11.555038850286333,-0.029994462922694254
2024-08-02,102044.7543898837,104301.27423735068,101125.4306547674,102964.078125,11436405,11.542135450314271,-0.012903399972062246
2024-08-05,101209.01002794308,102713.34909008777,98116.73790534653,99119.640625,11977480,11.50408289064068,-0.038052559673591446
2024-08-06,100289.69470198096,101877.61287829852,100122.5442346841,100958.2890625,7737315,11.522462730944637,0.01837984030395745
2024-08-07,101125.4348979636,101961.1796875,100456.84056806807,101961.1796875,3246220,11.532347428524139,0.009884697579501278
2024-08-08,101626.89265763562,102295.48702950952,101041.86976649523,101459.7421875,3053135,11.527417370091433,-0.004930058432705664
2024-08-09,102295.4773012761,106056.34375,101961.17639279668,106056.34375,6320860,11.571725776685623,0.04430840659419033
2024-08-12,106056.35825169718,108814.32235209516,105471.33533619856,108647.171875,7111025,11.595860955663332,0.02413517897770845
2024-08-13,108396.4453125,108814.3177331657,106975.67758050292,108396.4453125,4712585,11.593550575129893,-0.002310380533439016
2024-08-14,109232.18432027164,109900.7861645648,108229.2890625,108229.2890625,3291530,11.592007302502026,-0.0015432726278667985
2024-08-15,107894.99656457944,108229.29751282756,107142.82318535548,107560.703125,2596240,11.585810647410524,-0.0061966550915020235
2024-08-16,107894.99243389796,109482.91812294966,107894.99243389796,109148.6171875,5857640,11.60046569297892,0.014655045568396474
2024-08-19,109566.49046964323,109817.21241888063,108647.16664421489,109065.0390625,2873160,11.599699671910182,-7.66021068738354e-4
2024-08-20,109232.18720057672,110736.5338812358,109232.18720057672,109900.7890625,4302610,11.607333320188504,0.007633648278321914
2024-08-21,109148.61821680507,111823.01070828592,109148.61821680507,111572.28125,7037655,11.622427922182888,0.015094601994384504
2024-08-22,111990.15827747255,112408.0306855698,111572.278360707,111823.0078125,3473575,11.624672612917674,0.002244690734785948
2024-08-23,111739.428258705,111739.428258705,110652.96150489865,111237.984375,3513250,11.619427188577482,-0.005245424340191818
2024-08-26,111405.13574315907,111572.2786999716,109900.7890625,109900.7890625,2978845,11.607333320188504,-0.012093868388978635
2024-08-27,109900.79420466044,110820.11805348516,108981.47035583571,110736.5390625,2689275,11.614909137066654,0.007575816878150121
2024-08-28,111154.41116145748,112408.0359531641,111070.83967938909,111405.140625,3118225,11.620928751056963,0.00601961399030948
2024-08-29,110987.25634365628,111823.00867496504,110485.8124535394,111739.4296875,2406605,11.623924919075826,0.0029961680188623774
2024-08-30,111572.2834945202,112742.33680316618,111154.41106719524,112658.7578125,3813170,11.632118686402652,0.008193767326826418
2024-09-04,111154.40625,111154.40625,109900.78902235423,111154.40625,5215480,11.618675560981773,-0.013443125420879554
2024-09-05,111154.40778286116,111154.40778286116,108396.44383707248,109148.6171875,9263940,11.60046569297892,-0.018209868002852403
2024-09-06,109065.04586044008,111070.84410536443,108897.90288964294,110402.2421875,4394610,11.611885722288278,0.011420029309357815
2024-09-09,109315.77599065896,110235.09237024166,108730.75306334769,109733.6484375,3317980,11.605811330657472,-0.00607439163080592
2024-09-10,109482.9242604758,109482.9242604758,108312.87092080968,108647.171875,4824365,11.595860955663332,-0.009950374994140532
2024-09-11,108647.16578432552,109733.6400702027,108480.01531660066,109148.6171875,3668960,11.60046569297892,0.004604737315588636
2024-09-12,109482.91605580476,110736.53327706888,109482.91605580476,110569.3828125,4735700,11.613398501649655,0.012932808670734985
2024-09-13,110485.81189698924,111488.70718083953,110318.66143156948,111154.40625,3664820,11.618675560981773,0.0052770593321174175
2024-09-16,110151.51508400524,111154.41040534731,109566.4921875,109566.4921875,2203055,11.604286878535413,-0.014388682446359269
2024-09-17,109650.0530082872,111070.828125,109650.0530082872,111070.828125,3049110,11.617923368017047,0.013636489481633873
2024-09-18,111488.71402954232,112993.06080206324,111070.84159465734,112491.609375,6186540,11.630633914511803,0.012710546494755448
2024-09-19,112825.90422085753,113494.49857875908,112240.88134194302,112993.0546875,5927445,11.635081632863075,0.004447718351272556
2024-09-20,113912.37732459088,114497.40019747031,112825.90305695689,113076.625,4277655,11.635820965235487,7.393323724116385e-4
2024-09-23,113578.08229876329,113578.08229876329,111488.71264167909,111990.1640625,2807380,11.626166325550217,-0.009654639685269473
2024-09-24,111990.15883980451,112575.18171581186,111739.42938675254,112408.03125,2313110,11.629890666291262,0.0037243407410443297
2024-09-25,112240.88538517505,112658.7578125,111655.8624851864,112658.7578125,5151885,11.632118686402652,0.0022280201113904496
2024-09-26,112825.90569907932,112825.90569907932,111906.58187483509,112240.8828125,3237940,11.628402580145446,-0.0037161062572064196
2024-09-27,112240.87585857228,112324.44733347658,111572.27402466597,112157.296875,3855720,11.6276576013628,-7.449787826452337e-4
2024-09-30,112157.30179694804,112408.03125,111154.40651074518,112408.03125,3485075,11.629890666291262,0.0022330649284612036
2024-10-01,112575.19057239674,113828.80790160858,112575.19057239674,113578.0859375,5434785,11.640245861180778,0.010355194889516639
2024-10-02,112491.60127041918,113578.0755297789,112491.60127041918,113160.203125,1977770,11.636559820438636,-0.0036860407421421826
2024-10-03,113160.20986908016,113745.23277237023,111990.1640625,111990.1640625,2645920,11.626166325550217,-0.010393494888418786
2024-10-04,112240.87702271024,112658.74941890176,111572.27518186932,112073.7265625,1688660,11.626912206590138,7.458810399203486e-4
2024-10-07,112157.29803827108,112742.32840334091,111655.85416630848,112073.7265625,1530075,11.626912206590138,0
2024-10-08,112073.72975562468,112909.47457181918,111655.85734752745,111823.0078125,2424890,11.624672612917674,-0.0022395936724635135
2024-10-09,112240.87932928548,113494.49654362218,112240.87932928548,113160.203125,3012885,11.636559820438636,0.011887207520961951
2024-10-10,113494.50145205228,118676.13601447696,113494.50145205228,118425.4140625,11445030,11.682038624197071,0.04547880375843505
2024-10-11,118676.13435510716,119344.73622925516,116670.34375,116670.34375,4385640,11.667107662157953,-0.014930962039118256
2024-10-14,117923.96611713196,118091.11659292076,114580.9791273624,114998.8515625,6446095,11.65267742088248,-0.014430241275473321
2024-10-15,114998.85800930845,115834.61043510448,114163.11309218158,114497.4140625,3289920,11.648307517114409,-0.004369903768070671
2024-10-16,113995.94647641951,114580.96933736053,113661.6455534052,113912.375,3169400,11.6431847914703,-0.005122725644108428
2024-10-17,114079.53409526736,114580.985550745,113243.78917814052,114497.4140625,2966080,11.648307517114409,0.005122725644108428
2024-10-18,114831.7075241492,115166.00849446763,114163.11309218158,114497.4140625,2494810,11.648307517114409,0
2024-10-21,114497.39814760834,115082.42101001406,113243.7734375,113243.7734375,3083495,11.63729806114946,-0.011009455964948955
2024-10-22,113410.925391281,113410.925391281,111154.40538860366,111237.984375,6910580,11.619427188577482,-0.017870872571977614
2024-10-23,111070.83015790425,112658.74825042974,110820.10822452336,112157.296875,3467365,11.6276576013628,0.008230412785318109
2024-10-24,112157.30382374952,112240.8828125,111823.0103947531,112240.8828125,2618780,11.628402580145446,7.449787826452337e-4
2024-10-25,112240.88601857612,112491.60797465226,111655.86311528605,111990.1640625,2114850,11.626166325550217,-0.0022362545952283597
2024-10-28,112073.73405197888,112825.90741885584,111655.86162786244,112742.3359375,1731900,11.632860281107806,0.006693955557588893
2024-10-29,113160.203125,113243.77460248848,112658.75173406438,113160.203125,2828080,11.636559820438636,0.003699539330829893
2024-10-30,113160.21349442938,113578.0859375,112993.06301546736,113578.0859375,1966270,11.640245861180778,0.0036860407421421826
2024-10-31,113578.0859375,113661.65742264656,113076.6345006139,113578.0859375,1427955,11.640245861180778,0
2024-11-01,112825.9103263755,112825.9103263755,111655.86450523006,112491.609375,3067625,11.630633914511803,-0.00961194666897569
2024-11-04,112491.60452009644,112491.60452009644,110903.68633259728,110987.2578125,3660335,11.617170679223099,-0.013463235288703856
2024-11-05,111154.4027867556,111990.15508781484,110569.37993034818,110820.109375,1905665,11.61566352938169,-0.0015071498414087614
2024-11-06,111237.99207034508,112491.609375,111154.41307816682,112491.609375,2071725,11.630633914511803,0.014970385130112618
2024-11-07,113076.62703041956,114998.84614849174,112157.30321119624,112909.4765625,4106075,11.63434168428126,0.003707769769457414
2024-11-08,113745.22945743769,114330.25234367816,112909.47711375952,113494.5,2422245,11.63950965657968,0.0051679722984196985
2024-11-11,114079.5282197162,116586.77785930176,113661.65578267486,115583.875,6085800,11.657751735871456,0.01824207929177568
2024-11-12,115834.59667911431,116085.31862274391,113578.07666044284,114330.25,3351905,11.646846469186297,-0.010905266685158566
2024-11-13,114246.66840363092,115416.71412540316,113745.2245278246,115165.9921875,3973710,11.654129776956122,0.007283307769824887
2024-11-14,115249.5741077766,116921.06374792496,113661.6484375,113661.6484375,5446745,11.64098131797927,-0.01314845897685224
2024-11-15,113076.62385895208,113410.92478541502,110820.11137699775,111906.578125,7548140,11.625419678318405,-0.015561639660864657
2024-11-18,111990.1640625,112491.60797465226,110736.539264782,111990.1640625,4488910,11.626166325550217,7.466472318125028e-4
2024-11-19,111572.28645249314,111655.86544537514,108563.60039078684,108647.171875,8789220,11.595860955663332,-0.030305369886885813
2024-11-20,108647.17055784375,110652.96875,105889.20649088125,110652.96875,9729345,11.61415417521417,0.018293219550837847
2024-11-21,110652.96236240902,111154.40625,109482.91661313898,111154.40625,3653205,11.618675560981773,0.004521385767603192
2024-11-22,111070.83331751089,112324.45052874456,110736.53239104792,111906.578125,3353285,11.625419678318405,0.0067441173366322715
2024-11-25,111990.15711094985,111990.15711094985,111321.55525802396,111906.578125,2127155,11.625419678318405,0
2024-11-26,111488.70799638605,113578.07756641447,111405.136517399,112993.0546875,4802515,11.635081632863075,0.009661954544670337
2024-11-27,112993.05543093944,116753.9146748006,112993.05543093944,116085.3203125,11286445,11.662080719661622,0.026999086798547012
2024-11-28,116503.203125,117004.65457297945,115583.8792247056,116503.203125,5454105,11.665674046245115,0.003593326583493095
2024-11-29,116503.19897601588,121517.68324255488,116168.89802260158,120598.359375,13324705,11.700220959326968,0.03454691308185254
2024-12-02,121439.93336186392,122870.62328472998,119167.67402971988,119672.6171875,7609320,11.692515103366855,-0.007705855960113084
2024-12-03,119251.82136977412,122786.45350116456,119251.82136977412,122029.03125,5869255,11.712014256472724,0.019499153105869027
2024-12-04,122029.0373156446,123123.0934130566,120177.56649048584,120766.671875,6450465,11.701615631342301,-0.010398625130422445
2024-12-05,121187.45133772954,124974.5625,120850.81755417972,124974.5625,5576580,11.735865495575503,0.03424986423320142
2024-12-06,127835.93616178542,127835.93616178542,124553.77543902164,125816.1484375,5222380,11.742576980968142,0.006711485392639105
2024-12-09,125563.68157598976,125816.15316073677,122954.78080969208,123712.203125,5219850,11.72571320448498,-0.016863776483161175
2024-12-10,123796.36071321456,125816.1484375,123712.19848074716,125816.1484375,4136780,11.742576980968142,0.016863776483161175
2024-12-11,126236.93807948662,127667.62799501218,125984.4665018919,126657.7265625,5539090,11.749243660773853,0.00666667980571134
2024-12-12,127835.9401989622,127835.9401989622,125563.68082764772,126405.2578125,4770085,11.747248356447658,-0.001995304326195324
2024-12-13,125816.1484375,126994.35920351092,125731.9937660992,125816.1484375,3886770,11.742576980968142,-0.004671375479516016
2024-12-16,125900.30211565622,126741.88662835794,125816.14744491932,126152.78125,3784765,11.74524900099224,0.002672020024098387
2024-12-17,126321.1050425364,126657.7313049113,124301.30966295207,124553.78125,6839625,11.73249287952295,-0.01275612146929106
2024-12-18,124553.76989465162,126068.6144009674,124553.76989465162,125142.8828125,3361910,11.737211425985912,0.004718546462962436
2024-12-19,123964.66988545348,125395.35978583156,123880.51521416844,124637.9375,5525980,11.733168313310408,-0.004043112675503835
2024-12-20,124974.5714792255,126741.8876282419,124806.25457535728,125816.1484375,4069735,11.742576980968142,0.009408667657734071
2024-12-23,125816.145617889,126152.7794180813,125142.88557857087,126068.6171875,2892020,11.74458161855645,0.002004637588308711
2024-12-24,126236.93650585898,126910.20411914102,125731.99335696404,126573.5703125,2646035,11.748579001593596,0.003997383037145141
2024-12-25,126741.886222998,127246.83692900404,126573.56932099596,126910.203125,2890065,11.75123505334662,0.0026560517530249683
2024-12-26,127078.51102701042,127415.1448272027,125479.51181769672,126068.6171875,2568295,11.74458161855645,-0.00665343479017011
2024-12-27,125816.15001504404,126152.78382700136,125142.88995219608,125900.3046875,2945955,11.743245640104966,-0.0013359784514843653
2024-12-30,125731.9949242972,126910.2057011614,124974.57263044642,126657.7265625,2279760,11.749243660773853,0.005998020668886994
2024-12-31,126826.05397572306,129519.11712448142,126489.42013699484,128340.90625,4143680,11.762445332601065,0.013201671827211214
2025-01-02,128340.8895226657,128509.19885902588,126321.09431461417,127920.0859375,3648720,11.759161019314208,-0.0032843132868567437
2025-01-03,127330.99241887969,127330.99241887969,125395.359375,125395.359375,4986515,11.73922689991725,-0.019934119396957328
2025-01-06,125479.51122569796,126405.250391326,124890.405858674,125647.828125,3987165,11.741238257704959,0.0020113577877083344
2025-01-07,125816.15084124812,127330.995443937,125816.15084124812,126321.1015625,3971295,11.746582369303946,0.005344111598986956
2025-01-08,126236.94019088804,126236.94019088804,124637.9409042661,124806.2578125,4461885,11.734517876388725,-0.01206449291522027
2025-01-09,124806.25059677666,125563.6728595052,124553.77146848958,125227.0390625,1971560,11.737883681283506,0.0033658048947806662
2025-01-10,125227.04489200164,125479.5164709753,123880.51720236435,123964.671875,2903405,11.727751899760381,-0.010131781523124772
2025-01-13,122954.76771358847,124974.56285963368,121776.55702883964,124217.140625,4012120,11.72978644721207,0.0020345474516894058
2025-01-14,124217.14520165978,124553.77143751492,122113.1953125,122113.1953125,3331780,11.71270372397713,-0.017082723234940644
2025-01-15,122870.62442658278,123291.41291566558,121860.73054057072,122449.8359375,3267035,11.715456722546831,0.002752998569700793
2025-01-16,122870.62442658278,123291.41291566558,121860.73054057072,122449.8359375,3267035,11.715456722546831,0
2025-01-17,123375.56409904442,126321.09856143518,122870.62095085547,125395.359375,4067550,11.73922689991725,0.023770177370419532
2025-01-20,125395.3527774196,126573.56347595862,124722.08520050236,126236.9296875,2550355,11.74591581455057,0.006688914633318888
2025-01-21,126657.72439655448,127415.14667745277,125395.35896910173,126152.78125,2852345,11.74524900099224,-6.668135583289825e-4
2025-01-22,125900.29870797452,126741.88319789748,125563.67247307168,125984.4609375,3203440,11.743913852435496,-0.0013351485567447696
2025-01-23,126321.1017526824,131286.4164943342,126236.93951848034,129855.7265625,8116470,11.77417931748542,0.03026546504992389
2025-01-24,129687.4176456649,130024.05146145432,129098.3046875,129098.3046875,4204055,11.768329444970819,-0.005849872514600563
2025-02-03,124553.77838291398,125563.67982999283,122281.51902965351,122449.8359375,14659855,11.715456722546831,-0.052872722423987994
2025-02-04,122870.620597399,123712.1975493374,122281.51521882882,123038.9375,6287855,11.720256149299065,0.004799426752233771
2025-02-05,123628.03661973916,124132.97974091218,122702.29748283378,123123.0859375,5984715,11.720939832668275,6.836833692105415e-4
2025-02-06,123712.2025554969,123964.67413908166,122533.99175067883,123291.4140625,3940590,11.722306052198237,0.001366219529961299
2025-02-07,123291.41507157944,123459.73198236917,122702.30966434888,122954.78125,4445785,11.719571934647481,-0.002734117550755144
2025-02-10,122449.83130938368,122449.83130938368,119504.296875,119504.296875,8912040,11.691107606820232,-0.02846432782724939
2025-02-11,119672.616511822,122365.671875,117905.30034743644,122365.671875,6165610,11.71476915118693,0.023661544366698095
2025-02-12,122533.98193779848,122618.13660523176,121439.92589476828,122029.03125,2170510,11.712014256472724,-0.002754894714206202
2025-02-13,122029.0383249688,122029.0383249688,120093.40525111707,120430.0390625,3278420,11.698824274613022,-0.01318998185970166
2025-02-14,121187.46052264016,122029.03748423258,120850.82671357652,121944.8828125,3739455,11.71132444140655,0.012500166793527612
2025-02-17,122029.03102075004,122029.03102075004,120682.50341688338,120850.8203125,2836245,11.702312173965439,-0.009012267441111277
2025-02-18,121019.13464843867,121524.0853246083,120430.02930677384,121103.296875,1914060,11.704399153571927,0.002086979606488626
2025-02-19,121103.30626547932,121944.88322995271,120430.03864504729,121187.4609375,3484270,11.705093889653858,6.947360819307136e-4
2025-02-20,121355.77667234272,121692.41047931249,120345.8828125,120345.8828125,3893210,11.698125232509712,-0.006968657144145851
2025-02-21,120177.56448093908,120261.7191511482,119083.50840182132,119504.296875,6109490,11.691107606820232,-0.007017625689480056
2025-02-24,119504.3029840682,119504.3029840682,117400.3605106212,118241.9375,8622585,11.680488122211512,-0.010619484608719532
2025-02-25,118157.7653986808,118157.7653986808,116306.29466442508,116979.5546875,7831960,11.669754452249302,-0.010733669962210257
2025-02-26,117063.72527045956,119335.9921875,116895.4083624121,119335.9921875,3821910,11.68969825736735,0.019943805118048274
2025-02-27,119504.30070604887,119672.61761292952,118410.25215292482,118915.1953125,3934955,11.686165873609143,-0.0035323837582073025
2025-02-28,117905.292480898,118746.86939034185,116979.55334387008,118073.609375,5398560,11.679063517223017,-0.007102356386125663
2025-03-03,118241.9375,118999.35981486768,118073.62058991086,118241.9375,2913985,11.680488122211512,0.0014246049884949485
2025-03-04,117400.35216024016,118326.08375828524,117232.03526212298,117821.140625,3991995,11.676922996110127,-0.003565126101385374
2025-03-05,117821.14887653988,117905.303550959,117063.7265625,117063.7265625,3278765,11.670473736974584,-0.006449259135543173
2025-03-06,117400.35573259163,120766.67111416944,117400.35573259163,119167.671875,7379665,11.688286787727199,0.017813050752614856
2025-03-07,119251.82312959184,120093.40006060898,118746.87243434176,118999.3515625,3397675,11.686873323024198,-0.0014134647030008551
2025-03-10,119083.50987967664,119083.50987967664,117147.87683017988,117232.0390625,6121450,11.671910489606493,-0.014962833417705212
2025-03-11,116137.98379388655,116558.77227527308,115296.40683111345,115717.1953125,6652060,11.658904521953112,-0.013005967653381134
2025-03-12,115885.51651299828,116727.09350696758,114370.671875,114370.671875,7112750,11.64719996033176,-0.011704561621352028
2025-03-13,114538.98313067328,116137.98236469152,114538.98313067328,114875.609375,4151730,11.651605164322918,0.004405203991158402
2025-03-14,114118.19451776215,114707.29989596143,110078.61154108153,110583.5546875,18508100,11.613526665219895,-0.03807849910302252
2025-03-17,110751.87931531848,111172.66782037418,109068.7177340286,109405.3515625,7713050,11.602815085163913,-0.010711580055982495
2025-03-18,109489.51380015138,111256.83005802556,109405.3515625,109405.3515625,6334775,11.602815085163913,0
2025-03-19,109489.5087779316,109910.29726368598,103935.08110720033,104860.8203125,20847660,11.5603892290265,-0.04242585613741312
2025-03-20,104860.81906454275,106712.28989204083,104776.65683175344,105197.4453125,9433910,11.563594294889173,0.0032050658626729955
2025-03-21,105197.4415828982,108563.76443165635,105197.4415828982,107722.1875,7388520,11.587310853997474,0.023716559108301283
2025-03-24,108142.97715454648,108816.23719505884,107133.07575217828,108563.765625,5853730,11.595092980946594,0.007782126949120283
2025-03-25,109237.03038636807,109321.19262073586,106459.8203125,106459.8203125,6473580,11.57552291888482,-0.01957006206177425
2025-03-26,106459.8239573834,106459.8239573834,103261.81772431923,103514.296875,11194790,11.547465016205901,-0.028057902678918722
2025-03-27,102672.71152937273,106459.82315019945,101915.29676627436,106207.3515625,7434060,11.573148609146477,0.02568359294057565
2025-03-28,106123.1833235709,106375.66245805717,104355.8671875,104355.8671875,3386520,11.555562136966888,-0.017586472179589308
2025-03-31,103850.92019577808,103850.92019577808,101831.125,101831.125,6217245,11.53107108292949,-0.02449105403739793
2025-04-01,102672.70131143426,102841.01820683874,99979.65366816128,101410.3359375,8997945,11.52693029726696,-0.0041407856625301775
2025-04-02,101999.44309255612,102925.18225309953,101662.80929580102,102672.703125,4508230,11.539301568231224,0.01237127096426427
2025-04-03,96529.17479507104,98969.75083986904,95519.2734375,95519.2734375,13207635,11.467083322206168,-0.07221824602505578
2025-04-04,88870.81178373957,95855.92235722816,88870.81178373957,95098.5,24810675,11.462668475538425,-0.004414846667742722
2025-04-08,89207.43791680025,90890.59940536378,88450.015625,88450.015625,18717860,11.390192876241393,-0.07247559929703229
2025-04-09,82306.47852743072,90890.5948874529,82306.47852743072,88618.328125,19427295,11.392093978913143,0.0019011026717503654
2025-04-10,94761.859375,94761.859375,94761.859375,94761.859375,1156210,11.459122280019852,0.0670283011067081
2025-04-11,98464.81424846496,99727.1796875,96192.54738492193,99727.1796875,22107600,11.510193533516446,0.05107125349659469
2025-04-14,100989.55268760168,100989.55268760168,95940.07580932823,99727.1796875,10600010,11.510193533516446,0
2025-04-15,97707.39661158183,98464.81893548352,95687.60122748833,97623.234375,8926760,11.488870801190986,-0.021322732325460336
2025-04-16,96360.86513955463,97539.07591748038,90806.4375,90806.4375,20737030,11.416485459653362,-0.07238534153762366
2025-04-17,88365.86318066595,93667.81179585784,88281.70094552948,92068.8125,9867115,11.430291538403559,0.013806078750196349
2025-04-18,92994.53431539096,96781.6454689888,92994.53431539096,93920.2734375,8608325,11.450201546445037,0.019910008041478022
2025-04-21,94256.90906148292,94677.6975176432,92573.74767577562,94004.4375,4982145,11.451097267584712,8.957211396758424e-4
2025-04-22,93415.33350385477,93583.6428399067,87524.27234898122,92910.3828125,10496395,11.43939068187765,-0.011706585707061734
2025-04-23,94004.43886323548,94004.43886323548,90638.11604300309,92910.3828125,6567420,11.43939068187765,0
2025-04-24,93836.12558401383,95687.5964015663,93078.70329831207,94256.9140625,8901115,11.453779461372951,0.014388779495300597
2025-04-25,94256.91307132436,94593.546875,92742.06851585048,94593.546875,6191715,11.457344537861223,0.0035650764882717567
2025-04-28,94256.91880945636,94593.55263362546,91900.49716240668,92152.96875,4431755,11.431205179073874,-0.026139358787348854
2025-04-29,92237.12940920611,92994.54415903336,91816.3333556574,92068.8125,3387325,11.430291538403559,-9.136406703156297e-4
2025-05-05,92152.96132532216,92321.27822384555,89964.85676665056,91395.5390625,8242740,11.422951949495136,-0.007339588908422456
2025-05-06,92152.96132532216,92321.27822384555,89964.85676665056,91395.5390625,8242740,11.422951949495136,0
2025-05-07,91395.54205831006,93415.33734573051,91395.54205831006,92321.28125,6539130,11.433029960003509,0.01007801050837287
2025-05-08,92237.126578513,93583.6466887045,91648.01363383765,92321.28125,4515820,11.433029960003509,0
2025-05-09,92910.38616541451,96445.01844925532,91732.17540413426,96192.546875,14541635,11.47410715834058,0.0410771983370708
2025-05-12,98464.81087750455,99895.49317164462,98212.33174948792,99558.859375,10022480,11.508504299756598,0.034397141416018684
2025-05-13,98464.81087750455,99895.49317164462,98212.33174948792,99558.859375,10022480,11.508504299756598,0
2025-05-14,100989.55411060753,101242.02568975868,99811.34332647976,100568.765625,9850785,11.518597007573803,0.010092707817204172
2025-05-15,100989.55160307074,106291.5,100989.55160307074,106291.5,13892345,11.57394059876223,0.0553435911884268
2025-05-16,106459.81831580625,106796.45212483012,104019.23454198304,105197.4453125,8977245,11.563594294889173,-0.010346303873056684
2025-05-19,99979.6616640972,101410.34404785564,98128.183227641,99474.7109375,11404205,11.507658729410032,-0.05593556547914069
2025-05-20,99979.6616640972,101410.34404785564,98128.183227641,99474.7109375,11404205,11.507658729410032,0
2025-05-21,98296.50125525692,100400.45129842416,98296.50125525692,100316.2890625,9097995,11.516083364178776,0.008424634768744
2025-05-22,100989.5492302064,100989.5492302064,98464.81087750455,99558.859375,6928060,11.508504299756598,-0.007579064422177595
2025-05-23,98548.97158241455,98969.76007346112,97286.60610927492,98296.5,7303305,11.495743700211445,-0.012760599545153184
2025-05-26,98212.338333681,99138.0775559824,96781.65594362744,98717.2890625,4626910,11.50001537788797,0.004271677676523922
2025-05-27,98212.338333681,99138.0775559824,96781.65594362744,98717.2890625,4626910,11.50001537788797,0
2025-05-28,98801.44107055305,100484.6025601284,98801.44107055305,100147.96875,6322930,11.514404058811396,0.014388680923426378
2025-05-29,100316.2834821066,100484.60038352488,98885.601161651,99643.0234375,4523640,11.509349312527762,-0.005054746283633449
2025-05-30,100147.96799444647,100147.96799444647,98548.96875,98548.96875,3372950,11.49830884829476,-0.011040464233001757
2025-06-02,98044.02442856767,98548.9675728527,97286.60215107365,97707.390625,3353860,11.489732481280393,-0.008576367014367037
2025-06-03,98044.02442856767,98548.9675728527,97286.60215107365,97707.390625,3353860,11.489732481280393,0
2025-06-04,98212.33213409812,99306.38819694436,97875.7058972016,98801.4375,3908390,11.500867433225256,0.011134951944862692
2025-06-05,99306.3910365413,99474.70794033563,98044.02559968352,98548.96875,3304295,11.49830884829476,-0.0025585849304956554
2025-06-06,98548.97158241455,98717.28849104657,98044.02841758545,98296.5,2648220,11.495743700211445,-0.002565148083315094
2025-06-09,97202.43372433713,98380.64440066287,96781.6452772302,97791.5390625,3512905,11.490593339627099,-0.005150360584346814
2025-06-10,97202.43372433713,98380.64440066287,96781.6452772302,97791.5390625,3512905,11.490593339627099,0
2025-06-11,98464.82180497846,98801.44807791496,97370.765625,97370.765625,3862850,11.486281296990056,-0.004312042637042879
2025-06-12,98559.24526016248,100341.96960181056,98559.24526016248,100087.296875,6605945,11.51379805290462,0.02751675591456504
2025-06-13,99832.61105071068,99917.5070396536,98898.80856124552,99323.265625,4776065,11.506135118914436,-0.007662933990184584
2025-06-16,97710.31797919486,101700.23115272242,97625.42961734792,101021.09375,9279465,11.52308462302738,0.016949504112943714
2025-06-17,97710.31797919486,101700.23115272242,97625.42961734792,101021.09375,9279465,11.52308462302738,0
2025-06-18,101021.09704172604,101275.77738953893,100341.96724386116,100851.3203125,5290345,11.521402635140984,-0.0016819878863962856
2025-06-19,100851.31715610543,101445.55857075904,98813.91257230262,99323.265625,7540205,11.506135118914436,-0.015267516226547428
2025-06-20,99323.27338330634,99408.16175189332,98219.67882975176,98474.3515625,6215635,11.497551403024332,-0.008583715890104315
2025-06-23,98049.884431428,98729.021818572,97200.97032448456,98389.453125,5275395,11.496688893606738,-8.625094175940262e-4
2025-06-24,98049.884431428,98729.021818572,97200.97032448456,98389.453125,5275395,11.496688893606738,0
2025-06-25,98729.028142339,99323.26958065892,98729.028142339,98898.8125,4912685,11.50185251046086,0.005163616854122921
2025-06-26,99323.26788611128,101360.6648893091,99323.26788611128,99408.15625,6900805,11.506989444107326,0.00513693364646528
2025-06-27,100172.17975250894,100426.85246536428,98983.69692320174,99323.265625,4752145,11.506135118914436,-8.543251928898599e-4
2025-06-30,100087.2960253514,101445.56326845572,99832.61567371571,100341.96875,7887965,11.516339318635076,0.010204199720639906
2025-07-01,100087.2960253514,101445.56326845572,99832.61567371571,100341.96875,7887965,11.516339318635076,0
2025-07-02,101021.09704172604,101445.56174575188,100341.96724386116,100851.3203125,5300810,11.521402635140984,0.0050633165059075225
2025-07-03,100596.63526236844,100766.41961064497,99832.60950861748,100681.53125,4210955,11.519717658211864,-0.0016849769291198413
2025-07-04,100596.636750979,101700.23121761378,100002.39533671104,100172.1796875,7249945,11.514645781252266,-0.005071876959597432
2025-07-07,104671.44136156116,105859.9242249847,104416.76864139522,105095.8984375,7340220,11.562628530770517,0.04798274951825121
2025-07-08,104671.44136156116,105859.9242249847,104416.76864139522,105095.8984375,7340220,11.562628530770517,0
2025-07-09,105350.57953801288,106708.8467669223,105265.68354602587,105690.140625,9273830,11.56826689054466,0.0056383597741422875
2025-07-10,105944.820307198,106029.70867166376,103822.52729869724,104246.984375,14028160,11.554518212384146,-0.01374867816051406
2025-07-11,105095.9008816457,106369.27976606332,104841.22815555702,105180.796875,5957230,11.563436023412411,0.008917811028265277
2025-07-14,107982.21648880902,108576.45791643276,106114.59621514197,107897.328125,6875160,11.588935388428045,0.025499365015633657
2025-07-15,107982.21648880902,108576.45791643276,106114.59621514197,107897.328125,6875160,11.588935388428045,0
2025-07-16,107472.86105057478,108491.56715569772,106963.515625,106963.515625,6440000,11.580243079831401,-0.008692308596643272
2025-07-17,107557.7561990543,107812.42890985172,106199.48902982372,107218.1875,5822450,11.582621172743217,0.0023780929118153438
2025-07-18,107557.76476891107,109595.16187159692,106963.52331171212,107812.4375,9584330,11.588148306497503,0.005527133754286595
2025-07-21,109730.98563576608,109730.98563576608,107680.8515625,107680.8515625,7563700,11.586927053117158,-0.0012212533803452885
2025-07-22,109730.98563576608,109730.98563576608,107680.8515625,107680.8515625,7563700,11.586927053117158,0
2025-07-23,107680.85159734612,109535.73480709188,106118.844683876,109438.109375,6889600,11.603114457259421,0.016187404142263162
2025-07-24,109633.36154125672,110121.48870751342,108657.1072087433,109145.234375,4795100,11.600434699778917,-0.0026797574805037527
2025-07-25,109340.48829882988,109438.11373481098,108168.9830670567,108461.859375,6420800,11.594153863665033,-0.006280836113884192
2025-07-28,108168.98219901168,108949.985680593,107876.10589341867,108657.109375,7611000,11.59595241727605,0.0017985536110174394
2025-07-29,108168.98219901168,108949.985680593,107876.10589341867,108657.109375,7611000,11.59595241727605,0
2025-07-30,108657.108984375,108949.9852889151,103482.9609375,103482.9609375,16059500,11.547162249511594,-0.04879016776445688
2025-07-31,104459.21484743166,105435.46919180018,102799.58246200516,103580.5859375,7488200,11.548105196821314,9.429473097206653e-4
2025-08-01,103580.57930438702,104361.5827298678,101335.1944561298,101530.4453125,8944200,11.528113986304561,-0.019991210516753455
2025-08-04,103971.08550510084,104068.7109375,102311.4531543152,104068.7109375,4617800,11.552806642060524,0.024692655755963244
2025-08-05,103971.08550510084,104068.7109375,102311.4531543152,104068.7109375,4617800,11.552806642060524,0
2025-08-06,104459.208264414,106118.84054525048,102506.699698724,103287.703125,11395000,11.545273607605594,-0.007533034454930032
2025-08-07,103482.95787654907,103678.20874046712,102018.57639716395,102409.078125,11814200,11.536730641222503,-0.008542966383091155
2025-08-08,103092.45833333331,104849.71614583331,102409.08029513888,103678.2109375,9565800,11.549047255818973,0.012316614596469933
2025-08-11,103385.3259956532,106899.8413269502,102799.57344043705,103873.453125,10278500,11.550928640350117,0.001881384531143837
2025-08-12,103385.3259956532,106899.8413269502,102799.57344043705,103873.453125,10278500,11.550928640350117,0
2025-08-13,104849.71050872092,105630.71393895349,104068.70707848835,104947.3359375,11011800,11.561213940815115,0.010285300464998315
2025-08-14,105044.9639034253,105240.21476569932,102409.07726272596,102604.328125,21845000,11.538635395283258,-0.02257854553185723
2025-08-15,103287.71185573218,103287.71185573218,101237.5776884634,101335.203125,17905400,11.526189143441462,-0.012446251841796041
2025-08-18,98992.19141791044,100554.19838308456,97625.43532338308,98113.5625,11392300,11.493880887781451,-0.03230825566001094
2025-08-19,98992.19141791044,100554.19838308456,97625.43532338308,98113.5625,11392300,11.493880887781451,0
2025-08-20,98211.18880857428,99089.8177342971,97625.43619142572,97918.3125,9153600,11.491888864141773,-0.0019920236396782087
2025-08-21,97723.0572383572,97918.30810197032,95184.7960113869,95380.046875,19969500,11.465624683307325,-0.02626418083444726
2025-08-22,95380.04529252704,100456.56766224188,95380.04529252704,99285.0625,12624800,11.505750410721866,0.04012572741454079
2025-08-25,99577.94360450403,99577.94360450403,96453.9296875,96453.9296875,6736000,11.476820760764648,-0.028929649957218473
2025-08-26,99577.94360450403,99577.94360450403,96453.9296875,96453.9296875,6736000,11.476820760764648,0
2025-08-27,96453.92453125,97625.4296875,95575.2956640625,97625.4296875,5812500,11.488893288540751,0.01207252777610357
2025-08-28,98992.1875892857,102604.3285565476,98796.93672619048,102506.703125,19436400,11.537683471763815,0.04879018322306372
2025-08-29,102604.33072667464,102604.33072667464,100358.94575358852,102018.578125,6280200,11.532910214161602,-0.0047732576022134765
2025-09-03,99577.94013444766,100847.07074400436,97625.43150436046,100749.4453125,9744200,11.520391974210646,-0.012518239950955135
2025-09-04,99577.94013444766,100847.07074400436,97625.43150436046,100749.4453125,9744200,11.520391974210646,0
2025-09-05,100847.07078869049,102994.8302827381,100749.44535714286,102506.703125,11033600,11.537683471763815,0.01729149755316861
2025-09-08,100554.19222276742,101432.82108684986,99480.3125,99480.3125,10600300,11.50771503924735,-0.029968432516465526
2025-09-09,100554.19222276742,101432.82108684986,99480.3125,99480.3125,10600300,11.50771503924735,0
2025-09-10,99577.94487634672,100554.19923787953,98601.6905148139,99675.5703125,6460700,11.509675893953778,0.001960854706428705
2025-09-11,99675.56639081029,100456.5698493083,98699.31206768774,98796.9375,5498500,11.50082188629198,-0.00885400766179778
2025-09-12,98796.94181985296,100456.57424172794,98113.56376378676,99577.9453125,7414200,11.50869598644745,0.007874100155468966
2025-09-15,99480.3125,101042.31936947988,99089.81078263004,99480.3125,14123100,11.50771503924735,-9.80947200099891e-4
2025-09-16,99480.3125,101042.31936947988,99089.81078263004,99480.3125,14123100,11.50771503924735,0
2025-09-17,100261.316870471,102311.4509057971,99577.93885869563,101042.3203125,17531600,11.523294721057015,0.015579681809665402
2025-09-18,101530.45438388626,105240.2209863744,101530.45438388626,102994.8359375,20018000,11.542434129425768,0.019139408368753053
2025-09-19,103482.958282767,103775.83457979368,100554.1953125,100554.1953125,8198400,11.518452117975343,-0.02398201145042478
2025-09-22,100066.07478686058,100261.32566449347,97234.93706118356,97332.5625,16280200,11.485888873030401,-0.03256324494494223
2025-09-23,100066.07478686058,100261.32566449347,97234.93706118356,97332.5625,16280200,11.485888873030401,0
2025-09-24,97625.43048469388,97625.43048469388,95184.79472257652,95672.921875,18291200,11.468690589389075,-0.01719828364132603
2025-09-25,95770.54864164571,97137.3046875,95087.1706187186,97137.3046875,7421100,11.48388076883474,0.015190179445665919
2025-09-26,97137.3033322704,97137.3033322704,95575.2964445153,95672.921875,8627700,11.468690589389075,-0.015190179445665919
2025-09-29,95477.67403468586,95477.67403468586,93232.2890625,93232.2890625,10430900,11.442849389842483,-0.025841199546592364
2025-09-30,95477.67403468586,95477.67403468586,93232.2890625,93232.2890625,10430900,11.442849389842483,0
2025-10-01,93232.29217069891,93525.1684811828,90596.40537634408,90791.65625,12018800,11.416322668847277,-0.026526720995205366
2025-10-02,90986.89758431478,92256.02813001872,89229.63990564775,91182.1484375,7405100,11.420614416085803,0.004291747238525545
2025-10-03,90694.02689841203,91182.15406148208,89815.398004886,89913.0234375,7933800,11.406598075790809,-0.014016340294993768
2025-10-06,92060.7838596204,93622.7907967932,91279.78039103404,93232.2890625,6580000,11.442849389842483,0.03625131405167359
2025-10-07,92060.7838596204,93622.7907967932,91279.78039103404,93232.2890625,6580000,11.442849389842483,0
2025-10-08,93720.41623036648,94013.29253108638,92939.4127617801,93232.2890625,5997500,11.442849389842483,0
2025-10-09,93232.2855489418,94599.04156746031,92256.03125,92256.03125,5132100,11.432322939169428,-0.01052645067305491
2025-10-10,92744.15970010616,92744.15970010616,91279.7782311571,91963.15625,5716300,11.429143300275953,-0.00317963889347439
2025-10-13,92646.53513962768,92646.53513962768,91475.02995345744,91767.90625,7915000,11.42701791036264,-0.002125389913313569
2025-10-14,92646.53513962768,92646.53513962768,91475.02995345744,91767.90625,7915000,11.42701791036264,0
2025-10-15,91865.53872429654,92256.04048295454,90205.90625,90205.90625,12659600,11.40985018339705,-0.017167726965590546
2025-10-16,90401.15370396206,90889.28088378906,87374.7651890346,87472.390625,18738600,11.379078486839552,-0.030771696557497563
2025-10-17,87667.640625,89327.27301990535,87472.38975501113,87667.640625,7928500,11.381308132220953,0.0022296453814014683
2025-10-20,86203.25560344827,89620.14568965517,84934.125,84934.125,14580300,11.349631235004702,-0.031676897216250666
2025-10-21,86203.25560344827,89620.14568965517,84934.125,84934.125,14580300,11.349631235004702,0
2025-10-22,86886.63877688172,90791.65625,86398.51159274194,90791.65625,19520200,11.416322668847277,0.06669143384257481
2025-10-23,92939.41404639174,96649.1805734536,92744.16317654638,94696.671875,18311100,11.458434134681212,0.04211146583393521
2025-10-24,94891.91565789471,94989.54108552632,91767.9019736842,92744.15625,6647600,11.437599973093922,-0.020834161587290012
2025-10-27,96649.17617984694,97332.5541932398,94013.2895567602,95672.921875,12897800,11.468690589389075,0.03109061629515253
2025-10-28,96649.17617984694,97332.5541932398,94013.2895567602,95672.921875,12897800,11.468690589389075,0
2025-10-29,96258.6796263454,99773.1953125,96258.6796263454,99773.1953125,20912700,11.510654842181316,0.041964252792240586
2025-10-30,99968.44051130777,100749.44395280236,98699.30991887904,99285.0625,9302800,11.505750410721866,-0.004904431459449299
2025-10-31,99675.56771086904,101042.32378134129,99187.44054284324,100261.3203125,9730600,11.515535259616682,0.009784848894815568
2025-11-03,101335.19794642855,103775.83373511904,101042.3216517857,102506.703125,20963600,11.537683471763815,0.02214821214713325
2025-11-04,101628.07376119313,102213.82634771298,99285.06341511376,100847.0703125,10620700,11.521360493009979,-0.016322978753835926
2025-11-05,101628.07376119313,102213.82634771298,99285.06341511376,100847.0703125,10620700,11.521360493009979,0
2025-11-06,98504.05768930887,99577.93740643712,97039.67625686128,97820.6796875,6751800,11.490891282418216,-0.030469210591762774
2025-11-07,97137.30600247523,99382.69096534654,97137.30600247523,98601.6875,5863600,11.498843655048736,0.007952372630519733
2025-11-10,98796.93558341997,98796.93558341997,93915.6640625,93915.6640625,10072600,11.450152467711092,-0.04869118733764388
2025-11-11,94501.417078564,95575.29681809312,93818.0390625,93818.0390625,6624200,11.449112430603478,-0.0010400371076144665
2025-11-12,94208.5446694831,98211.1875,94208.5446694831,98211.1875,6635300,11.494875413515436,0.045762982911957906
2025-11-13,98211.18707343275,98308.8125078994,96356.30381856674,96551.5546875,4757400,11.477832390135097,-0.017043023380338695
2025-11-14,96551.5499609375,98504.0585546875,95868.171953125,97625.4296875,4699900,11.488893288540751,0.011060898405654385
2025-11-17,98211.18576732674,99382.69096534654,98211.18576732674,98601.6875,5585100,11.498843655048736,0.009950366507984754
2025-11-18,98601.683984375,98699.3094140625,96453.92453125,97625.4296875,6500100,11.488893288540751,-0.009950366507984754
2025-11-19,97137.3033322704,97137.3033322704,95672.921875,95672.921875,5169300,11.468690589389075,-0.020202699151676384
2025-11-20,96258.67017045454,97332.54985795454,95770.54303977272,96649.171875,4593100,11.478842916312134,0.010152326923059007
2025-11-21,95672.91775173612,98796.93139260913,95477.66689918155,98406.4296875,7936900,11.496861423258268,0.018018506946134494
2025-11-24,98308.8068316492,98699.30854696856,97234.92711452096,97820.6796875,5061800,11.490891282418216,-0.005970140840052096
2025-11-25,97332.5625,97918.3151328987,96649.18442828486,97332.5625,4494900,11.485888873030401,-0.005002409387815376
2025-11-26,97430.1752840909,97820.67698863636,96551.54644886364,96649.171875,5830900,11.478842916312134,-0.007045956718267021
2025-11-27,96844.4283919598,97430.1809830402,95770.54864164571,97137.3046875,4780500,11.48388076883474,0.0050378525226069115
2025-11-28,96746.80556449536,97039.68186791967,94794.296875,94794.296875,6210400,11.459464526887041,-0.024416241947699646
2025-12-01,95583.42391304349,96372.55434782608,94794.29347826086,95287.5,3125100,11.464653916296529,0.005189389409487433
2025-12-02,95484.78260869563,95977.98913043478,94103.80434782608,95287.5,5560800,11.464653916296529,0
2025-12-03,95682.0652173913,95682.0652173913,94695.65217391304,95287.5,6475300,11.464653916296529,0
2025-12-04,95682.0652173913,95682.0652173913,94695.65217391304,95287.5,6475300,11.464653916296529,0
2025-12-05,96175.27449324324,96175.27449324324,94794.29619282745,94892.9375,5062500,11.46050456138611,-0.004149354910419234
2025-12-08,95287.4996564136,95977.98878435863,94202.4453125,94202.4453125,5278600,11.453201418958955,-0.007303142427154796
2025-12-09,94202.44364357584,95682.06317724458,93117.38931888544,95583.421875,9961500,11.467754672652633,0.01455325369367877
2025-12-10,95780.70548672856,95780.70548672856,94301.0859375,94301.0859375,3894100,11.454247984329369,-0.013506688323264626
2025-12-11,94597.01494140625,95287.5041015625,94301.091015625,94695.65625,5201600,11.458423409589969,0.0041754252606001074
2025-12-12,94695.65635005337,94695.65635005337,92229.62363260404,92426.90625,5519800,11.434173408423089,-0.024250001166880253
2025-12-15,92624.18818296908,93117.3947228145,92229.62295109277,92525.546875,3524800,11.435240067801601,0.001066659378512469
2025-12-16,92624.18847964965,94103.80810392518,90750.00362223393,93610.6015625,6295300,11.446898920608362,0.011658852806760933
2025-12-17,93117.39598540148,94991.58086222628,93117.39598540148,94597.015625,4967800,11.457381207237903,0.010482286629541093
2025-12-18,93117.39598540148,94991.58086222628,93117.39598540148,94597.015625,4967800,11.457381207237903,0
2025-12-19,92722.82880724176,93709.2418796592,92328.26357827475,92624.1875,4492600,11.43630559063009,-0.02107561660781343
2025-12-22,92821.4714847919,93018.75410218784,92229.62363260404,92426.90625,6142400,11.434173408423089,-0.0021321822070010654
2025-12-23,92722.828125,94597.0129488032,92328.26289893615,92722.828125,6006900,11.437369979328015,0.003196570904925977
2025-12-24,92821.4721721421,92920.11348157052,91835.0590778579,92328.265625,3901500,11.433105610067335,-0.004264369260679857
2025-12-25,92821.4721721421,92920.11348157052,91835.0590778579,92328.265625,3901500,11.433105610067335,0
2025-12-26,91440.49355574325,91736.4174831081,89763.59130067567,91243.2109375,6612400,11.421283867991939,-0.011821742075396102
2025-12-29,91243.20652173914,93610.59782608696,91243.20652173914,93018.75,6300900,11.44055636471747,0.019272496725530885
2025-12-30,93216.03327396372,95287.5006800518,93018.7506638601,95188.859375,7271200,11.463618190559838,0.023061825842368933
2025-12-31,95484.78810020877,95682.07072025051,93906.52713987474,94498.375,3082600,11.45633791756679,-0.007280272993048342
2026-01-05,94399.73134046052,94399.73134046052,91933.6986513158,93709.2421875,7029300,11.447952099301476,-0.008385818265313816
2026-01-06,93413.3172706117,93511.95857712766,92328.26289893615,92722.828125,5397500,11.437369979328015,-0.010582119973461701
2026-01-07,92821.46903044872,96273.91474358976,92722.82772435895,96175.2734375,11427400,11.473927570740967,0.03655759141295256
2026-01-08,96767.120255829,96767.120255829,95188.859375,95188.859375,5576200,11.463618190559838,-0.010309380181128702
2026-01-09,94794.2958242428,98542.66548222536,94695.6545174538,96076.6328125,10048700,11.47290141047468,0.009283219914841823
2026-01-12,96668.48194095478,98148.1015625,96668.48194095478,98148.1015625,9076600,11.494232857311736,0.021331446837056234
2026-01-13,98345.3804347826,100318.20652173914,96569.83695652174,97556.25,9411100,11.488184413706723,-0.006048443605013887
2026-01-14,97654.8929891032,99726.3604161448,96471.197316508,98444.0234375,11900400,11.49724337564761,0.0090589619408874
2026-01-15,98444.02449238578,100318.20932741115,97063.0461928934,97161.6875,7401400,11.484131751223824,-0.013111624423785884
2026-01-16,98148.10103573123,103869.296875,98148.10103573123,103869.296875,23871100,11.55088862692004,0.0667568756962158
2026-01-19,107223.09782608696,107223.09782608696,104066.57608695651,104362.5,14710500,11.555625694502256,0.004737067582215815
2026-01-20,104658.4277212416,105546.19949267533,102586.96025456292,102685.6015625,12213100,11.539427187085904,-0.01619850741635176
2026-01-21,101797.83142857144,105052.99464285714,99726.36392857145,103573.375,14517300,11.548035577708358,0.00860839062245411
2026-01-22,104066.57608695651,104362.5,102093.75,102093.75,8095100,11.53364678778348,-0.014388789924877798
2026-01-23,102192.3926980198,103178.80575495047,99627.71875,99627.71875,9418000,11.509195705557044,-0.024451082226436327
2026-01-26,98838.5897208122,100219.56802030456,96668.480964467,97161.6875,11183100,11.484131751223824,-0.02506395433321984
2026-01-27,98246.7407872184,101107.33866154504,97753.53425716209,100712.7734375,10585500,11.520027917112174,0.03589616588834943
2026-01-28,101008.69665071771,104362.50103169856,100910.05534539474,103080.1640625,11949800,11.543262256368644,0.02323433925647045
2026-01-29,103573.3752798068,105743.4840951932,102291.038252533,104658.4296875,14247700,11.558457275872305,0.0151950195036612
2026-01-30,104954.34886363636,104954.34886363636,102488.3162305622,103080.1640625,10833200,11.543262256368644,-0.0151950195036612
2026-02-02,101896.46974622484,102882.8828125,100219.56753355704,102882.8828125,9331400,11.541346560195697,-0.0019156961729471789
2026-02-03,103474.73340501684,103967.93995127529,101501.90721998316,102488.3203125,9097000,11.537504122897282,-0.0038424372984149358
2026-02-04,101699.18787567467,102093.75310506624,100120.92695810844,100515.4921875,11639700,11.518067145720607,-0.019436977176674475
2026-02-05,99824.99930555555,100515.48843118688,97654.890625,97654.890625,18088600,11.489195018256028,-0.028872127464579123
2026-02-06,96668.47928406762,98641.30539190574,95386.14231397286,96273.9140625,9766800,11.474952679081714,-0.014242339174314722
2026-02-09,97457.60801767676,98049.45583964649,96569.83628472225,97654.890625,5108600,11.489195018256028,0.014242339174314722
2026-02-10,98542.66269651071,98542.66269651071,95977.98879249745,96471.1953125,6113500,11.47699974859784,-0.012195269658187513
2026-02-11,96865.76289934076,98148.09988273328,96076.63244802233,97260.328125,5507500,11.485146457641166,0.008146709043325373
2026-02-12,97654.89198507083,97852.1745951417,97063.04415485827,97457.609375,4125200,11.48717278680258,0.0020263291614135426
2026-02-13,96767.12164135512,97161.68686721184,94991.578125,94991.578125,18508400,11.461543515337128,-0.025629271465451353
2026-02-23,95484.7812169312,95484.7812169312,91835.05300925924,93216.03125,22660400,11.442674995001981,-0.018868520335146854
2026-02-24,92722.83057432433,92722.83057432433,91243.2109375,91243.2109375,28539000,11.421283867991939,-0.021391127010042865
2026-02-25,90947.28682659932,91243.210753367,87790.76494107745,87889.40625,47733100,11.383834555932276,-0.037449312059662176
2026-02-26,88777.17627762431,90947.28503107736,88678.53497064917,89270.3828125,17525500,11.399425052418946,0.015590496486669991
2026-02-27,89763.58862015608,92229.62127455598,89073.09947692411,91637.7734375,18705600,11.425598839431359,0.026173787012412575
2026-03-02,88875.81590053014,90256.79417201452,88086.68545968192,88382.609375,17245400,11.389430502745384,-0.03616833668597508
2026-03-03,88875.81590053014,90256.79417201452,88086.68545968192,88382.609375,17245400,11.389430502745384,0
2026-03-04,85719.29347826086,85817.93478260869,83055.97826086957,83943.75,23755700,11.337902210657385,-0.05152829208799936
2026-03-05,85324.73313462677,85620.65706457346,83253.265625,83253.265625,15906800,11.329642633800068,-0.008259576857316375
2026-03-06,83253.26122089461,83450.5438304228,80392.6633827359,80491.3046875,23713900,11.295904441268126,-0.03373819253194199
2026-03-09,74967.39130434782,75657.88043478261,74868.75,74868.75,17633000,11.22349185947964,-0.07241258178848575
2026-03-10,75361.95554245282,78518.47724056603,75361.95554245282,78419.8359375,21099200,11.269832183743905,0.046340324264264154
2026-03-11,78913.04551122195,79899.45858011223,77236.14329410848,79110.328125,10652800,11.278598715712567,0.008766531968662505
2026-03-12,77729.35127091377,78123.91650579151,76447.01425756112,76644.296875,12722400,11.246930476769883,-0.03166823894268411
2026-03-13,76052.44599228897,77433.42425933441,75263.31555397727,75953.8046875,9026000,11.237880601403853,-0.009049875366029525
2026-03-16,76052.44565217392,78222.55434782608,76052.44565217392,77137.5,8662000,11.253344822629323,0.015464221225469643
2026-03-17,78321.1953125,80195.38008698048,78025.27140073993,78321.1953125,9218800,11.268573538994213,0.01522871636488965
2026-03-18,78913.04866412214,79110.33128578245,77038.86375834924,77532.0703125,6352700,11.258446940229364,-0.010126598764848893
2026-03-19,76644.2951965332,76742.93650309245,75559.24082438152,75756.5234375,11602900,11.235279837650474,-0.02316710257889021
2026-03-20,75460.59887106234,75460.59887106234,72600.00100536193,73586.4140625,21423700,11.206215696135732,-0.029064141514741237
2026-03-23,72698.64472896716,75066.03614483585,70627.17724008208,72106.796875,13156200,11.18590358894085,-0.020312107194882856
2026-03-24,74474.18818385279,74868.75341926393,73093.2098599138,74375.546875,5189700,11.216882495762075,0.030978906821225394
2026-03-25,75164.6742491883,75953.8046875,74572.82642045454,75953.8046875,7429300,11.237880601403853,0.02099810564177851
2026-03-26,75953.80822523584,75953.80822523584,73191.8515625,73191.8515625,9743400,11.20083937630097,-0.03704122510288421
2026-03-27,73487.77040900131,75263.31385512484,72994.56389618923,75066.03125,9080300,11.22612342184569,0.025284045544720968
2026-03-30,73389.13555743243,74178.2660472973,72501.36375633445,72994.5703125,7814800,11.19814033808343,-0.027983083762260108
2026-03-31,73882.33729710508,74474.18512592035,73389.13077309237,73685.0546875,5639200,11.207555271826635,0.009414933743205012
2026-04-01,74868.75410856574,75263.31934760956,73980.98232071713,74276.90625,8534000,11.215555364760814,0.008000092934178582
2026-04-02,74178.26121151271,74178.26121151271,73191.84816348729,73685.0546875,5224400,11.207555271826635,-0.008000092934178582
2026-04-03,73685.05949113176,74474.18998099663,72895.9290012669,72994.5703125,6333100,11.19814033808343,-0.009414933743205012
2026-04-06,72994.56317658999,73487.76968453992,72501.35666864004,72895.921875,4593000,11.19678797507395,-0.0013523630094809391
2026-04-07,73487.77686866555,73487.77686866555,72797.28769003379,72994.5703125,4713000,11.19814033808343,0.0013523630094809391
2026-04-08,74967.39293615677,78025.2734375,74079.62117770228,78025.2734375,14610000,11.26478807161858,0.06664773353515052
2026-04-09,78025.27105284164,78123.91235632185,77038.8580180396,77236.140625,6272100,11.25462276927909,-0.010165302339490978
2026-04-10,77532.0686534749,77926.63388835263,76249.73164012226,76644.296875,6099800,11.246930476769883,-0.007692292509206666
2026-04-13,75855.16235608552,75953.80365953948,74868.74932154606,74967.390625,9559100,11.224808506302477,-0.02212197046740627
2026-04-14,75953.80228838582,76151.08489173229,74967.38927165353,75164.671875,7092500,11.227436610656278,0.0026281043538016746
2026-04-15,75855.16060877164,75953.8019099534,73980.97588631824,74079.6171875,10047800,11.212895701751364,-0.014540908904914218
2026-04-16,74572.83059210527,74572.83059210527,72994.56962719299,73093.2109375,11316400,11.199490767792836,-0.01340493395852782
2026-04-17,73980.97759046053,76940.21669407895,73882.33628700658,74967.390625,12349600,11.224808506302477,0.025317738509640364
2026-04-20,75263.31622846228,75953.80536817295,75066.03361711638,75855.1640625,6876800,11.236581065023437,0.011772558720959836
2026-04-21,75953.8019099534,76348.36711468043,74079.6171875,74079.6171875,7119000,11.212895701751364,-0.02368536327207238
2026-04-22,74474.18581392427,74474.18581392427,73093.20753393097,73586.4140625,8145000,11.206215696135732,-0.006680005615631757
2026-04-23,73980.9813467362,74967.39443135935,73093.20957057537,73290.4921875,7968500,11.202186168513393,-0.004029527622339657
2026-04-24,72994.56658719346,73093.20789339238,72205.43613760218,72402.71875,10459800,11.189999129464336,-0.01218703904905638
2026-04-28,72402.71973706318,73389.1328125,71909.51319934476,73389.1328125,9503800,11.20353114931587,0.013532019851533406
2026-04-29,72402.72003311258,74474.1875,72402.72003311258,74474.1875,9163000,11.21820786782073,0.01467671850486063
2026-05-04,73882.33626611262,74079.61887296473,72599.99932157395,72698.640625,8285900,11.194077964928637,-0.024129902892093824
2026-05-05,72698.64433672611,73487.77480442463,71810.87256056527,73290.4921875,6841400,11.202186168513393,0.008108203584756168
2026-05-06,73191.84988915415,73191.84988915415,72008.15420361528,72304.078125,9455600,11.188635812157779,-0.013550356355613857
2026-05-07,72895.92803938357,73290.49327910959,72008.15625,72008.15625,10186100,11.184534672832356,-0.004101139325422665
2026-05-08,72205.43858657859,72304.07989612309,70923.1015625,70923.1015625,13444300,11.169351492487655,-0.015183180344701341
2026-05-11,70725.81626116071,70725.81626116071,69048.9140625,69048.9140625,16909100,11.142570431885385,-0.02678106060226959
2026-05-12,69147.55906958216,70528.53742475212,69048.91775849859,69640.765625,8533300,11.151105387862472,0.008534955977086867
2026-05-13,69640.76493988684,70528.53673090522,69048.91707920792,69739.40625,11517600,11.152520806427985,0.0014154185655126383
2026-05-14,70133.96543048037,74276.9000972598,70035.3241288904,72895.921875,21565500,11.19678797507395,0.04426716864596436
2026-05-15,73191.85266632373,73191.85266632373,71712.23300325789,71909.515625,6386100,11.183163880223486,-0.013624094850463564
2026-05-18,71909.50987775368,74276.90114944927,71021.73815086782,73882.3359375,18323700,11.210229051808735,0.02706517158524946
2026-05-19,73980.97997063758,74770.11042365772,73290.49082424496,73487.7734375,11279900,11.204874323574485,-0.005354728234250317
2026-05-20,73783.69892213642,77433.42734475547,71810.87274774775,76644.296875,25976600,11.246930476769883,0.04205615319539824
2026-05-21,76644.29727328432,76841.57989174836,74671.47108864378,75460.6015625,11809100,11.2313659654253,-0.015564511344582144
2026-05-22,75756.51930758989,76545.64971704394,74079.6171875,74079.6171875,11668800,11.212895701751364,-0.01847026367393667
2026-05-25,73586.4137329932,74572.8267857143,72501.359375,72501.359375,10441000,11.191360590666987,-0.021535111084377334
2026-05-26,72600.00167785234,73586.41474412751,72600.00167785234,73487.7734375,5104800,11.204874323574485,0.01351373290749791
2026-05-27,73487.77173913043,74276.90217391304,72106.79347826086,72600,9176300,11.192720200812888,-0.012154122761597108
2026-05-28,72800,73100,71200,71200,10646900,11.173248097400068,-0.01947210341282002
2026-05-29,71200,72500,70800,71600,5446700,11.178850352948738,0.005602255548669888
2026-06-01,72200,73400,72100,72900,5972700,11.19684391799675,0.017993565048012528
2026-06-02,73000,75600,73000,74800,17368000,11.222573163962569,0.025729245965818492
2026-06-03,75100,77700,75000,76500,25278600,11.245046019814627,0.02247285585205816
2026-06-04,76700,77200,75800,76100,11304700,11.239803543849778,-0.005242475964848836
2026-06-05,76000,76000,74300,75000,11218100,11.225243392518447,-0.014560151331330928
2026-06-08,73700,74500,72800,72900,10914200,11.19684391799675,-0.028399474521696888
