date,close,high,low,open,volume
2015-01-01,7118.583984375,7118.583984375,7118.583984375,7118.583984375,0
2015-01-02,7118.583984375,7118.583984375,7118.583984375,7118.583984375,0
2015-01-05,7088.92236328125,7118.583297955547,7088.92236328125,7118.583297955547,1270255
2015-01-06,7133.41650390625,7133.41650390625,7044.43432985543,7044.43432985543,1690501
2015-01-07,7177.90625,7177.90625,7133.414837109039,7133.414837109039,1883257
2015-01-08,7103.75244140625,7163.073634982104,7103.752441406251,7163.073634982104,1055489
2015-01-09,7163.07568359375,7163.07568359375,7103.754473052263,7103.754473052263,1486926
2015-01-12,7207.56640625,7207.56640625,7163.074998208926,7163.074998208926,3153234
2015-01-13,7222.3994140625,7222.3994140625,7177.907990383972,7177.907990383972,1124029
2015-01-14,7207.56640625,7222.3968755970245,7207.56640625,7222.3968755970245,1955511
2015-01-15,7222.3994140625,7237.22988862201,7222.3994140625,7237.22988862201,1309076
2015-01-16,7192.73828125,7237.2297037922735,7192.73828125,7237.2297037922735,809564
2015-01-19,7118.583984375,7192.735655688368,7118.583984375,7192.735655688368,1704292
2015-01-20,7118.583984375,7118.583984375,7118.583984375,7118.583984375,1597443
2015-01-21,7177.90625,7177.90625,7148.245308072693,7148.245308072693,2819870
2015-01-22,7148.2451171875,7207.566999457997,7148.245117187499,7207.566999457997,1389364
2015-01-23,7177.90625,7177.90625,7177.90625,7177.90625,1793728
2015-01-26,7177.90625,7177.90625,7177.90625,7177.90625,1783930
2015-01-27,7118.583984375,7163.074718153974,7118.583984375,7163.074718153974,1969627
2015-01-28,7103.75244140625,7103.752441406251,7103.752441406251,7103.752441406251,1210446
2015-01-29,7103.75244140625,7103.752441406251,7103.752441406251,7103.752441406251,1042301
2015-01-30,7044.43212890625,7118.584477882973,7044.43212890625,7118.584477882973,2727973
2015-02-02,7029.6025390625,7088.924425669675,7014.772067410707,7059.263482366087,101885
2015-02-03,6970.28076171875,7044.432441462868,6970.28076171875,7029.601971009506,96201
2015-02-04,6955.4501953125,7029.60187403367,6925.789254814958,7029.60187403367,142576
2015-02-05,6999.94189453125,7044.432634588372,6955.450481951415,6970.28095281136,84973
2015-02-06,7014.771484375,7044.432425213306,6999.94168647854,7044.432425213306,53113
2015-02-09,6999.94189453125,7074.093576308262,6999.94189453125,7074.093576308262,67582
2015-02-10,6985.11083984375,7014.7711065618705,6970.2803702233605,6999.941309464139,66547
2015-02-11,7044.43212890625,7044.43212890625,6999.94139204288,7014.77118931556,64731
2015-02-12,7088.92236328125,7148.243560107291,7088.92236328125,7103.752830618399,202052
2015-02-13,7118.583984375,7148.244249386777,7088.923046840605,7118.583984375,92328
2015-02-16,7118.583984375,7118.583984375,7118.583984375,7118.583984375,0
2015-02-17,7118.583984375,7118.583984375,7118.583984375,7118.583984375,0
2015-02-18,7118.583984375,7118.583984375,7118.583984375,7118.583984375,0
2015-02-19,7118.583984375,7118.583984375,7118.583984375,7118.583984375,0
2015-02-20,7118.583984375,7118.583984375,7118.583984375,7118.583984375,0
2015-02-23,7118.583984375,7118.583984375,7118.583984375,7118.583984375,0
2015-02-24,7118.583984375,7118.583984375,7118.583984375,7118.583984375,0
2015-02-25,7192.73828125,7266.889979630926,7177.907807069242,7237.2297037922735,241884
2015-02-26,7266.88720703125,7266.88720703125,7177.905068419708,7177.905068419708,128488
2015-02-27,7237.22900390625,7311.380695116235,7222.3985311596925,7281.719749623122,146245
2015-03-02,7192.73828125,7266.889979630926,7177.907807069242,7266.889979630926,218838
2015-03-03,7252.05615234375,7252.05615234375,7207.5654228953545,7237.226357542653,99623
2015-03-04,7415.19189453125,7489.343571368402,7296.548808078206,7296.548808078206,461341
2015-03-05,7415.19189453125,7563.495920728223,7415.19189453125,7489.343571368402,182744
2015-03-06,7415.19189453125,7489.343571368402,7400.361424659286,7415.19189453125,155625
2015-03-09,7296.54833984375,7415.191418683225,7296.54833984375,7400.360949762962,192569
2015-03-10,7370.70068359375,7370.70068359375,7311.379475029549,7341.040415572992,152491
2015-03-11,7341.04052734375,7370.700795816098,7326.210056846227,7370.700795816098,136127
2015-03-12,7296.54833984375,7341.039746604537,7281.717870923488,7341.039746604537,170949
2015-03-13,7296.54833984375,7370.700011922438,7281.717870923488,7341.039746604537,132087
2015-03-16,7326.2099609375,7326.2099609375,7296.549020330752,7296.549020330752,99600
2015-03-17,7415.19189453125,7489.343571368402,7341.040217694098,7341.040217694098,333210
2015-03-18,7355.86962890625,7415.191505280079,7355.86962890625,7415.191505280079,106073
2015-03-19,7341.04052734375,7415.192207308666,7341.04052734375,7400.361736811144,117218
2015-03-20,7385.53173828125,7400.362209726503,7326.210525022972,7341.040996468227,132036
2015-03-23,7326.2099609375,7400.361639931683,7326.2099609375,7385.53116962831,127647
2015-03-24,7281.7197265625,7341.041617360859,7237.228980986526,7341.041617360859,162080
2015-03-25,7296.54833984375,7341.039746604537,7266.887402003225,7341.039746604537,102674
2015-03-26,7311.37939453125,7326.209864639688,7296.548924422812,7326.209864639688,128195
2015-03-27,7296.54833984375,7355.869543002175,7296.54833984375,7355.869543002175,105353
2015-03-30,7177.90625,7326.210287113822,7177.90625,7326.210287113822,191813
2015-03-31,7177.90625,7222.397662890962,7177.90625,7177.90625,108316
2015-04-01,7074.09228515625,7222.396294164776,7074.09228515625,7222.396294164776,125799
2015-04-02,7133.41650390625,7192.738401622046,7074.095278713328,7088.925753142277,78026
2015-04-03,7237.22900390625,7237.229003906249,7133.415694680351,7192.7375856665785,54162
2015-04-06,7192.73828125,7281.720453811683,7192.73828125,7237.2297037922735,78091
2015-04-07,7252.05615234375,7266.8866196674,7177.904488248056,7177.904488248056,69756
2015-04-08,7252.05615234375,7281.717086991049,7237.226357542653,7266.8866196674,75486
2015-04-09,7252.05615234375,7266.8866196674,7192.734955571705,7252.05615234375,120245
2015-04-10,7296.54833984375,7326.209277684275,7237.227136685325,7252.056933082963,160283
2015-04-13,7296.54833984375,7326.209277684275,7281.717870923488,7296.54833984375,76182
2015-04-14,7222.3994140625,7296.551114337167,7222.3994140625,7296.551114337167,104151
2015-04-15,7252.05615234375,7266.8866196674,7192.734955571705,7252.05615234375,103556
2015-04-16,7237.22900390625,7296.5502223696785,7222.3985311596925,7252.058804130008,70968
2015-04-17,7563.49609375,7637.647772283438,7252.057564359655,7252.057564359655,695457
2015-04-20,7489.34521484375,7563.497580475698,7400.3630486082275,7563.497580475698,166556
2015-04-21,7415.19189453125,7563.495920728223,7415.19189453125,7489.343571368402,122577
2015-04-22,7415.19189453125,7563.495920728223,7415.19189453125,7415.19189453125,250336
2015-04-23,7489.34521484375,7563.497580475698,7385.532575481838,7489.34521484375,297844
2015-04-24,7489.34521484375,7563.497580475698,7415.193521734617,7489.34521484375,124638
2015-04-27,7637.6484375,7785.952480006404,7563.496752508169,7637.6484375,295685
2015-04-28,7637.6484375,7637.6484375,7637.6484375,7637.6484375,0
2015-04-29,7637.6484375,7637.6484375,7637.6484375,7637.6484375,0
2015-04-30,7637.6484375,7637.6484375,7637.6484375,7637.6484375,0
2015-05-01,7637.6484375,7637.6484375,7637.6484375,7637.6484375,0
2015-05-04,7326.2099609375,7711.799498734477,7266.888079724004,7637.647819740294,379976
2015-05-05,7415.19189453125,7489.343571368402,7296.548808078206,7326.209747822134,206375
2015-05-06,7355.86962890625,7489.343178224732,7355.86962890625,7415.191505280079,188803
2015-05-07,7400.3623046875,7489.344461978099,7355.8708897808265,7385.531833051942,122391
2015-05-08,7400.3623046875,7489.344461978099,7400.3623046875,7400.3623046875,111947
2015-05-11,7370.70068359375,7415.192094408914,7355.870213322028,7415.192094408914,106482
2015-05-12,7296.54833984375,7370.700011922438,7296.54833984375,7370.700011922438,117594
2015-05-13,7296.54833984375,7311.378808764012,7222.396667765062,7296.54833984375,218875
2015-05-14,7311.37939453125,7355.8701323338855,7266.887984205936,7266.887984205936,132333
2015-05-15,7281.7197265625,7355.8714175376535,7281.7197265625,7326.21114466127,103445
2015-05-18,7237.22900390625,7296.5502223696785,7237.229003906249,7266.8892768765645,229040
2015-05-19,7296.54833984375,7296.54833984375,7222.396667765062,7222.396667765062,121332
2015-05-20,7563.49609375,7563.496093749999,7341.040385627001,7355.870183315542,495875
2015-05-21,7785.9521484375,7860.103830271542,7489.344076055907,7563.4964304126615,913321
2015-05-22,7711.7998046875,7860.103841082273,7711.7998046875,7785.9521591462435,297176
2015-05-25,8008.40673828125,8008.40673828125,7711.798707684194,7711.798707684194,554510
2015-05-26,7860.1044921875,8008.408540867294,7860.1044921875,7934.256852788782,442831
2015-05-27,7785.9521484375,7934.256184628298,7711.799794080745,7860.103830271542,564991
2015-05-28,7893.29248046875,7980.2235217852885,7841.134129911405,7910.678825848347,467751
2015-05-29,7823.74755859375,7910.677904200872,7806.36121523978,7910.677904200872,144488
2015-06-01,7702.044921875,7806.361616194059,7702.044921875,7806.361616194059,301922
2015-06-02,7597.728515625,7702.045213899243,7597.728515625001,7702.045213899243,319002
2015-06-03,7684.6591796875,7788.975187291386,7580.3424865022225,7597.7281449788425,257796
2015-06-04,7719.43115234375,7736.816810753077,7684.659149943708,7684.659149943708,90655
2015-06-05,7788.9755859375,7806.361930885357,7684.659572994635,7736.817236675355,233544
2015-06-08,7702.044921875,7841.133619106613,7702.044921875,7823.747960441035,282233
2015-06-09,7702.044921875,7858.5199633535885,7684.659263209422,7684.659263209422,249849
2015-06-10,7754.20361328125,7771.589958300091,7667.273259349907,7702.045263806159,100862
2015-06-11,7788.9755859375,7806.361930885357,7754.203581623212,7754.203581623212,169592
2015-06-12,7841.13330078125,7875.905987863539,7806.36129928033,7806.36129928033,304195
2015-06-15,7823.74755859375,7893.291560846903,7788.974871885811,7893.291560846903,137955
2015-06-16,7736.81591796875,7858.518940697146,7736.815917968749,7823.746942309594,193565
2015-06-17,7719.43115234375,7754.203154743793,7702.0448083530355,7719.43115234375,195176
2015-06-18,7736.81591796875,7823.746942309594,7719.430261565627,7719.430261565627,130949
2015-06-19,7788.9755859375,7841.133935199645,7736.817236675355,7736.817236675355,211897
2015-06-22,7928.06494140625,7962.836945576016,7806.3618984399345,7823.748243315528,514328
2015-06-23,7910.67724609375,7945.449244327566,7893.29090418619,7928.063588001311,251864
2015-06-24,7858.5205078125,7928.065204037243,7858.5205078125,7928.065204037243,144092
2015-06-25,7823.74755859375,7858.5195597203265,7823.74755859375,7841.1332163663565,236225
2015-06-26,8049.7666015625,8327.94466757057,7841.1332234517895,7841.1332234517895,1700065
2015-06-29,8136.6982421875,8293.173300673227,8084.540574940397,8136.6982421875,377762
2015-06-30,8067.15234375,8119.310684390722,8049.766001675988,8049.766001675988,423261
2015-07-01,8136.6982421875,8188.856595016076,8014.995875975139,8067.154228803714,297840
2015-07-02,8206.2412109375,8241.013210298017,8101.924527274623,8119.310869745545,440221
2015-07-03,8171.46826171875,8241.012252355931,8154.08192126883,8241.012252355931,306275
2015-07-06,8258.4013671875,8258.4013671875,8171.471006896441,8188.856667605765,395509
2015-07-07,8275.78515625,8414.87382685341,8206.24047815766,8241.012474413197,457434
2015-07-08,8119.31103515625,8310.558063907265,8101.924692331125,8275.786063838355,573447
2015-07-09,8119.31103515625,8154.08303522516,8032.3806921933065,8084.539035087341,403718
2015-07-10,8101.92529296875,8171.469983843618,8067.153290322012,8119.311637082816,337436
2015-07-13,8154.083984375,8258.400682305717,8084.539976142135,8101.925635409641,197631
2015-07-14,8154.083984375,8206.242333340359,8101.925635409641,8154.083984375,159767
2015-07-15,8067.15234375,8171.469025031443,8067.15234375,8171.469025031443,264446
2015-07-16,8067.15234375,8067.15234375,7962.835662468557,8032.380345183289,246740
2015-07-17,8067.15234375,8154.082682957433,8032.380345183289,8049.766001675988,127412
2015-07-20,8032.38330078125,8067.15531214268,7980.224940948324,8067.15531214268,169523
2015-07-21,7928.06494140625,8014.995294621376,7893.292251655061,7997.6089497457815,353902
2015-07-22,8084.5390625,8084.5390625,7910.6776904032495,7928.064033287327,183737
2015-07-23,8171.46826171875,8327.943269024281,8067.151590181729,8067.151590181729,864294
2015-07-24,8275.78515625,8310.557152505535,8206.24047815766,8206.24047815766,491748
2015-07-27,8519.19140625,8606.121748914646,8310.558035389782,8327.944378155245,753360
2015-07-28,8380.1025390625,8519.191221424646,8380.1025390625,8519.191221424646,256185
2015-07-29,8327.9462890625,8467.035006357108,8293.173595552726,8380.104643745664,451874
2015-07-30,8223.6279296875,8345.330275808567,8223.6279296875,8327.944618123476,378885
2015-07-31,8223.6279296875,8310.558274857027,8223.6279296875,8293.17193159058,218584
2015-08-03,8084.5390625,8171.4694057577035,8067.152719615921,8171.4694057577035,458977
2015-08-04,8171.46826171875,8241.012252355931,8101.92358550032,8154.08192126883,212466
2015-08-05,8241.013671875,8241.013671875,8154.0833258141,8206.241670566913,126354
2015-08-06,8136.6982421875,8275.787640118016,8136.6982421875,8241.014947844651,226575
2015-08-07,8223.6279296875,8258.39993063904,8119.311241251525,8171.469585469513,220712
2015-08-10,8432.2607421875,8432.2607421875,8258.399377903643,8258.399377903643,476768
2015-08-11,8397.48828125,8519.191308042607,8345.329939136216,8432.260966380078,347813
2015-08-12,8275.78515625,8345.329148761071,8223.626819076062,8345.329148761071,507585
2015-08-13,8171.46826171875,8275.78493325577,8136.695580818911,8275.78493325577,6352157
2015-08-14,8136.6982421875,8223.629287289441,8084.540574940397,8154.084588324183,283638
2015-08-17,8032.38330078125,8188.857694698464,7997.610603838256,8136.699334865538,3295500
2015-08-18,8101.92529296875,8119.311637082816,7997.608599447145,8032.3812876752745,3035337
2015-08-19,8190.76220703125,8261.831999305436,8084.157868928001,8155.227661202186,3475631
2015-08-20,8084.158203125,8208.530169592314,8066.39057916793,8208.530169592314,1551405
2015-08-21,8030.857421875,8030.857421875001,7817.6486999517,8013.089794842656,4784721
2015-08-24,7533.36865234375,7924.250726999963,7515.601030544468,7888.716184017399,8511591
2015-08-25,7622.20849609375,7728.812869517407,7462.301935958264,7462.301935958264,5259620
2015-08-26,7835.41552734375,7906.484626987783,7639.974452398457,7639.974452398457,3879058
2015-08-27,7870.9482421875,7924.2504048020955,7817.6460795729045,7835.41370064976,2834532
2015-08-28,7942.01806640625,7959.784986957797,7870.948282352137,7924.2504452387275,3567735
2015-08-31,7853.18212890625,7959.785764476592,7835.414506003171,7906.483596383398,1549103
2015-09-01,7835.41552734375,7888.717702384843,7799.880977521734,7888.717702384843,1290475
2015-09-02,7835.41552734375,7835.41552734375,7835.41552734375,7835.41552734375,0
2015-09-03,7764.34423828125,7835.4140249138845,7764.34423828125,7799.879481905568,1458896
2015-09-04,7782.1142578125,7835.416439055718,7746.579703855761,7764.346630526022,808228
2015-09-07,7746.5791015625,7817.648203950385,7711.043849752393,7817.648203950385,579561
2015-09-08,7799.8798828125,7835.414427647261,7728.810092526941,7728.810092526941,787796
2015-09-09,7835.41552734375,7888.717702384843,7835.41552734375,7870.950077165766,1420133
2015-09-10,7853.18212890625,7853.18212890625,7799.879960813057,7835.414506003171,923994
2015-09-11,7817.64697265625,7888.716764466673,7817.64697265625,7888.716764466673,720242
2015-09-14,7764.34423828125,7817.646403101726,7764.34423828125,7817.646403101726,861124
2015-09-15,7764.34423828125,7799.879481905568,7728.809695272934,7746.5773170850935,368015
2015-09-16,7764.34423828125,7799.879481905568,7746.5773170850935,7764.34423828125,499570
2015-09-17,7782.1142578125,7817.64881176924,7764.346630526022,7764.346630526022,492544
2015-09-18,7924.251953125,7977.554126154329,7835.41523161482,7924.251953125,3002630
2015-09-21,8084.158203125,8084.158203124999,7906.484065402563,7906.484065402563,2215601
2015-09-22,8030.857421875,8101.9272293881695,8013.089794842656,8084.159602355826,1168611
2015-09-23,7977.552734375,8066.389440386556,7977.552734375,8013.087276656425,1808418
2015-09-24,8013.08837890625,8048.623626691755,7959.786207844076,7959.786207844076,1160778
2015-09-25,7977.552734375,8030.854898105132,7959.7851129262945,8030.854898105132,1046949
2015-09-28,7906.482421875,7995.319822577551,7906.482421875,7977.552202313853,1080464
2015-09-29,7906.482421875,7906.482421875,7870.947881963544,7906.482421875,1050260
2015-09-30,7906.482421875,7959.784582050154,7870.947881963544,7959.784582050154,644733
2015-10-01,7924.251953125,7942.01957767348,7888.71740464415,7906.48432857652,724683
2015-10-02,7924.251953125,7924.251953125,7924.251953125,7924.251953125,0
2015-10-05,7995.3212890625,8013.0882119690295,7924.251495588176,7942.019119110774,1544258
2015-10-06,8172.99462890625,8208.52987554745,8066.390290214772,8101.9255368559725,3730705
2015-10-07,8030.857421875,8208.53159034982,7995.32286842652,8208.53159034982,1363400
2015-10-08,8137.4609375,8137.4609375,8030.856587612636,8030.856587612636,1336669
2015-10-09,8137.4609375,8244.065287387366,8137.4609375,8172.995487257077,3145330
2015-10-12,8137.4609375,8155.228562686606,8119.693312313395,8119.693312313395,1674157
2015-10-13,8084.158203125,8137.460374380122,8066.39057916793,8137.460374380122,1203781
2015-10-14,8297.365234375,8510.573876900293,8279.597613959242,8350.667395006323,12423801
2015-10-15,8279.5986328125,8332.900800002968,8261.831710826365,8332.900800002968,1723137
2015-10-16,8297.365234375,8332.899774590565,8297.365234375,8297.365234375,2215278
2015-10-19,8368.4365234375,8492.808497940656,8297.367424249525,8297.367424249525,5638860
2015-10-20,8403.96875,8510.573061043136,8350.66659447843,8368.433512575035,7947939
2015-10-21,8350.6669921875,8457.271308307776,8350.6669921875,8457.271308307776,2840790
2015-10-22,8332.9013671875,8368.435914194484,8315.133743375967,8315.133743375967,1912435
2015-10-23,8368.4365234375,8421.738698136547,8350.669598948572,8386.20414854256,2906003
2015-10-26,8457.2724609375,8617.178956911344,8439.504838957293,8439.504838957293,10624145
2015-10-27,8528.3408203125,8581.6429810914,8421.736498754697,8421.736498754697,5431917
2015-10-28,8670.482421875,8688.249345902326,8546.110450603155,8546.110450603155,10793737
2015-10-29,8759.3173828125,8830.386465865698,8723.782841285902,8759.3173828125,7456404
2015-10-30,8759.3173828125,8794.851924339098,8688.247599143331,8777.084303267813,3967650
2015-11-02,8794.8564453125,9061.367395301191,8759.321885519452,8777.088815107809,11266536
2015-11-03,9327.8740234375,9327.8740234375,8865.922157697145,8883.689079053614,15339415
2015-11-04,9239.0390625,9505.549959631466,9239.0390625,9416.713227459708,7155863
2015-11-05,9505.5478515625,9505.5478515625,9150.200301065586,9150.200301065586,11014167
2015-11-06,9327.8740234375,9683.221558575005,9239.036614191118,9505.547440698248,12779137
2015-11-09,9150.2021484375,9327.876309865344,9150.2021484375,9239.038878843332,8218560
2015-11-10,9061.365234375,9239.03869158556,8972.52850576972,9150.20196298028,8277352
2015-11-11,8972.5283203125,9239.03850061972,8972.5283203125,8972.5283203125,7229918
2015-11-12,9416.7119140625,9505.548633843742,8972.527614540186,9061.36433432143,14190831
2015-11-13,9683.22265625,9683.22265625,9327.87508083085,9416.711799531615,11142936
2015-11-16,9594.3857421875,9772.059889561699,9416.712295429426,9594.3857421875,9747111
2015-11-17,9239.0390625,9594.386691803222,9239.0390625,9505.549959631466,8628973
2015-11-18,9239.0390625,9416.713227459708,9150.202330328242,9150.202330328242,5519298
2015-11-19,9150.2021484375,9416.713040271174,9150.2021484375,9239.038878843332,4426034
2015-11-20,9061.365234375,9239.03869158556,9061.365234375,9061.365234375,4832974
2015-11-23,8794.8564453125,9150.204145091977,8794.8564453125,9061.367395301191,8297218
2015-11-24,8723.7822265625,8830.385843630445,8599.410289059344,8830.385843630445,11377417
2015-11-25,8883.6904296875,8972.5278524403,8617.180263277443,8759.319158819364,5287279
2015-11-26,8706.015625,8883.689041509875,8706.015625,8848.154498331101,3013855
2015-11-27,8688.248046875,8865.922164896023,8688.248046875,8741.550212219707,6140288
2015-11-30,8581.642578125,8706.014514307644,8581.642578125,8706.014514307644,4509739
2015-12-01,8563.8759765625,8670.480297066195,8546.108356273236,8634.945056487668,2519171
2015-12-02,8599.412109375,8652.714279499889,8563.877562830432,8563.877562830432,2729344
2015-12-03,8617.1787109375,8652.713253267588,8581.643467991422,8617.1787109375,1387183
2015-12-04,8510.576171875,8617.180521884735,8475.040921460997,8617.180521884735,3477932
2015-12-07,8439.5068359375,8528.343565627323,8439.5068359375,8492.809013874628,3602865
2015-12-08,8706.015625,8723.78324689739,8368.43501264563,8403.970256440409,4513051
2015-12-09,8563.8759765625,8777.083916953947,8563.8759765625,8706.014837028779,2969721
2015-12-10,8492.8076171875,8634.946501438959,8492.8076171875,8563.877409621258,2463569
2015-12-11,8528.3408203125,8617.1782220213,8475.038659533599,8475.038659533599,2254728
2015-12-14,8492.8076171875,8563.877409621258,8492.8076171875,8510.575240449954,1755319
2015-12-15,8617.1787109375,8617.1787109375,8492.806761858208,8492.806761858208,2131128
2015-12-16,8670.482421875,8759.319143859968,8652.714797231562,8652.714797231562,5058088
2015-12-17,8741.5498046875,8794.851967547253,8706.015262986324,8741.5498046875,3700421
2015-12-18,8688.248046875,8759.317834206611,8688.248046875,8741.550212219707,3333981
2015-12-21,8617.1787109375,8688.247795597676,8581.643467991422,8688.247795597676,2181925
2015-12-22,8546.1103515625,8652.71469695547,8546.1103515625,8617.180148696516,2169448
2015-12-23,8510.576171875,8599.412896677733,8492.808546667999,8581.645271470734,2447135
2015-12-24,8492.8076171875,8563.877409621258,8492.8076171875,8546.109786358804,1914050
2015-12-25,8492.8076171875,8528.34216309635,8475.039993925046,8528.34216309635,1370466
2015-12-28,8546.1103515625,8652.71469695547,8475.040554428484,8528.34272712497,3097521
2015-12-29,8581.642578125,8617.177817386279,8546.108039479637,8563.875659110276,1750918
2015-12-30,8581.642578125,8688.246894677004,8581.642578125,8634.944736401003,3690205
2015-12-31,8581.642578125,8670.479975662282,8563.875659110276,8581.642578125,2302981
2016-01-04,8492.8076171875,8617.179578792564,8492.8076171875,8599.41195553011,2431669
2016-01-05,8492.8076171875,8528.34216309635,8475.039993925046,8492.8076171875,2964027
2016-01-06,8510.576171875,8546.110721672867,8492.808546667999,8492.808546667999,1804178
2016-01-07,8350.6669921875,8510.573466367914,8350.6669921875,8510.573466367914,7436296
2016-01-08,8226.296875,8332.901214686053,8172.994705156973,8315.133591199688,7162283
2016-01-11,8155.2265625,8226.295644583439,8155.2265625,8226.295644583439,3252294
2016-01-12,8332.9013671875,8332.9013671875,8119.692683913435,8172.994854731951,2350709
2016-01-13,8244.0634765625,8403.96996626977,8226.295855278588,8350.667803034014,2192221
2016-01-14,8208.5302734375,8244.064821185097,8172.995025073809,8190.762649255655,2058203
2016-01-15,8190.76220703125,8261.831999305436,8172.99458380869,8208.52983025381,2395611
2016-01-18,7977.552734375,8119.691604116687,7870.948406914738,8119.691604116687,9106012
2016-01-19,8013.08837890625,8048.623626691755,7942.019284567407,7977.553831736828,3527033
2016-01-20,7977.552734375,8084.1570618352625,7977.552734375,8013.087276656425,2632636
2016-01-21,7977.552734375,8013.087276656425,7924.250570644869,7959.7851129262945,2615798
2016-01-22,7959.787109375,8013.089286474215,7870.950381081697,7995.322361185253,2797262
2016-01-25,8368.4365234375,8368.4365234375,7995.322001160302,8084.158725453336,3601977
2016-01-26,8155.2265625,8279.597806454,8155.2265625,8261.830886241121,2669583
2016-01-27,8226.296875,8261.83212197273,8208.529952129704,8261.83212197273,1359241
2016-01-28,8172.99462890625,8244.06442157259,8137.460082881112,8226.29679825199,1982735
2016-01-29,8244.0634765625,8261.831097846412,8155.226771374899,8226.295855278588,2006720
2016-02-01,8279.5986328125,8332.900800002968,8172.994298431563,8261.831710826365,2358583
2016-02-02,8208.5302734375,8297.36699311454,8208.5302734375,8226.29719700325,743823
2016-02-03,8279.5986328125,8332.900800002968,8208.529543635897,8244.064088224199,2590319
2016-02-04,8261.8310546875,8332.900138219931,8261.8310546875,8332.900138219931,1138811
2016-02-05,8332.9013671875,8350.668990999033,8261.832273173532,8297.366820180516,1468910
2016-02-15,8297.365234375,8315.13215417481,8226.295453327919,8297.365234375,1381247
2016-02-16,8403.96875,8439.503286809086,8297.364438956864,8350.66659447843,1399055
2016-02-17,8439.5068359375,8563.878817996192,8439.5068359375,8439.5068359375,2905034
2016-02-18,8546.1103515625,8581.644899821455,8457.273630607058,8475.040554428484,2976707
2016-02-19,8475.04296875,8528.345156630907,8457.276039867234,8528.345156630907,2141707
2016-02-22,8563.8759765625,8563.8759765625,8475.038575732126,8475.038575732126,2094948
2016-02-23,8492.8076171875,8617.179578792564,8492.8076171875,8617.179578792564,2936287
2016-02-24,8492.8076171875,8528.34216309635,8457.273071278649,8475.039993925046,2648788
2016-02-25,8457.2724609375,8581.643712950929,8457.2724609375,8528.341547626314,2717796
2016-02-26,8475.04296875,8492.81059824907,8421.740780869093,8492.81059824907,1547448
2016-02-29,8492.8076171875,8510.575240449954,8457.273071278649,8510.575240449954,2084571
2016-03-01,8563.8759765625,8688.247216739515,8457.271656058805,8492.806196021389,4909331
2016-03-02,8652.71484375,8670.48246848896,8581.645045410274,8599.412670149235,3278419
2016-03-03,8670.482421875,8759.319143859968,8670.482421875,8688.249345902326,3357280
2016-03-04,8706.015625,8759.317790076164,8634.945838026448,8634.945838026448,3456168
2016-03-07,8634.947265625,8777.08616245564,8634.947265625,8706.01706434838,2955023
2016-03-08,8528.3408203125,8652.712762335252,8528.3408203125,8634.945141870301,4597201
2016-03-09,8528.3408203125,8563.8760612424,8492.80627999855,8492.80627999855,1639391
2016-03-10,8563.8759765625,8581.64289623582,8510.573816310653,8528.340735983973,1124113
2016-03-11,8617.1787109375,8688.247795597676,8599.411089464462,8599.411089464462,3038971
2016-03-14,8652.71484375,8777.086115074373,8652.71484375,8706.017017350765,4085315
2016-03-15,8617.1787109375,8723.783038543752,8617.1787109375,8688.247795597676,2202074
2016-03-16,8617.1787109375,8652.713253267588,8599.411089464462,8617.1787109375,1990568
2016-03-17,8617.1787109375,8688.247795597676,8617.1787109375,8634.94563179455,2544690
2016-03-18,8759.3173828125,8865.921708008269,8706.015220214616,8706.015220214616,10245954
2016-03-21,8741.5498046875,8794.851967547253,8706.015262986324,8759.317425846077,2860334
2016-03-22,8652.71484375,8723.784642089726,8652.71484375,8706.017017350765,2546669
2016-03-23,8652.71484375,8706.017017350765,8617.180294888196,8652.71484375,2315701
2016-03-24,8599.412109375,8688.248826044459,8599.412109375,8670.48190308021,3359298
2016-03-25,8510.576171875,8599.412896677733,8457.273996870132,8563.878346879868,4582180
2016-03-28,8528.3408203125,8581.6429810914,8510.573900463498,8581.6429810914,1623603
2016-03-29,8439.5068359375,8528.343565627323,8421.739209753066,8528.343565627323,2952116
2016-03-30,8439.5068359375,8510.576640059064,8386.204658000372,8439.5068359375,2406271
2016-03-31,8368.4365234375,8528.343047534643,8368.4365234375,8439.506323241607,2516142
2016-04-01,8315.1337890625,8386.203584083034,8297.36686576943,8368.43596017388,2140819
2016-04-04,8315.1337890625,8350.66903688081,8297.36686576943,8297.36686576943,1495682
2016-04-05,8350.6669921875,8386.201530688955,8297.364834127362,8315.131753070133,1156618
2016-04-06,8421.73828125,8421.73828125,8332.901561354493,8350.669185580033,1163241
2016-04-07,8492.8076171875,8510.575240449954,8421.73782475374,8439.505448016194,1961616
2016-04-08,8457.2724609375,8528.341547626314,8457.2724609375,8457.2724609375,1260716
2016-04-11,8510.576171875,8563.878346879868,8439.506371663132,8492.808546667999,3290089
2016-04-12,8475.04296875,8528.345156630907,8439.508410368164,8528.345156630907,1589442
2016-04-13,8457.2724609375,8492.807004281907,8439.504838957293,8457.2724609375,2293896
2016-04-14,8439.5068359375,8492.809013874628,8439.5068359375,8439.5068359375,2311138
2016-04-15,8386.203125,8475.039838450446,8386.203125,8457.272916129983,2875436
2016-04-19,8350.6669921875,8439.503688749093,8350.6669921875,8386.201530688955,2204577
2016-04-20,8368.4365234375,8386.20414854256,8332.901973843513,8350.669598948572,3546456
2016-04-21,8403.96875,8439.503286809086,8368.433512575035,8403.96875,2004176
2016-04-22,8492.8076171875,8492.8076171875,8368.435655582436,8403.970902107345,3350254
2016-04-25,8510.576171875,8581.645271470734,8492.808546667999,8528.343096465866,2270234
2016-04-26,8510.576171875,8528.343096465866,8439.506371663132,8510.576171875,1346723
2016-04-27,8475.04296875,8546.112786129977,8439.508410368164,8528.345156630907,2394723
2016-04-28,8599.412109375,8759.318619749669,8475.040145544901,8528.34231566979,12142318
2016-04-29,8634.947265625,8652.714890459876,8581.645091736495,8599.41271657137,2480568
2016-05-04,8546.1103515625,8581.644899821455,8475.040554428484,8563.87797600003,3113995
2016-05-05,8492.8076171875,8599.41195553011,8492.8076171875,8510.575240449954,3669572
2016-05-06,8439.5068359375,8528.343565627323,8439.5068359375,8492.809013874628,2799725
2016-05-09,8386.203125,8492.807461386952,8386.203125,8457.272916129983,2446206
2016-05-10,8403.96875,8439.503286809086,8350.66659447843,8368.433512575035,1880252
2016-05-11,8475.04296875,8492.81059824907,8403.973851986328,8475.04296875,1171801
2016-05-12,8421.73828125,8510.575701761603,8421.73828125,8510.575701761603,1665355
2016-05-13,8421.73828125,8457.27352970108,8386.203733415015,8439.50590547554,1587867
2016-05-16,8403.96875,8439.503286809086,8386.201131287517,8421.735668096602,1253326
2016-05-17,8457.2724609375,8492.807004281907,8403.970295612886,8421.737216977084,1430954
2016-05-18,8475.04296875,8599.414974010884,8475.04296875,8528.345156630907,2797787
2016-05-19,8475.04296875,8528.345156630907,8457.276039867234,8528.345156630907,751132
2016-05-20,8510.576171875,8510.576171875,8475.040921460997,8475.040921460997,1958628
2016-05-23,8492.8076171875,8581.644332267655,8492.8076171875,8581.644332267655,1393684
2016-05-24,8475.04296875,8528.345156630907,8475.04296875,8510.578227748141,1490715
2016-05-25,8475.04296875,8510.578227748141,8457.276039867234,8492.81059824907,2416164
2016-05-26,8439.5068359375,8510.576640059064,8439.5068359375,8492.809013874628,5365857
2016-05-27,8557.4765625,8578.348742828095,8432.245627580558,8515.732917526851,1908632
2016-05-30,8578.3505859375,8640.966424692127,8557.478401124892,8557.478401124892,1570079
2016-05-31,8515.7333984375,8599.220693098589,8515.7333984375,8599.220693098589,2069341
2016-06-01,8515.7333984375,8557.477045768044,8515.7333984375,8557.477045768044,1824503
2016-06-02,8515.7333984375,8557.477045768044,8494.861216930685,8557.477045768044,1116921
2016-06-03,8494.861328125,8536.605691685047,8473.989862028071,8536.605691685047,1405508
2016-06-06,8432.24609375,8494.86120682982,8390.501730786007,8494.86120682982,2647850
2016-06-07,8453.1181640625,8473.990347037143,8390.502330821706,8473.990347037143,1964917
2016-06-08,8494.861328125,8494.861328125,8432.246214151119,8453.117680248048,1814004
2016-06-09,8453.1181640625,8494.86181432865,8453.1181640625,8494.86181432865,1142517
2016-06-10,8453.1181640625,8473.990347037143,8432.246696770992,8432.246696770992,1668499
2016-06-13,8432.24609375,8453.117559548913,8432.24609375,8453.117559548913,832968
2016-06-14,8453.1181640625,8453.1181640625,8411.374513796349,8411.374513796349,851683
2016-06-15,8411.3740234375,8453.117671270116,8390.501841679645,8453.117671270116,1455613
2016-06-16,8432.24609375,8473.98974103091,8411.373912268004,8453.117559548913,1261653
2016-06-17,8432.24609375,8453.117559548913,8411.373912268004,8432.24609375,723733
2016-06-20,8912.30078125,8954.045152037263,8432.247674028677,8453.119143739088,6590993
2016-06-21,8912.30078125,9141.891957847065,8891.429311539589,8954.045152037263,5065681
2016-06-22,8849.68359375,8954.043065027596,8849.68359375,8870.555058595688,1055053
2016-06-23,8745.3251953125,8849.684679392483,8745.3251953125,8828.812496303231,2900869
2016-06-24,8536.6064453125,8703.581051561134,8160.912149886756,8703.581051561134,8998605
2016-06-27,8599.220703125,8640.965066187302,8390.501750545835,8536.60558989772,2063056
2016-06-28,8599.220703125,8640.965066187302,8557.477055745785,8599.220703125,1153086
2016-06-29,8766.1953125,8870.554780505952,8578.348556362498,8578.348556362498,4391034
2016-06-30,8724.4541015625,8891.429440075717,8724.4541015625,8870.557254380354,2351433
2016-07-01,8745.3251953125,8828.812496303231,8724.453012223248,8766.196662718612,2033386
2016-07-04,8870.5537109375,8912.29734997003,8766.194255514705,8766.194255514705,3033418
2016-07-05,8807.9404296875,8912.299915147501,8807.9404296875,8870.55626410013,2777555
2016-07-06,8828.814453125,8870.558112872446,8745.327133630108,8787.070793377554,2113898
2016-07-07,9037.53125,9162.762914197452,8849.684469386943,8912.299585802548,5592926
2016-07-08,9100.1455078125,9267.12079262872,9058.401865529195,9058.401865529195,5600160
2016-07-11,8891.4267578125,9183.632975298802,8891.4267578125,9121.017152785162,3636015
2016-07-12,8891.4267578125,8974.91404404201,8766.195112785219,8891.4267578125,2614388
2016-07-13,8954.0439453125,9037.531244269112,8891.42811325348,8891.42811325348,2637246
2016-07-14,8974.9130859375,9162.760533425024,8954.041624449734,8974.9130859375,6602088
2016-07-15,8891.4267578125,9016.657687156767,8891.4267578125,8954.042580326139,2563897
2016-07-18,8891.4267578125,8912.29822152837,8807.938755899975,8870.554578413616,2030893
2016-07-19,8745.3251953125,8912.299797293961,8703.580829133994,8912.299797293961,4033029
2016-07-20,8682.708984375,8787.068463919491,8682.708984375,8745.324815238317,2019165
2016-07-21,8682.708984375,8766.19628173735,8661.836802192858,8703.580450874033,1573450
2016-07-22,8620.0927734375,8661.836420278129,8536.605479756243,8661.836420278129,3365615
2016-07-25,8578.3505859375,8640.966424692127,8578.3505859375,8620.094239879518,1319799
2016-07-26,8536.6064453125,8599.22156481416,8515.734261689842,8578.35009687466,1648590
2016-07-27,8536.6064453125,8536.6064453125,8536.6064453125,8536.6064453125,0
2016-07-28,8620.0927734375,8703.580067118757,8599.220592175647,8620.0927734375,1800135
2016-07-29,8557.4765625,8640.964568129339,8557.4765625,8620.092387801242,848066
2016-08-01,8578.3505859375,8620.094239879518,8515.734747182873,8557.478401124892,1473766
2016-08-02,8473.990234375,8578.349716494478,8453.118051677853,8578.349716494478,2832260
2016-08-03,8453.1181640625,8515.733997303294,8432.246696770992,8473.990347037143,1641217
2016-08-04,8432.24609375,8515.733388311817,8432.24609375,8453.117559548913,1194764
2016-08-05,8453.1181640625,8494.86181432865,8390.502330821706,8432.246696770992,1621238
2016-08-08,8473.990234375,8557.477533797333,8473.990234375,8494.86170138902,964498
2016-08-09,8536.6064453125,8536.6064453125,8473.990610127683,8515.734261689842,951647
2016-08-10,8578.3505859375,8578.3505859375,8494.862562370265,8494.862562370265,831317
2016-08-11,8724.4541015625,8724.4541015625,8599.22241875678,8620.094604452142,2055155
2016-08-12,8682.708984375,8849.68429478281,8661.836802192858,8766.19628173735,1852733
2016-08-15,8682.708984375,8703.580450874033,8661.836802192858,8682.708984375,987427
2016-08-16,8912.30078125,8974.916621747674,8682.710320336155,8766.19763054424,6789552
2016-08-17,9016.6572265625,9079.27304587756,8870.554125282675,8912.297766265056,4756201
2016-08-18,8995.7861328125,9183.632882777936,8974.913953623893,9016.6575963181,3666036
2016-08-19,8849.68359375,9037.530355776453,8849.68359375,9037.530355776453,2326082
2016-08-22,8871.060546875,8999.31713712633,8871.060546875,8977.940794427712,3316247
2016-08-23,8913.8115234375,8956.564204154269,8849.683968302572,8935.187863795885,1557474
2016-08-24,8977.939453125,9063.444078174907,8935.18750708509,8935.18750708509,2630716
2016-08-25,9063.4453125,9084.820921945999,8956.565066359459,8999.31701822164,2111230
2016-08-26,9191.701171875,9277.205808604784,9063.445316235599,9063.445316235599,7785863
2016-08-29,9106.197265625,9298.581415516579,9106.197265625,9234.453121229326,3498269
2016-08-30,9106.197265625,9170.325559912253,9084.820923205854,9084.820923205854,1860458
2016-08-31,9384.0849609375,9490.965194663644,9127.571813618677,9170.324493485212,11202707
2016-09-01,9512.3408203125,9619.221054248595,9405.460586376405,9469.58887333208,7534599
2016-09-05,9512.3408203125,9576.469107268176,9426.836926351663,9512.3408203125,3387876
2016-09-06,9448.21484375,9576.47144902423,9448.21484375,9490.967534154928,4864382
2016-09-07,9426.8369140625,9426.8369140625,9298.580340318345,9426.8369140625,4678533
2016-09-08,9747.478515625,9875.735101213553,9448.2133935751,9490.966077418061,11388592
2016-09-09,9768.85546875,9939.863282940549,9726.10278223215,9832.98303258635,6439272
2016-09-12,9619.2216796875,9747.478261938058,9597.846071292504,9726.101920572917,4284468
2016-09-13,9661.9736328125,9694.037409468832,9512.34072049604,9619.220953310602,4043493
2016-09-14,9726.1015625,9822.29436213159,9619.22132554945,9651.285836416688,4505219
2016-09-15,9576.4677734375,9726.09993351293,9512.339495413746,9726.09993351293,3902376
2016-09-16,9619.2216796875,9619.2216796875,9490.965830407087,9512.341438802083,3003643
2016-09-19,9683.3486328125,9726.10057666537,9576.468406695298,9704.724971223957,3316353
2016-09-20,9758.1669921875,9811.60711569465,9661.974916468671,9726.102478301098,4826426
2016-09-21,9726.1015625,9811.606191842511,9704.725954891961,9768.854243656315,3062491
2016-09-22,9961.2373046875,10132.245811993946,9726.100515519882,9726.100515519882,9907767
2016-09-23,10132.2470703125,10174.999019205943,10003.990490662036,10003.990490662036,8185300
2016-09-26,10217.7509765625,10303.25560739034,10174.999027633645,10174.999027633645,6807284
2016-09-27,10217.7509765625,10217.7509765625,10110.870737755298,10207.062806087753,7062515
2016-09-28,10239.125,10367.380817757286,10174.996724636374,10185.684892691974,5883691
2016-09-29,10121.55859375,10260.502606694276,10068.1184760068,10174.9987114932,6618977
2016-09-30,9971.92578125,10132.246124360418,9971.92578125,10132.246124360418,6059568
2016-10-03,9971.92578125,10089.494179458317,9897.10932794378,9982.61395071804,3734786
2016-10-04,10003.9892578125,10121.557652508434,9832.980750342962,10025.365596109958,6830318
2016-10-05,10003.9892578125,10046.741201437373,9971.925483336354,10046.741201437373,1694377
2016-10-06,9854.3564453125,10036.053110068955,9854.3564453125,10003.988604716054,2839704
2016-10-07,9629.9091796875,9897.109763291646,9555.093456060396,9865.045986447187,9327607
2016-10-10,9319.9580078125,9629.910583379135,9319.9580078125,9629.910583379135,7393905
2016-10-11,9512.3408203125,9512.3408203125,9223.764628467101,9319.956692415568,5534149
2016-10-12,9362.70703125,9533.715522769218,9341.330694946357,9490.963583131906,2587949
2016-10-13,9405.4619140625,9448.213867077835,9277.206055016497,9341.333618054397,1599749
2016-10-14,9373.3974609375,9426.83758162022,9362.709290206925,9384.085631668073,1952663
2016-10-17,9277.2060546875,9384.086303707149,9277.2060546875,9384.086303707149,2807471
2016-10-18,9319.9580078125,9373.398132322962,9191.701415799313,9277.206054798173,1618921
2016-10-19,9373.3974609375,9437.525752350795,9298.580998793628,9298.580998793628,1701856
2016-10-20,9298.58203125,9448.214239181816,9287.893859332677,9426.838628317402,1587636
2016-10-21,9277.2060546875,9352.021789219132,9277.2060546875,9298.581664709309,1292236
2016-10-24,9234.451171875,9319.95579053173,9213.07556693834,9277.203847688379,2400976
2016-10-25,9234.451171875,9384.084071281772,9148.947286188299,9234.451171875,2804732
2016-10-26,9191.701171875,9319.957760484585,9170.325562420192,9234.4531237548,1749819
2016-10-27,9234.451171875,9255.82750978169,9191.69922903165,9255.82750978169,1126296
2016-10-28,9319.9580078125,9319.9580078125,9223.765930287711,9234.453368813642,2188336
2016-10-31,9298.58203125,9384.086673618345,9298.58203125,9341.333985949057,1285459
2016-11-01,9255.828125,9319.956410012532,9255.828125,9319.956410012532,1011162
2016-11-02,9106.197265625,9277.205806067617,9106.197265625,9255.829463648472,2132964
2016-11-03,8977.939453125,9084.819684709822,8913.81116758009,9084.819684709822,2876958
2016-11-04,9010.005859375,9063.445986418848,8977.941343366549,8977.941343366549,758705
2016-11-07,9148.9501953125,9170.326540016302,8999.317981296672,8999.317981296672,949505
2016-11-08,9159.63671875,9245.140616232304,9148.94854832218,9148.94854832218,1256562
2016-11-09,9020.69140625,9159.636147201449,8785.55533636076,9159.636147201449,4423442
2016-11-10,9127.5732421875,9170.325928745317,9084.821288599896,9106.197631878804,980369
2016-11-11,9191.701171875,9287.893246847098,9148.9492199952,9170.325562420192,1928505
2016-11-14,9138.2607421875,9191.700863486842,9106.19696259596,9127.5725713336,1255263
2016-11-15,9234.451171875,9234.451171875,9127.57094828161,9148.947286188299,1439637
2016-11-16,9202.38671875,9277.203162931128,9148.94661089776,9255.826826602242,1698380
2016-11-17,9106.197265625,9202.38934057079,9106.197265625,9202.38934057079,1202208
2016-11-18,9213.0751953125,9223.763363834718,9084.818638985877,9084.818638985877,956879
2016-11-21,9213.0751953125,9277.20347347581,9148.946917149187,9234.450799386937,1400768
2016-11-22,9213.0751953125,9266.515304953593,9191.698858268062,9191.698858268062,1670149
2016-11-23,9394.775390625,9426.839910739005,9213.079375193633,9255.83133570864,3277378
2016-11-24,9480.27734375,9565.781240420458,9362.70893610053,9362.70893610053,3897110
2016-11-25,9394.775390625,9490.968217996682,9384.087950223997,9490.968217996682,1839636
2016-11-28,9298.58203125,9394.774112565436,9234.453732716298,9394.774112565436,1409019
2016-11-29,9223.765625,9298.581357056277,9127.572817688793,9298.581357056277,1716884
2016-11-30,9266.517578125,9266.517578125,9170.325503768134,9191.701113086227,998066
2016-12-01,9234.451171875,9362.707733375082,9234.451171875,9234.451171875,868852
2016-12-02,9181.01171875,9266.516343541074,9170.324281999938,9234.451834380641,933459
2016-12-05,9106.197265625,9234.453121229326,9106.197265625,9191.701169361217,1125207
2016-12-06,9042.0673828125,9159.635779522827,9042.0673828125,9148.94761019097,1430403
2016-12-07,8999.31640625,9084.820304159923,8999.31640625,9042.068355204961,996029
2016-12-08,9031.380859375,9084.820982803254,9020.692688095312,9084.820982803254,511831
2016-12-09,9170.3251953125,9298.581045817546,9084.820562005649,9095.508732790273,1248030
2016-12-12,9020.69140625,9191.699923514045,9020.69140625,9191.699923514045,1306562
2016-12-13,8935.1875,9052.755901244094,8935.1875,9020.691392012024,1263865
2016-12-14,8977.939453125,9020.691399164913,8924.49933733259,8935.18750708509,1386793
2016-12-15,8945.875,8999.315111749174,8935.186831056159,8977.938773861493,993501
2016-12-16,8999.31640625,8999.31640625,8935.188116332492,8967.25189480618,1048768
2016-12-19,9127.5732421875,9127.5732421875,8999.317381424687,8999.317381424687,768607
2016-12-20,9095.5078125,9170.32426745224,9084.81964279681,9095.5078125,1031528
2016-12-21,9084.818359375,9138.258467371325,9074.13019118174,9095.506527568261,1326435
2016-12-22,9095.5078125,9234.451819731214,9084.81964279681,9148.947928045864,2314986
2016-12-23,9116.8837890625,9159.635733203686,9084.819281229073,9159.635733203686,1141640
2016-12-26,9127.5732421875,9170.325928745317,9084.821288599896,9116.885803518258,856528
2016-12-27,9223.765625,9298.581357056277,9127.572817688793,9127.572817688793,2773763
2016-12-28,9319.9580078125,9362.709960826829,9245.141540309774,9245.141540309774,3034823
2016-12-29,9287.89453125,9362.711007113498,9255.830746148664,9362.711007113498,1320993
2016-12-30,9405.4619140625,9458.902038574219,9266.517883520113,9319.958008031832,5770138
2017-01-03,9587.1591796875,9608.535523904582,9469.590752434038,9469.590752434038,3557117
2017-01-04,9672.6611328125,9768.853929349143,9555.093462325662,9576.469069245952,3590439
2017-01-05,9640.5966796875,9704.724961890153,9640.5966796875,9661.973018078399,2155436
2017-01-06,9608.5341796875,9726.101857523205,9608.5341796875,9661.97429978378,2808103
2017-01-09,9661.9736328125,9704.725579344307,9597.845346529744,9629.909123186077,1761266
2017-01-10,9832.9814453125,9832.9814453125,9651.285488822477,9672.661095660667,3671619
2017-01-11,9854.3564453125,9961.23666388218,9854.3564453125,9897.108386146374,2601783
2017-01-12,9822.294921875,9875.735043395669,9800.918580078667,9854.358701599336,1897291
2017-01-13,9597.8466796875,9918.487422668748,9555.094727217373,9854.35912747846,5758937
2017-01-16,9405.4619140625,9597.84680208681,9405.4619140625,9597.84680208681,3146444
2017-01-17,9490.966796875,9576.470705102161,9405.462155677616,9405.462155677616,1830226
2017-01-18,9362.70703125,9555.091859072862,9362.70703125,9555.091859072862,1741989
2017-01-19,9362.70703125,9405.458970887312,9287.890587157224,9362.70703125,2068849
2017-01-20,9448.21484375,9512.343146387115,9352.022756279466,9362.710928880699,2327416
2017-01-23,9501.654296875,9533.718812394376,9448.214170646264,9490.966858005433,1607088
2017-01-24,9555.0947265625,9597.846679029697,9469.590088657911,9555.0947265625,984898
2017-01-25,9640.5966796875,9683.348623499254,9544.404622868544,9597.844735875746,1480929
2017-01-26,9640.5966796875,9640.5966796875,9640.5966796875,9640.5966796875,0
2017-02-03,9555.0947265625,9597.846679029697,9490.966431376606,9555.0947265625,1746413
2017-02-06,9469.58984375,9512.341795111523,9448.213501584152,9512.341795111523,1944446
2017-02-07,9512.3408203125,9555.093500263018,9458.900703344452,9458.900703344452,3228186
2017-02-08,9533.7177734375,9608.534235192537,9501.65326141242,9533.7177734375,2039811
2017-02-09,9523.0283203125,9555.092828019506,9512.34015107683,9533.71648954817,2797288
2017-02-10,9501.654296875,9533.718812394376,9458.902342486057,9512.342468714793,2160913
2017-02-13,9576.4677734375,9587.155941936458,9490.963891385825,9533.715832411663,2961684
2017-02-14,9918.4873046875,9918.4873046875,9597.8465655203,9619.222175016002,6820416
2017-02-15,9832.9814453125,9939.861678413723,9790.22949866603,9939.861678413723,4056379
2017-02-16,9683.3486328125,9886.420915841174,9683.3486328125,9832.980802782573,3914771
2017-02-17,9683.3486328125,9726.10057666537,9597.844745106757,9661.973027371087,2865617
2017-02-20,9629.9091796875,9704.725636284698,9619.221009749313,9683.349296408329,2598202
2017-02-21,9704.724609375,9811.60483150708,9629.908160694535,9683.348271760577,3710102
2017-02-22,9790.228515625,9897.108737994335,9704.72463091754,9768.852910933145,4321652
2017-02-23,9832.9814453125,9907.797901671394,9758.1657219237,9811.605838474312,3660734
2017-02-24,9832.9814453125,9854.357785120783,9726.101212211277,9832.9814453125,3263193
2017-02-27,9950.55078125,10025.367244623449,9832.982367221794,9832.982367221794,6289870
2017-02-28,9800.9169921875,10003.989274471343,9790.228823020972,9961.237330775279,2766705
2017-03-01,9768.85546875,9811.607422297637,9694.039000313976,9800.919250668176,2861192
2017-03-02,9715.4150390625,9811.607114772287,9704.726867768037,9768.855162564625,2195007
2017-03-03,9758.1669921875,9811.60711569465,9651.286745173204,9715.41503997582,1406000
2017-03-06,9822.294921875,9854.358701599336,9758.166629456166,9758.166629456166,1822642
2017-03-07,9790.228515625,9832.98045797873,9736.788404440333,9832.98045797873,1664426
2017-03-08,9790.228515625,9832.98045797873,9736.788404440333,9768.852910933145,1707333
2017-03-09,9726.1015625,9811.606191842511,9726.1015625,9790.229851264354,1815690
2017-03-10,9832.9814453125,9918.486071575535,9768.853891827843,9790.22949866603,4230852
2017-03-13,9779.5419921875,9897.110403168483,9768.854554528438,9854.3584536218,1626610
2017-03-14,9768.85546875,9875.7357191042,9768.85546875,9790.231079038713,2108140
2017-03-15,9736.7890625,9811.605516403002,9715.413456363478,9768.853571159887,2221096
2017-03-16,9768.85546875,9811.607422297637,9726.10278223215,9747.479125491076,2143603
2017-03-17,9811.6044921875,9897.108373748135,9779.539986874766,9811.6044921875,3467687
2017-03-20,9961.2373046875,9982.61364296457,9811.605135658125,9811.605135658125,5525406
2017-03-21,9961.2373046875,10100.181304578338,9961.2373046875,10003.9892482716,6605564
2017-03-22,9854.3564453125,9993.300436265086,9854.3564453125,9982.613000784115,4242017
2017-03-23,10260.5009765625,10260.5009765625,9811.604498619887,9832.980102539062,7113814
2017-03-24,10196.375,10474.263024477397,10142.934882528178,10346.007182327085,6802860
2017-03-27,10174.998046875,10260.501936491068,10100.181593733394,10174.998046875,3588262
2017-03-28,10132.2470703125,10313.943036352168,10110.870729380711,10174.999019205943,4079237
2017-03-29,10153.6220703125,10217.750356297965,10089.494517297124,10132.246463630738,2124888
2017-03-30,10068.1171875,10228.437520211974,10068.1171875,10153.62107175838,2642092
2017-03-31,10110.8701171875,10196.374742767384,10046.74183124511,10068.118170882602,4260381
2017-04-03,9918.4873046875,10153.623406961335,9918.4873046875,10110.871454999746,7003913
2017-04-04,10046.7431640625,10046.7431640625,9907.799136896518,9907.799136896518,3444548
2017-04-05,9950.55078125,10046.742853465747,9950.55078125,10046.742853465747,2103119
2017-04-07,10046.7431640625,10057.431335299158,9907.799136896518,9907.799136896518,3161086
2017-04-10,10046.7431640625,10100.183287275599,10025.367554559372,10046.7431640625,1481597
2017-04-11,10036.0546875,10110.870412476046,10003.990177107315,10046.742124660786,1422503
2017-04-12,10164.3115234375,10207.063475168778,10036.055668243665,10046.74310644885,4552339
2017-04-13,10100.181640625,10174.998094113953,10089.49420410092,10121.557979613292,1822185
2017-04-14,9843.669921875,10078.806735210908,9811.606144133792,10068.1185649738,5070210
2017-04-17,9768.85546875,9939.863282940549,9768.85546875,9843.671204215812,3745846
2017-04-18,9832.9814453125,9832.9814453125,9694.037435468948,9768.853891827843,2094551
2017-04-19,9832.9814453125,9918.486071575535,9811.605838474312,9832.9814453125,3975656
2017-04-20,9800.9169921875,9907.797217912685,9790.228823020972,9832.980766717039,1847115
2017-04-21,9800.9169921875,9918.485387079212,9800.9169921875,9875.733443383147,1431526
2017-04-24,9779.5419921875,9843.670282992594,9758.166383899232,9800.918333445912,1635107
2017-04-25,9758.1669921875,9832.982725315396,9726.102478301098,9747.478820892033,2114109
2017-04-26,9832.9814453125,9843.669615216642,9768.853891827843,9811.605838474312,1697993
2017-04-27,9939.86328125,9982.61596776058,9854.359374169268,9854.359374169268,3514877
2017-04-28,9939.86328125,9939.86328125,9939.86328125,9939.86328125,0
2017-05-03,10046.7431640625,10110.871458512256,9929.175479369831,9982.61560258293,2832330
2017-05-04,10046.7431640625,10132.24780098557,10025.367554559372,10046.7431640625,2431489
2017-05-05,10068.1171875,10100.180960854388,10025.36524537081,10046.740849950396,1086268
2017-05-08,10046.7431640625,10078.807677772471,10003.991212086059,10025.367554559372,1291604
2017-05-09,10324.630859375,10324.630859375,10089.494781888761,10089.494781888761,4102411
2017-05-10,10281.876953125,10463.573611405429,10281.876953125,10367.38083174522,5509043
2017-05-11,10281.876953125,10346.00522857515,10185.684906434759,10281.876953125,2489529
2017-05-12,10260.5009765625,10346.005591149184,10260.5009765625,10281.877313451669,1856666
2017-05-15,10217.7509765625,10260.502925491353,10207.062806087753,10260.502925491353,1778506
2017-05-16,10153.6220703125,10324.630588617045,10142.934633456664,10217.750356297965,2241461
2017-05-17,10217.7509765625,10260.502925491353,10100.182567280552,10153.622686684152,1944517
2017-05-18,10239.125,10410.13348997968,10185.684892691974,10249.8131680556,3192477
2017-05-19,10346.0078125,10346.0078125,10217.751229567502,10239.127571046303,2521973
2017-05-22,10367.3828125,10484.951217792475,10367.3828125,10367.3828125,6037939
2017-05-23,10442.19921875,10559.767623461914,10367.382761305118,10399.44727148297,7255036
2017-05-24,10495.6396484375,10527.703426599499,10442.199529520753,10517.01598919225,4581658
2017-05-25,10689.841796875,10790.216224936736,10652.201666930074,10790.216224936736,5231421
2017-05-26,10564.3740234375,10689.841872348357,10539.280603297047,10689.841872348357,2651861
2017-05-29,10689.841796875,10714.935216838285,10564.373948849981,10564.373948849981,1936456
2017-05-30,10790.21484375,10953.322052633033,10614.560178282847,10614.560178282847,5706109
2017-05-31,10790.21484375,10928.228635881796,10790.21484375,10790.21484375,3245594
2017-06-01,10903.13671875,10915.683428851295,10815.309748040936,10815.309748040936,2403388
2017-06-02,10852.9482421875,10965.869364284114,10815.308117558126,10940.775199656038,2470651
2017-06-05,10852.9482421875,10953.321907865831,10827.854825767918,10940.775199656038,2035320
2017-06-06,11116.4296875,11241.897515827828,10865.494779052824,10865.494779052824,4524199
2017-06-07,11053.69921875,11241.900639429936,11053.69921875,11241.900639429936,2572996
2017-06-08,11091.33984375,11128.979979908856,10965.872723220484,11041.152995538194,1924854
2017-06-09,11329.7255859375,11417.552544856826,11091.336629596603,11091.336629596603,4792487
2017-06-12,11216.806640625,11342.274497373695,11191.713218916992,11292.086905749027,1688441
2017-06-13,11379.9150390625,11517.92961162705,11292.087311718265,11292.087311718265,4805342
2017-06-14,11342.2724609375,11492.83296415333,11317.178295526346,11492.83296415333,2383328
2017-06-15,11392.4619140625,11392.4619140625,11304.634185456296,11354.821779606422,1877834
2017-06-16,11467.7421875,11480.288898990311,11367.368495577515,11417.555341538759,1844126
2017-06-19,11618.3017578125,11643.395177087348,11530.47479035053,11543.021499987954,3639584
2017-06-20,11580.6630859375,11668.490064449545,11543.02295228948,11668.490064449545,2326660
2017-06-21,11919.42578125,11919.42578125,11555.569659688656,11618.303215747967,5930644
2017-06-22,11944.5185546875,12120.173250318327,11869.238291506561,11869.238291506561,3800154
2017-06-23,11906.8798828125,11994.706867290684,11844.145574262218,11944.520019017436,2319790
2017-06-26,11718.67578125,12007.250841223187,11668.488196212817,12007.250841223187,4201227
2017-06-27,11467.7421875,11693.58449074297,11405.008630048447,11668.490319553659,8604916
2017-06-28,11630.849609375,11643.39632024427,11455.194908996578,11517.929211551576,2870961
2017-06-29,11668.48828125,11706.129157354344,11618.301444055618,11618.301444055618,2229659
2017-06-30,11756.31640625,11756.31640625,11492.834005335337,11668.488689875585,3411690
2017-07-03,11643.396484375,11756.317631998863,11618.303062282732,11756.317631998863,2023382
2017-07-04,11693.5849609375,11718.67838492712,11618.303940759928,11668.490788739164,2816797
2017-07-05,11718.67578125,11718.67578125,11655.941487005659,11668.488196212817,1552542
2017-07-06,12019.7998046875,12019.7998046875,11693.5845559127,11731.224690593404,5876357
2017-07-07,12195.453125,12396.2019835047,12044.892603434386,12069.986023695323,7472500
2017-07-10,12095.080078125,12220.54793421681,11944.518800456555,12095.080078125,5546424
2017-07-11,11944.5185546875,12069.9864081977,11793.957280116989,12019.79881786844,3137387
2017-07-12,12032.345703125,12069.985832921477,11806.503427928947,12019.798244984246,2316279
2017-07-13,12032.345703125,12032.345703125,12032.345703125,12032.345703125,0
2017-07-14,12220.5478515625,12283.28140507978,12145.266839133123,12258.187983672868,1652047
2017-07-17,12044.892578125,12220.547267791062,11969.611569291772,12220.547267791062,2764189
2017-07-18,11994.705078125,12044.892667120841,11881.78468635373,11944.51823733777,2646701
2017-07-19,11768.861328125,12120.170643836447,11693.58108113332,11994.70281730851,3004907
2017-07-20,11743.7705078125,11768.863929021993,11593.209232346908,11693.583665393515,2737168
2017-07-21,11593.2109375,11869.240107820624,11593.2109375,11793.959084911025,2025305
2017-07-24,11668.48828125,11693.582448055748,11543.021188264045,11593.208025458427,1822753
2017-07-25,11718.67578125,11768.862618078632,11593.207940969869,11668.488196212817,1809014
2017-07-26,11994.705078125,11994.705078125,11718.676705586622,11718.676705586622,2143527
2017-07-27,12095.080078125,12208.000475219847,11969.612222033189,12044.893234971734,3798261
2017-07-28,12182.90625,12207.99966992135,12019.798272302629,12095.079280275275,4921029
2017-07-31,12132.7197265625,12195.453278001884,12069.986175123118,12170.35985742613,2025458
2017-08-01,12295.828125,12408.74926962439,12095.080005385582,12157.813558949887,4445120
2017-08-02,12396.201171875,12521.668264964837,12220.54649334067,12333.466877121524,6565657
2017-08-03,12571.8564453125,12822.792154717956,12421.295917519592,12471.482760117227,6102724
2017-08-04,12571.8564453125,12647.136709208955,12433.842628169,12622.043287910135,2525273
2017-08-07,12509.1220703125,12571.855619438435,12471.48194083694,12571.855619438435,2341774
2017-08-08,12283.28125,12546.762919654691,12283.28125,12509.12278801954,4459135
2017-08-09,12145.2666015625,12270.734454351455,12082.533049272335,12270.734454351455,5625228
2017-08-10,12270.732421875,12283.279130254845,12044.890922829289,12044.890922829289,2664929
2017-08-11,12408.7490234375,12421.295733901437,12195.453449133318,12295.827881053441,1674580
2017-08-14,12346.015625,12546.763755299753,12346.015625,12546.763755299753,2360887
2017-08-15,12270.732421875,12346.01267215407,12170.358006627739,12346.01267215407,2505763
2017-08-16,12195.453125,12270.734133991415,12157.812994608597,12270.734133991415,2486650
2017-08-17,12144.212890625,12349.17840910919,12144.212890625,12297.937220469972,1954165
2017-08-18,12169.83203125,12246.693805027637,12016.1077197675,12144.211439990788,1111135
2017-08-21,12233.8837890625,12297.93603260198,12169.832309450263,12297.93603260198,1086190
2017-08-22,12067.3515625,12233.886206324205,12067.3515625,12221.075907870605,1272346
2017-08-23,12092.9697265625,12169.832265748413,12041.728543056717,12041.728543056717,1579441
2017-08-24,12221.0732421875,12246.693833506291,12092.969521666319,12144.211468231128,1324556
2017-08-25,12169.83203125,12259.504100657243,12169.83203125,12246.693805027637,1143652
2017-08-28,12195.4541015625,12195.4541015625,12105.78202127991,12118.592318463137,1737721
2017-08-29,12233.8837890625,12323.556624446874,12157.022013527816,12169.832309450263,2528357
2017-08-30,12246.693359375,12272.31394970189,12182.641883557779,12208.262473884668,983570
2017-08-31,12426.037109375,12502.89963719283,12246.692229702898,12246.692229702898,3404454
2017-09-01,12451.66015625,12464.470452761518,12374.798377180894,12451.66015625,820344
2017-09-04,12451.66015625,12451.66015625,12451.66015625,12451.66015625,0
2017-09-05,12426.037109375,12451.657697338567,12361.98563946608,12451.657697338567,1365805
2017-09-06,12349.177734375,12413.22921667438,12246.694598768718,12413.22921667438,1558953
2017-09-07,12272.3154296875,12374.798567281254,12272.3154296875,12297.936787031405,1465402
2017-09-08,12221.0732421875,12297.9357800711,12221.0732421875,12297.9357800711,1459876
2017-09-11,12131.4013671875,12349.177160818079,12118.591071322599,12221.073438241816,2574858
2017-09-12,12323.556640625,12323.556640625,12144.211733548054,12169.832325426583,2606490
2017-09-13,12490.08984375,12656.624436114173,12374.796429366448,12374.796429366448,5937361
2017-09-14,12387.609375,12554.144003005138,12387.609375,12554.144003005138,2616901
2017-09-15,12349.177734375,12426.039513134256,12297.936548535496,12374.798327294751,2425555
2017-09-18,12387.609375,12400.419672236756,12297.937294342715,12387.609375,2453064
2017-09-19,12400.4189453125,12515.712377612006,12400.4189453125,12426.039538284107,2654273
2017-09-20,12464.470703125,12490.092060589948,12387.608922512036,12464.470703125,1927846
2017-09-21,12656.6240234375,12707.865199747372,12490.089436503285,12528.52031873569,8145037
2017-09-22,12669.4365234375,12797.53948651666,12656.626227129584,12707.867412361247,4257071
2017-09-25,12515.712890625,12746.299000748351,12515.712890625,12746.299000748351,2274816
2017-09-26,12554.1435546875,12554.1435546875,12426.039822967306,12515.71266434963,2683340
2017-09-27,12554.1435546875,12656.626692849115,12477.28177401176,12554.1435546875,2652746
2017-09-28,12541.3330078125,12618.194786955484,12400.418982123083,12554.14330433633,2364337
2017-09-29,12490.08984375,12554.141316225776,12451.65819633738,12528.520727235466,1207739
2017-10-02,12349.177734375,12541.332945200413,12310.746844995372,12490.091759360908,2782081
2017-10-03,12259.5048828125,12349.177721868087,12208.263697024891,12349.177721868087,3321833
2017-10-04,12310.74609375,12349.176980784438,12246.69385143204,12272.314442788333,1582799
2017-10-05,12374.798828125,12541.333452770614,12297.93704625501,12400.419422081663,2009856
2017-10-06,12490.08984375,12502.900138245155,12374.796429366448,12374.796429366448,1740224
2017-10-09,12502.90234375,12554.143530769537,12451.660392803173,12554.143530769537,1788679
2017-10-10,12631.005859375,12631.005859375,12490.09258895686,12490.09258895686,3769652
2017-10-11,12784.73046875,12938.455567672852,12631.006133754488,12656.62749285986,7758222
2017-10-12,13066.556640625,13169.039006412173,12810.34919830261,12810.34919830261,6120220
2017-10-13,13117.7978515625,13143.418443064065,12964.074302553105,13117.7978515625,3293713
2017-10-16,13169.0400390625,13322.765127652072,13040.93707178334,13066.557665239174,3815451
2017-10-17,13194.662109375,13194.662109375,13040.938531433982,13194.662109375,2629633
2017-10-18,12938.4541015625,13297.143921264935,12938.4541015625,13169.039432036165,3777346
2017-10-19,12964.0751953125,13117.798754907932,12835.970701128406,12938.454602046595,2984053
2017-10-20,12887.212890625,12989.696799519139,12810.351104845413,12887.212890625,2342079
2017-10-23,12631.005859375,12887.212569517123,12631.005859375,12887.212569517123,3407874
2017-10-24,12631.005859375,12759.109596409724,12592.57496744278,12631.005859375,2684988
2017-10-25,12733.4873046875,12759.107895894305,12631.00417593306,12682.246122273891,2346415
2017-10-26,12707.8681640625,12784.729946456557,12554.143835347075,12759.109352325204,3327604
2017-10-27,12861.591796875,12861.591796875,12592.57479314567,12656.627042740132,2244070
2017-10-30,12810.3505859375,13015.316867568536,12784.729991715449,12861.591774381603,5212461
2017-10-31,12912.8310546875,13169.038486902684,12707.866331198873,12810.348692943187,4940631
2017-11-01,13015.314453125,13066.555632063459,12912.830567393738,12938.452684717311,2772281
2017-11-02,12938.4541015625,13169.039432036165,12759.108427784027,13040.936470661907,3800978
2017-11-03,13066.556640625,13066.556640625,12656.625649621852,12810.34919830261,3665079
2017-11-06,13169.0400390625,13271.522412885828,13040.93707178334,13169.0400390625,4911106
2017-11-07,13117.7978515625,13194.659626067198,13040.936077057802,13194.659626067198,3486159
2017-11-08,13578.9697265625,13578.9697265625,13066.556379993028,13117.797561864532,10338057
2017-11-09,13476.48828125,13707.075143240829,13425.24709588638,13681.454550559018,5253405
2017-11-10,13374.0068359375,13655.834902793049,13374.0068359375,13450.868619301384,4182023
2017-11-13,13835.1787109375,14040.144989198954,13297.144713264906,13374.006494667476,14561757
2017-11-14,13809.55859375,14219.489636566379,13707.076215009567,13963.282161860647,13226941
2017-11-15,14578.177734375,14603.798325974643,13835.177522276448,13860.79811387609,14246082
2017-11-16,14603.7978515625,15039.349422461757,14501.315488493126,14706.280214631874,11400066
2017-11-17,14526.9375,14680.661059638278,14321.97122596106,14680.661059638278,12000943
2017-11-20,14834.38671875,14860.007313010296,14321.971777834864,14373.212966355451,11610006
2017-11-21,14655.041015625,15064.972051212213,14655.041015625,14911.248485812494,10337416
2017-11-22,14860.005859375,14860.005859375,14603.798413980154,14603.798413980154,7927280
2017-11-23,14757.5244140625,15064.971534313021,14655.040512791087,14860.00678747934,10796654
2017-11-24,14834.38671875,14860.007313010296,14603.799842552726,14731.902813854196,7238682
2017-11-27,14911.248046875,15295.558476916105,14860.006859916795,14860.006859916795,8103238
2017-11-28,14731.9013671875,14911.247037252515,14655.039591954413,14860.00585376379,6999553
2017-11-29,15193.076171875,15295.558546255994,14706.281837856104,14860.006927282182,11740624
2017-11-30,14962.490234375,15372.421285307299,14962.490234375,15346.800690114947,9168025
2017-12-01,14962.490234375,15013.731424759702,14783.146068028544,14911.249043990298,5585231
2017-12-04,15064.9697265625,15141.833025256343,14936.866775163415,14988.10795572305,6730471
2017-12-05,14680.6611328125,15193.076056536644,14680.661132812502,15064.97156167832,10865688
2017-12-06,14552.560546875,14680.66353483875,14347.594238278174,14603.8017420605,10753603
2017-12-07,14373.2109375,14731.900734367766,14296.349165568568,14552.55659986109,5054883
2017-12-08,14219.48828125,14475.695731535574,14117.005912277573,14347.591242465533,5875014
2017-12-11,13707.0751953125,14142.626800412421,13707.0751953125,13963.281123103901,8354825
2017-12-12,13758.3154296875,14014.522867620499,13015.31523475079,13860.797793718926,9507728
2017-12-13,14014.5263671875,14040.146964593074,13758.318865276931,13912.042449710381,4964141
2017-12-14,14321.9697265625,14321.9697265625,13963.279930437307,13963.279930437307,3897247
2017-12-15,14475.6962890625,14552.558068752127,14219.488828909176,14347.591795058554,4920724
2017-12-18,14424.455078125,14655.040416802587,14373.212363897639,14603.79923042979,5476780
2017-12-19,14142.626953125,14526.937376816439,14065.765173957623,14424.45500459327,7582935
2017-12-20,14424.455078125,14603.79923042979,14142.62702522005,14142.62702522005,5986335
2017-12-21,14450.076171875,14706.28211261419,14373.212861798625,14552.558548170675,5634815
2017-12-22,14629.419921875,14706.28170195044,14398.834581648682,14450.075768365641,5306745
2017-12-25,14757.5244140625,14885.62738083355,14680.661106145297,14680.661106145297,7309182
2017-12-26,14629.419921875,14860.006789955894,14629.419921875002,14860.006789955894,3804489
2017-12-27,14526.9375,14731.90224618437,14501.316906726954,14731.90224618437,5199881
2017-12-28,14655.041015625,14757.524920412774,14475.696855991993,14526.938044458568,5850771
2017-12-29,14629.419921875,14757.524416521976,14603.799328516521,14655.04051523348,4762627
2018-01-01,14629.419921875,14629.419921875002,14629.419921875002,14629.419921875002,0
2018-01-02,15321.177734375,15321.177734375,14655.039306297052,14680.659897542017,15333860
2018-01-03,15321.177734375,15551.76458343412,15244.31596064011,15500.523400944194,8640456
2018-01-04,15628.6279296875,15628.627929687498,15346.799869781527,15372.420463604378,8502663
2018-01-05,15372.419921875,15654.247971849254,15346.799328955027,15628.62737892928,8706161
2018-01-08,15603.005859375,15603.005859374998,15193.074869145938,15269.936643341176,7721736
2018-01-09,15910.458984375,15961.70018166569,15449.285153048992,15628.630871421305,12243523
2018-01-10,15756.73046875,16141.040893458316,15654.248096255666,15884.83496222248,7971002
2018-01-11,15756.73046875,15859.214369098896,15551.765723761331,15654.248096255666,7389299
2018-01-12,15423.6591796875,15884.832850307312,15423.6591796875,15833.590143018388,8625250
2018-01-15,15628.6279296875,15679.869117333203,15295.558682135823,15398.04105742723,7010331
2018-01-16,15628.6279296875,15756.730898801758,15449.282245072935,15603.007335864648,4617659
2018-01-17,15116.2158203125,15654.24986453789,15116.2158203125,15628.629268520239,6897971
2018-01-18,15116.2158203125,15116.2158203125,14757.525948210661,14936.870120334213,10119323
2018-01-19,15090.58984375,15321.176676893812,15090.58984375,15116.211961080951,6114693
2018-01-22,15090.58984375,15090.58984375,15090.58984375,15090.58984375,0
2018-01-23,15090.58984375,15090.58984375,15090.58984375,15090.58984375,0
2018-01-24,15090.58984375,15090.58984375,15090.58984375,15090.58984375,0
2018-01-25,15654.2509765625,16038.561471982095,15603.0097808872,15756.7333679131,16390556
2018-01-26,15577.3876953125,15884.836367855893,15500.525909140326,15884.836367855893,4982216
2018-01-29,15449.283203125,15859.215785420867,15346.80082147838,15603.008303449624,4077419
2018-01-30,16397.244140625,16397.244140625,15244.313162650878,15321.17492227832,14409309
2018-01-31,16115.4189453125,16781.55736622431,16115.4189453125,16602.213229438905,12178703
2018-02-01,15782.3525390625,16269.146909682451,15782.3525390625,16115.421808698102,6370585
2018-02-02,15628.6279296875,15833.592680270314,15500.52496057324,15782.35149262461,5102849
2018-02-05,14629.419921875,15577.38645970248,14629.419921875002,15398.040778338547,11464581
2018-02-06,13886.419921875,14475.696635994173,13630.21245558128,13630.21245558128,16221529
2018-02-07,14501.3173828125,14680.661541611784,14347.592290272782,14603.799759269234,5718596
2018-02-08,14142.626953125,14603.799155983816,14091.385767013415,14347.591697571337,5217987
2018-02-09,14091.3876953125,14091.387695312498,13450.869725558576,13450.869725558576,6533842
2018-02-12,14629.419921875,14629.419921875002,13963.281438845375,14424.455175007162,3560108
2018-02-13,15116.2158203125,15193.077608365451,14808.767140245962,14911.249524316563,4422160
2018-02-14,15116.2158203125,15116.2158203125,15116.2158203125,15116.2158203125,0
2018-02-15,15116.2158203125,15116.2158203125,15116.2158203125,15116.2158203125,0
2018-02-16,15116.2158203125,15116.2158203125,15116.2158203125,15116.2158203125,0
2018-02-19,15116.2158203125,15116.2158203125,15116.2158203125,15116.2158203125,0
2018-02-20,15116.2158203125,15116.2158203125,15116.2158203125,15116.2158203125,0
2018-02-21,15218.697265625,15449.282615560305,15116.214887875974,15398.041426685793,4807174
2018-02-22,14962.490234375,15244.318309345545,14911.249043990298,15193.077118960842,4375476
2018-02-23,15500.52734375,15526.14794151197,14988.112332800922,14988.112332800922,4907167
2018-02-26,15474.90234375,15833.590610379388,15474.902343750002,15628.625886591168,7534633
2018-02-27,15321.177734375,15577.385174679084,15244.31596064011,15551.76458343412,4322197
2018-02-28,15321.177734375,15321.177734375,15321.177734375,15321.177734375,0
2018-03-01,15577.3876953125,15679.870076875399,15141.836045815486,15218.69783198766,6455313
2018-03-02,15654.2509765625,15705.4921722378,15372.422872493506,15500.527389536599,5620801
2018-03-05,15756.73046875,16525.351318166628,15705.489282502833,15705.489282502833,18396810
2018-03-06,16217.9013671875,16217.901367187502,15807.968893122028,16012.935130154765,7869848
2018-03-07,15936.072265625,16320.382596695605,15756.726629603152,16269.141422933417,6107732
2018-03-08,15936.072265625,16012.934026268284,15705.485455840962,15884.831091862812,4019896
2018-03-09,15782.3525390625,16166.662999741318,15756.731943540894,16064.180617654887,6315352
2018-03-12,15731.1064453125,16038.555023608045,15731.1064453125,15884.831498387386,4919533
2018-03-13,15398.0380859375,15679.866091456737,15218.693963787091,15679.866091456737,12700471
2018-03-14,15577.3876953125,15577.3876953125,15218.69783198766,15398.041999722733,6320909
2018-03-15,15526.1484375,15654.251430402144,15449.285113903828,15628.630831821716,3631310
2018-03-16,15398.0380859375,15577.383735942218,15295.55573042298,15526.142558184956,4356637
2018-03-19,15500.52734375,15526.14794151197,15346.802229323343,15423.664022609253,4082518
2018-03-20,15705.490234375,15961.697708993519,15372.420975727322,15423.662165080095,8919858
2018-03-21,15628.6279296875,15833.592680270314,15628.627929687498,15705.489711156055,3051621
2018-03-22,15398.0380859375,15731.107269213997,15398.0380859375,15628.624913699477,3861616
2018-03-23,15013.732421875,15269.939918668844,14860.008840511566,15116.216337305408,8651875
2018-03-26,15167.4560546875,15218.697243487477,15013.730960432938,15013.730960432938,2872610
2018-03-27,15244.31640625,15398.039958213307,15116.213446280577,15346.798774225537,3032661
2018-03-28,15090.58984375,15218.694318987382,15064.969254273394,15141.83255055756,2016481
2018-03-29,15244.31640625,15295.557590237768,15116.213446280577,15218.695814256114,2525884
2018-03-30,15551.765625,15705.489182765283,15218.696388654007,15269.937574575766,7434120
2018-04-02,15756.73046875,15807.971654997167,15628.627503132082,15756.73046875,6701312
2018-04-03,15679.8720703125,15731.113267608423,15603.010274368617,15679.8720703125,3483044
2018-04-04,15807.96875,16089.79675042304,15782.348161584658,15884.832043100305,7016193
2018-04-05,16141.0400390625,16320.385709288817,15756.72963469694,15884.834121388445,8775317
2018-04-06,16064.181640625,16474.112722929913,16064.181640625,16448.492125776782,11035173
2018-04-09,16243.5234375,16294.764619468613,16038.557181771112,16038.557181771112,4586607
2018-04-10,16499.732421875,16704.698715796956,16269.147060049358,16294.767655807762,13709079
2018-04-11,16141.0400390625,16755.937297189186,16141.0400390625,16602.213746584755,10064670
2018-04-12,16294.763671875,16294.763671875,15910.453301604864,16141.038607054339,4033666
2018-04-13,15884.8330078125,16371.625745122004,15884.8330078125,16371.625745122004,6554421
2018-04-16,15654.2509765625,15987.320276306795,15603.0097808872,15884.837884956194,3606029
2018-04-17,15884.8330078125,15884.8330078125,15603.004990273577,15756.728530101513,3374013
2018-04-18,15884.8330078125,16115.418317554404,15859.212417841176,15961.694777726469,3808123
2018-04-19,15551.765625,15910.455454306875,15551.765625,15884.834861345995,7258742
2018-04-20,15705.490234375,15756.731423727773,15449.282759756483,15628.628450345841,2969428
2018-04-23,14860.005859375,15807.97080998332,14655.039597488227,15705.488442967173,4462127
2018-04-24,14450.076171875,14988.110175281916,14373.212861798625,14706.28211261419,5651120
2018-04-25,14450.076171875,14450.076171875,14450.076171875,14450.076171875,0
2018-04-26,14091.3876953125,14783.146858189975,14091.387695312498,14578.180557841004,6203603
2018-04-27,14603.7978515625,14706.280214631874,14065.76391759387,14091.384508361214,4878192
2018-04-30,14603.7978515625,14603.7978515625,14603.7978515625,14603.7978515625,0
2018-05-01,14603.7978515625,14603.7978515625,14603.7978515625,14603.7978515625,0
2018-05-02,14603.7978515625,14860.005287090353,14552.556670027814,14808.764105555667,4183488
2018-05-03,14860.005859375,14860.005859375,14270.729193323195,14552.557230472079,6603700
2018-05-04,15064.9697265625,15116.212434976525,14911.246184883597,14988.10795572305,3575893
2018-05-07,15269.9365234375,15269.9365234375,15013.729083610726,15064.970266005192,2680867
2018-05-08,15116.2158203125,15269.939396418402,15064.973100422465,15167.4570123478,3401950
2018-05-09,14962.490234375,15141.83592857614,14885.628448797946,15013.731424759702,3067712
2018-05-10,14936.8671875,15218.695216212325,14860.005414538757,14962.487778487082,4720706
2018-05-11,15244.31640625,15244.31640625,14860.005998487239,14860.005998487239,3571100
2018-05-14,15782.3525390625,15807.973134584108,15269.939100775646,15398.042078383683,6144798
2018-05-15,15731.1064453125,15884.831498387386,15628.624095165394,15884.831498387386,2780921
2018-05-16,15500.52734375,15731.112723607734,15500.52734375,15628.630332559853,2054616
2018-05-17,15526.1484375,15731.113226143432,15474.907240339142,15474.907240339142,2197416
2018-05-18,15577.3876953125,15628.62888609395,15064.972731788615,15526.14650453105,2991961
2018-05-21,15628.6279296875,15987.317771062026,15628.627929687498,15679.869117333203,4530489
2018-05-22,15295.560546875,15756.732819764178,15244.319352982291,15628.629835032403,3363113
2018-05-23,15526.1484375,15628.630831821716,15244.320325260396,15372.42331816254,3288583
2018-05-24,15244.31640625,15679.867998000529,15244.31640625,15603.006222018876,3162118
2018-05-25,14780.4150390625,15415.156693048753,14780.4150390625,15415.156693048753,2093089
2018-05-28,13752.73828125,14568.83541731937,13752.73828125,14266.576348015196,5402828
2018-05-29,14327.0302734375,14568.837564519137,13556.272276009075,13752.740308170862,6240557
2018-05-30,13737.6240234375,14296.801273398492,13722.511463680228,14296.801273398492,4224038
2018-05-31,13903.869140625,14115.449737538403,13601.6115928539,13616.72415676882,2933871
2018-06-01,14039.8818359375,14115.446203963955,13813.188731858141,13903.865660016329,3428894
2018-06-04,14281.689453125,14342.13969528411,14009.657093937725,14054.994775557057,3055019
2018-06-05,14447.931640625,14538.608576797315,14266.576200912452,14357.254704452685,3578264
2018-06-06,14659.51171875,14659.51171875,14296.802418680996,14508.382974335238,2701560
2018-06-07,14447.931640625,14780.415829747377,14417.7065176902,14780.415829747377,3022123
2018-06-08,14493.26953125,14568.833898858238,14357.25335608162,14478.155403834136,2790104
2018-06-11,14357.25390625,14493.270086630508,14357.253906250002,14432.818276753856,1916611
2018-06-12,13994.546875,14357.256225483181,13813.191416074367,14357.256225483181,3337855
2018-06-13,14145.6728515625,14175.897971740433,13903.865620667948,13903.865620667948,1200374
2018-06-14,14085.224609375,14281.692642368833,14085.224609375002,14206.128255427846,1222251
2018-06-15,14054.994140625,14115.44594742103,13979.429773971902,13994.543901196723,1173771
2018-06-18,13722.5126953125,14175.898932929735,13722.5126953125,14175.898932929735,1841661
2018-06-19,13450.4833984375,13631.83730796592,12906.418535115765,13631.83730796592,5351188
2018-06-20,13722.5126953125,13722.5126953125,13299.351579922593,13571.382382072206,1727231
2018-06-21,13420.25390625,13722.51297144494,13329.576970375474,13722.51297144494,928636
2018-06-22,13601.6103515625,13601.6103515625,13269.126138936103,13390.029773958071,996338
2018-06-25,13631.833984375,13722.512484399034,13571.382173481597,13722.512484399034,1358134
2018-06-26,13450.4833984375,13541.160353201709,13390.031572805281,13450.4833984375,639454
2018-06-27,13390.02734375,13571.381196000308,13374.914783957098,13571.381196000308,682306
2018-06-28,12845.9638671875,13390.028610129551,12845.9638671875,13390.028610129551,3120278
2018-06-29,12543.7080078125,12997.09509144934,12543.7080078125,12845.965541114361,2017209
2018-07-02,12150.7705078125,12664.609350145927,12090.319478590414,12543.706508017802,2599316
2018-07-03,11788.0615234375,12286.787034481767,11788.0615234375,12150.770843527154,3586973
2018-07-04,12090.3193359375,12090.3193359375,11636.932311859597,11803.174403547748,2602422
2018-07-05,11939.1884765625,12120.543892955027,11636.931016609336,12090.317990222939,1888336
2018-07-06,12332.1259765625,12604.157567934235,11757.835319924488,11788.061226451115,2424697
2018-07-09,12135.658203125,12498.367520865464,12029.8679201437,12392.577237884163,1550302
2018-07-10,12211.22265625,12301.900378100638,12090.31981079979,12180.996748966454,661358
2018-07-11,11848.513671875,12090.320153309593,11667.159006720056,11939.190612610473,2128692
2018-07-12,11727.611328125,11984.531183705785,11636.934377424557,11667.160288886067,1817288
2018-07-13,12271.673828125,12332.12563952611,11878.738621385653,11939.18964910283,2815937
2018-07-16,12362.3505859375,12543.705222384204,12286.785435707821,12422.801608963819,1713080
2018-07-17,12664.6103515625,12664.6103515625,12256.56175770743,12301.901012814005,3444745
2018-07-18,12966.8681640625,12966.8681640625,12664.609870790362,12694.835778485975,2910083
2018-07-19,12845.9638671875,12966.867491700821,12755.286932486457,12755.286932486457,1999606
2018-07-20,12573.93359375,12785.514175080822,12468.143303084591,12785.514175080822,2260327
2018-07-23,12694.8369140625,12906.417503174072,12649.498440305464,12755.288734861251,2951554
2018-07-24,12694.8369140625,12694.8369140625,12694.8369140625,12694.8369140625,0
2018-07-25,12815.7392578125,13238.901202742578,12755.288223123081,12785.514132309803,3520598
2018-07-26,12861.0791015625,12997.095307280657,12725.062895844341,12906.417575573865,1905328
2018-07-27,13087.7724609375,13269.127143516454,12861.079303634824,12966.86960044622,3429824
2018-07-30,13087.7724609375,13148.223499341102,13057.546549893661,13117.998371981337,3178608
2018-07-31,12936.6435546875,13148.223362422947,12936.6435546875,13087.772324648848,4224649
2018-08-01,12694.8369140625,13012.20779772986,12664.611003663123,12906.417503174072,6455479
2018-08-02,12906.4169921875,12906.4169921875,12573.933558326054,12694.836411452754,1929408
2018-08-03,12876.1904296875,13027.319184349084,12815.738614349271,12997.094060363956,1911169
2018-08-06,12770.400390625,12906.416585913476,12770.400390625,12815.738861159825,929326
2018-08-07,12679.7216796875,12785.511951958282,12619.269871623084,12785.511951958282,1714620
2018-08-08,12845.9638671875,12876.189773315831,12664.609214101465,12679.722559007603,2028466
2018-08-09,12936.6435546875,13057.546413919765,12861.079169706825,12997.095376145664,3272861
2018-08-10,13027.3193359375,13133.109622168404,12906.41648753818,12936.642395559009,2116745
2018-08-13,13133.1103515625,13208.674733969312,13027.320059456155,13027.320059456155,2757898
2018-08-14,13390.02734375,13405.1399035429,13178.446804546144,13223.786051292593,4251464
2018-08-15,13238.900390625,13510.932772934111,13208.673699608456,13390.02914360385,4402188
2018-08-16,13300.763671875,13300.763671875,13130.637420680374,13269.831553294676,3660118
2018-08-17,13455.421875,13455.421875,13300.762895118987,13362.62632667254,2463964
2018-08-20,13517.2861328125,13702.878833789104,13347.16069324201,13455.42189915363,2536233
2018-08-21,13517.2861328125,13548.219051636199,13424.490584318462,13486.354817977332,1912841
2018-08-22,13625.5498046875,13702.879700655969,13517.286987938462,13532.754250323062,3060408
2018-08-23,13733.8115234375,13764.744445357717,13641.015965654231,13641.015965654231,2667947
2018-08-24,13749.2783203125,13764.743978754,13579.15126549008,13733.811057882362,1671954
2018-08-27,13733.8115234375,13764.744445357717,13671.947283585756,13702.880205505973,2145604
2018-08-28,13671.947265625,13749.278768329608,13625.550288788663,13702.880187504581,2415298
2018-08-29,13671.947265625,13733.811505395473,13594.617366909082,13656.481606679556,2058600
2018-08-30,13656.482421875,13671.948081743636,13594.61817841167,13671.948081743636,1678405
2018-08-31,13671.947265625,13888.471302827309,13641.01594773411,13656.481606679556,2727419
2018-09-03,13671.947265625,13671.947265625,13671.947265625,13671.947265625,0
2018-09-04,13641.015625,13826.60833992046,13610.084307840914,13641.015625,1684326
2018-09-05,13393.5615234375,13671.949034432299,13300.765953770719,13625.552051593355,2239379
2018-09-06,13099.70703125,13393.56099356008,13099.70703125,13331.696748233406,3202424
2018-09-07,13300.763671875,13300.763671875,13099.70530210005,13146.103078973381,1350780
2018-09-10,13161.5703125,13362.627892092729,13161.5703125,13362.627892092729,975125
2018-09-11,13347.162109375,13362.62776843349,13161.570190701372,13161.570190701372,1492848
2018-09-12,13316.228515625,13517.286071107112,13316.228515625,13455.421837730648,1267758
2018-09-13,13424.4912109375,13579.151000309506,13362.626974390976,13517.286763762982,1715575
2018-09-14,13780.208984375,13826.607561490064,13486.355071952905,13486.355071952905,7361388
2018-09-17,13641.015625,13764.74410161364,13641.015625,13764.74410161364,1499565
2018-09-18,13857.5400390625,13857.5400390625,13517.287520990256,13517.287520990256,2123090
2018-09-19,14058.5986328125,14120.46287376942,13857.54025069969,13919.40449165661,3589707
2018-09-20,14197.7939453125,14290.589512409324,13934.871300551169,13934.871300551169,2990210
2018-09-21,14197.7939453125,14244.190926866486,13981.269886094007,14244.190926866486,3523890
2018-09-24,14259.65625,14383.383121288087,14166.859091548144,14197.79201236164,2631601
2018-09-25,14197.7939453125,14259.658191373333,14166.861020287657,14228.72526634849,1982030
2018-09-26,14244.189453125,14476.180752847908,14182.326817453491,14228.723794207122,2731826
2018-09-27,14290.587890625,14383.38344719081,14244.18931034776,14244.18931034776,1993341
2018-09-28,14321.5224609375,14383.385103111004,14306.055196405268,14383.385103111004,1486237
2018-10-01,14228.7255859375,14367.919741703581,14213.259925072134,14321.52275910748,1379958
2018-10-02,14012.201171875,14228.725230548713,13996.735511395917,14182.328249111462,2269115
2018-10-03,14074.0634765625,14135.927713934827,13996.73358084425,14012.199239190173,990471
2018-10-04,14182.3251953125,14228.722166759355,14043.131072994927,14074.06238729283,1251244
2018-10-05,14104.99609375,14228.72296184383,14089.528831748252,14213.257303830676,1349930
2018-10-08,13919.4052734375,14074.06508252188,13919.4052734375,14074.06508252188,1358851
2018-10-09,13826.609375,13965.803520613454,13826.609375,13919.404937412712,1060509
2018-10-10,14012.201171875,14043.134096822016,13826.610038148303,13826.610038148303,1847051
2018-10-11,13207.96875,13733.812416968518,13084.241064241054,13610.08553320397,5782385
2018-10-12,13548.220703125,13610.08494432494,12898.64777451436,13146.103937319755,3658418
2018-10-15,13300.763671875,13610.08405568393,13300.763671875,13548.219818523283,1315946
2018-10-16,13378.0947265625,13455.423826722537,13207.968460626153,13455.423826722537,1602844
2018-10-17,13486.3564453125,13610.08492755997,13455.42352275627,13548.220686436234,1259315
2018-10-18,13486.3564453125,13610.08492755997,13424.492204188764,13517.287763880006,1886716
2018-10-19,13300.763671875,13455.422660788,13269.831553294676,13300.763671875,2456982
2018-10-22,13347.162109375,13517.287566995788,13331.69564832216,13424.492008656149,1139947
2018-10-23,13053.3076171875,13347.161542779317,12867.715706392368,13347.161542779317,3055496
2018-10-24,12929.580078125,13161.570584911282,12929.580078125,13006.909979722303,1493114
2018-10-25,12697.5888671875,12774.918759612188,12372.802837807238,12372.802837807238,2011766
2018-10-26,12620.2607421875,12914.114695352278,12620.2607421875,12836.7847920978,2441981
2018-10-29,12682.1220703125,12821.316193773746,12527.462289575233,12527.462289575233,1227614
2018-10-30,12682.1220703125,12929.578200688686,12635.724296490172,12713.054186858806,1201728
2018-10-31,12975.9794921875,12991.44515270026,12774.92109355507,12914.11524614761,863243
2018-11-01,12960.5126953125,13115.172504427737,12960.5126953125,13006.91047764819,1247208
2018-11-02,13269.8310546875,13300.763172105566,13006.908457631083,13099.704809885281,1576560
2018-11-05,13161.5703125,13300.764453291928,13053.308292105652,13177.03597170161,705218
2018-11-06,13037.8408203125,13223.432726317902,13022.375162309674,13207.967068315076,1250315
2018-11-07,12945.0458984375,13146.103472232679,12883.181659426213,13037.841454960095,1315707
2018-11-08,13037.8408203125,13115.170714315227,12975.977386306897,13068.77293831245,934902
2018-11-09,12759.4541015625,13022.37591680387,12743.987640669278,12929.579557427558,1686238
2018-11-12,12975.9794921875,12975.9794921875,12728.523310022365,12743.988970535125,725104
2018-11-13,12883.1826171875,12914.1147389927,12743.988470061304,12743.988470061304,1162965
2018-11-14,13068.7734375,13068.7734375,12867.71586581198,12960.511421362044,1997721
2018-11-15,13053.3076171875,13115.171052789665,12898.647023196292,12991.443379591017,1324283
2018-11-16,13223.4326171875,13269.831194801654,13068.772830458423,13146.102723822962,1698955
2018-11-19,13347.162109375,13362.62776843349,13238.90008998252,13300.76433020518,1051429
2018-11-20,13424.4912109375,13424.4912109375,13254.364961431711,13362.626974390976,1460617
2018-11-21,13424.4912109375,13424.4912109375,13207.96718501897,13238.899303292232,1362966
2018-11-22,13424.4912109375,13486.355447484024,13378.093434524759,13424.4912109375,858358
2018-11-23,13316.228515625,13439.956180383664,13300.762858278016,13331.694172971986,918786
2018-11-26,13130.638671875,13316.23059904735,13130.638671875,13316.23059904735,1283608
2018-11-27,13223.4326171875,13269.831194801654,13146.102723822962,13269.831194801654,907130
2018-11-28,13238.900390625,13254.3660500347,13161.570489587764,13223.433929220932,680315
2018-11-29,13269.8310546875,13455.42215520733,13269.8310546875,13393.55872236548,1390180
2018-11-30,13269.8310546875,13285.296712399393,13192.501162139477,13269.8310546875,859633
2018-12-03,13888.470703125,13888.470703124998,13362.627093764875,13362.627093764875,3017026
2018-12-04,13903.9384765625,14074.063931848363,13842.074237188908,13888.471213727593,2684647
2018-12-05,13795.6748046875,13903.937617902508,13733.810569134434,13749.277831014135,1608606
2018-12-06,13733.8115234375,13857.540003140986,13625.550306688468,13764.744445357717,1285334
2018-12-07,13950.3369140625,14027.66682038076,13795.67710142598,13795.67710142598,2026209
2018-12-10,13671.947265625,13919.40422470689,13671.947265625,13857.539984936418,1845192
2018-12-11,13625.5498046875,13764.743938228472,13579.151225510965,13702.879700655969,1016065
2018-12-12,13625.5498046875,13625.5498046875,13625.5498046875,13625.5498046875,0
2018-12-13,13795.6748046875,13996.733169237816,13764.743488905257,13903.937617902508,2072406
2018-12-14,13656.482421875,13857.540812133628,13641.016762006364,13795.676568670297,2091920
2018-12-17,13300.763671875,13641.015372269943,13300.763671875,13641.015372269943,2064627
2018-12-18,12991.443359375,13238.899507381548,12945.045582246996,13099.705374003219,2988617
2018-12-19,13022.375,13177.034786077787,12945.045106961106,12991.442882385585,1252040
2018-12-20,13006.91015625,13115.172180354415,13006.91015625,13084.240860891197,1224508
2018-12-21,13146.1025390625,13146.1025390625,12960.510637197132,12960.510637197132,1204861
2018-12-24,12991.443359375,13238.899507381548,12991.443359375,13177.035269881331,564265
2018-12-25,12836.78515625,12836.78515625,12682.124543359256,12805.85303367185,1944276
2018-12-26,12805.8525390625,12945.046684290768,12805.8525390625,12836.784660445936,885678
2018-12-27,12929.580078125,13068.774221797894,12929.580078125,13022.376441238388,1207649
2018-12-28,13053.3076171875,13053.3076171875,12929.579141994534,13006.909037992978,1027933
2018-12-31,13053.3076171875,13053.3076171875,13053.3076171875,13053.3076171875,0
2019-01-01,13053.3076171875,13053.3076171875,13053.3076171875,13053.3076171875,0
2019-01-02,12743.986328125,13037.840232893512,12728.520670818978,12929.578225768573,1218959
2019-01-03,12620.2607421875,12821.31833025027,12589.32862048683,12821.31833025027,1902566
2019-01-04,12713.0556640625,12821.31768355703,12527.463745213923,12558.39586535441,845800
2019-01-07,12929.580078125,13022.376441238388,12867.716638043783,12929.580078125,1084484
2019-01-08,12991.443359375,12991.443359375,12898.647003124675,12929.579121874784,784974
2019-01-09,13115.171875,13177.036116474846,12960.512073307249,13022.376314782096,820498
2019-01-10,13037.8408203125,13161.569292312299,13037.8408203125,13115.170714315227,550459
2019-01-11,13053.3076171875,13161.569631984186,13006.909037992978,13115.171052789665,1582613
2019-01-14,13146.1025390625,13177.03465637244,12991.442754507072,13084.239106436895,1057748
2019-01-15,13238.900390625,13238.900390625,13084.240588550529,13084.240588550529,901316
2019-01-16,13161.5703125,13300.764453291928,13161.5703125,13300.764453291928,495394
2019-01-17,12991.443359375,13223.433047009335,12991.443359375,13146.103151131223,1008286
2019-01-18,12991.443359375,13146.103151131223,12991.443359375,13022.375478125108,603081
2019-01-21,13146.1025390625,13238.898890992323,13053.306989126955,13053.306989126955,657906
2019-01-22,13099.70703125,13223.434719908933,13099.70703125,13146.104814247798,375628
2019-01-23,13099.70703125,13115.172691584461,13037.842785923325,13084.241370915539,513634
2019-01-24,13130.638671875,13177.03645316949,13099.706550347211,13115.172210113911,622515
2019-01-25,13115.171875,13177.036116474846,13084.240556256944,13115.171875,566761
2019-01-28,13022.375,13146.102668463373,13022.375,13146.102668463373,574354
2019-01-29,13146.1025390625,13146.1025390625,12991.442754507072,13115.170421752558,1143186
2019-01-30,13362.62890625,13424.493151740347,13115.172726283026,13146.104849028201,1829979
2019-01-31,13362.62890625,13424.493151740347,13269.833340008896,13393.561028995173,1373320
2019-02-01,13177.03515625,13362.627065155892,12836.783456921583,13362.627065155892,1592702
2019-02-04,13177.03515625,13177.03515625,13177.03515625,13177.03515625,0
2019-02-05,13177.03515625,13177.03515625,13177.03515625,13177.03515625,0
2019-02-06,13177.03515625,13177.03515625,13177.03515625,13177.03515625,0
2019-02-07,13177.03515625,13177.03515625,13177.03515625,13177.03515625,0
2019-02-08,13177.03515625,13177.03515625,13177.03515625,13177.03515625,0
2019-02-11,13656.482421875,13702.881005469695,13207.968661751838,13300.765026946834,2656133
2019-02-12,13579.1513671875,13795.675398956022,13579.1513671875,13610.084288290804,1862662
2019-02-13,13780.208984375,13919.40311173163,13610.083541600701,13610.083541600701,2987847
2019-02-14,13687.4140625,13888.47082992215,13687.4140625,13811.14093383933,1638076
2019-02-15,13671.947265625,13749.278768329608,13610.084629843219,13687.414528559137,1718390
2019-02-18,13671.947265625,13671.947265625,13671.947265625,13671.947265625,0
2019-02-19,13733.8115234375,13965.802823878708,13702.880205505973,13826.60868520946,3905173
2019-02-20,13873.005859375,13934.870100106427,13702.880400355114,13702.880400355114,1325982
2019-02-21,13857.5400390625,13888.471357074206,13702.88024102658,13826.608721050794,1991110
2019-02-22,13981.26953125,14043.133775740722,13733.812553287113,13857.541042268556,3302066
2019-02-25,14074.0634765625,14290.58750537133,14058.597818216576,14089.529134908425,2717808
2019-02-26,13981.26953125,14104.998020231444,13919.405286759278,14104.998020231444,1760843
2019-02-27,13950.3369140625,14058.599745301373,13888.472668210123,13981.269838983113,1289396
2019-02-28,13671.947265625,13950.33554259778,13671.947265625,13950.33554259778,3643152
2019-03-01,13795.6748046875,13795.6748046875,13656.480675690247,13780.209146796378,1568515
2019-03-04,13919.4052734375,13981.269517869014,13795.676784574473,13795.676784574473,2141967
2019-03-05,13888.470703125,13981.267860768083,13857.539386569717,13919.4036236689,2188509
2019-03-06,13795.6748046875,13950.334591575871,13749.277831014135,13903.937617902508,1845829
2019-03-07,13842.0732421875,13919.40313484866,13795.674664995378,13795.674664995378,993869
2019-03-08,13842.0732421875,13842.0732421875,13842.0732421875,13842.0732421875,0
2019-03-11,13764.7431640625,13873.004370734005,13749.277506536362,13811.140136640912,967797
2019-03-12,14383.3857421875,14383.3857421875,13842.076371196115,13842.076371196115,5126443
2019-03-13,14290.587890625,14445.247686230909,14290.587890625,14383.38344719081,2660009
2019-03-14,14306.052734375,14383.382627772486,14228.722840977514,14290.587076493219,1416384
2019-03-15,14228.7255859375,14321.52275910748,14151.395677621778,14306.055494253224,2766076
2019-03-18,14290.587890625,14367.917788427954,14213.257992822048,14321.520812139384,2639273
2019-03-19,14135.9287109375,14321.521436144276,14135.9287109375,14290.58851328211,2428573
2019-03-20,14058.5986328125,14197.79277396839,13996.73439185558,14104.99721452737,2116745
2019-03-21,13950.3369140625,14166.860972551398,13950.3369140625,14166.860972551398,2192332
2019-03-22,13934.8701171875,14043.13293959738,13934.8701171875,13950.335776392134,1825811
2019-03-25,13733.8115234375,13919.404242992729,13671.947283585756,13671.947283585756,1681990
2019-03-26,13842.0732421875,13919.40313484866,13764.743349526341,13919.40313484866,1025145
2019-03-27,13919.4052734375,13950.336593658853,13857.541029005986,13857.541029005986,1563896
2019-03-28,13965.802734375,14027.665369841587,13842.074255464462,13842.074255464462,962062
2019-03-29,14074.0634765625,14104.996397242978,14012.199239190173,14104.996397242978,1186117
2019-04-01,14166.861328125,14197.794253821998,14074.065759011784,14197.794253821998,869509
2019-04-02,14228.7255859375,14445.249650019303,14166.861338487144,14166.861338487144,3596132
2019-04-03,14599.90625,14599.90625,14228.72245106595,14352.450918706812,2745526
2019-04-04,14785.498046875,14909.226506946075,14615.3726172686,14692.702503815914,4556310
2019-04-05,14785.498046875,14816.429359898551,14677.235243315701,14785.498046875,1633350
2019-04-08,14785.498046875,14847.362276910539,14677.235243315701,14739.099473351238,1201808
2019-04-09,14630.837890625,15002.02165712915,14630.837890625,14785.497659669363,2686001
2019-04-10,14507.11328125,14630.84177089509,14460.714696635887,14538.046205655683,1941064
2019-04-11,14538.0458984375,14692.705705231177,14491.647314803882,14507.112974685493,955557
2019-04-12,14909.23046875,14971.094715224617,14491.648008037988,14491.648008037988,2323356
2019-04-15,14909.23046875,14909.23046875,14909.23046875,14909.23046875,0
2019-04-16,14816.43359375,14909.230767314666,14692.70670231194,14692.70670231194,2408077
2019-04-17,15002.0263671875,15311.346002390675,14909.230797424327,14940.162119349085,5202535
2019-04-18,15002.0263671875,15234.016093589882,14862.832210548291,15002.0263671875,2591085
2019-04-19,14986.5595703125,15125.753716401428,14971.093910522346,15063.88947325204,1205313
2019-04-22,14816.43359375,15002.026336890434,14785.50227188771,15002.026336890434,2193261
2019-04-23,14816.43359375,14986.56067595929,14692.70670231194,14816.43359375,1458652
2019-04-24,15017.4912109375,15048.424135167868,14878.29706187287,15002.025550816723,2270362
2019-04-25,15094.8193359375,15203.082151997007,14986.558123866616,15002.023782164082,2577094
2019-04-26,15326.810546875,15388.673179744068,15094.81925766154,15125.752178084687,2296434
2019-04-29,15326.810546875,15326.810546875,15326.810546875,15326.810546875,0
2019-04-30,15326.810546875,15326.810546875,15326.810546875,15326.810546875,0
2019-05-01,15326.810546875,15326.810546875,15326.810546875,15326.810546875,0
2019-05-02,15419.607421875,15527.868642664207,15357.74317971456,15404.141762332078,2349720
2019-05-03,15466.0048828125,15466.0048828125,15342.277998621938,15435.07356276206,2813149
2019-05-06,15079.3544921875,15280.412872881074,14986.558933401506,15156.684391840612,3863384
2019-05-07,15373.2080078125,15373.2080078125,15172.149632662302,15187.616895357445,2906897
2019-05-08,15357.7421875,15373.207846043735,15156.683814465496,15249.479369716555,2546189
2019-05-09,15032.9560546875,15357.742919530223,15032.9560546875,15342.277260249313,2285788
2019-05-10,15156.6845703125,15234.014470876182,15079.354669748818,15156.6845703125,2728879
2019-05-13,15311.3466796875,15404.143857544452,15156.686855244541,15156.686855244541,2258176
2019-05-14,15527.8671875,15713.459896588856,15187.616293486664,15280.411846036792,4143990
2019-05-15,15589.7314453125,15651.59568176057,15496.935892634696,15620.664365530836,4088527
2019-05-16,15357.7421875,15682.527432873037,15357.7421875,15589.731877621976,5021358
2019-05-17,15466.87890625,15658.256276339687,15414.683586834093,15658.256276339687,3590489
2019-05-20,15745.24609375,15762.643437974211,15484.274448074024,15484.274448074024,4325536
2019-05-21,15971.419921875,16023.613595373317,15780.04093194061,15832.236245769343,2453525
2019-05-22,15745.24609375,16058.40977209861,15745.246093749998,15988.818754871363,3774070
2019-05-23,15901.826171875,15936.622498594983,15727.846178605383,15745.245162130526,3059322
2019-05-24,15867.033203125,15988.819539663418,15745.24686658658,15832.23687263824,2449229
2019-05-27,15745.24609375,15814.837110977245,15536.468121077058,15762.643437974211,3045878
2019-05-28,15606.060546875,15797.439532151233,15571.264218612925,15658.254219102928,1251394
2019-05-29,15345.0888671875,15606.060508343544,15310.294179341707,15606.060508343544,3633235
2019-05-30,15501.6689453125,15553.864249059916,15275.495310284055,15345.086314730446,2380923
2019-05-31,15345.0888671875,15588.663164420646,15345.0888671875,15519.070508068318,1476802
2019-06-03,15136.3134765625,15345.08981822842,15136.3134765625,15310.295128226162,2128361
2019-06-04,15066.72265625,15205.907994581981,15049.325309123838,15136.31532541599,1296504
2019-06-05,15171.111328125,15275.500329590435,15136.314994303188,15136.314994303188,1207055
2019-06-06,15484.2763671875,15553.869033370427,15171.11100969493,15240.703675877858,2227151
2019-06-07,15727.8466796875,15745.245663766967,15553.86668087496,15588.66300870354,3149012
2019-06-10,15693.0478515625,15901.824144940316,15588.66052503864,15832.233140701108,2962342
2019-06-11,15727.8466796875,15867.031991001817,15623.457696201762,15693.050351858921,3129269
2019-06-12,15675.6513671875,15867.030330046016,15658.252384929352,15727.845033301573,3100354
2019-06-13,15501.6689453125,15693.047898282797,15484.271604283427,15675.650557253724,2066717
2019-06-14,15449.478515625,15623.458523651874,15449.478515625,15519.071174967927,1351149
2019-06-17,15327.6904296875,15484.273075143428,15275.496761312275,15345.087772369157,2446333
2019-06-18,15327.6904296875,15466.875732461773,15223.301452606796,15432.079406768204,1843239
2019-06-19,15536.46484375,15553.863824634398,15379.88221744069,15414.678538879432,1281202
2019-06-20,15797.4404296875,15797.4404296875,15536.468773059933,15606.061433538014,3272952
2019-06-21,15797.4404296875,15867.03309016558,15745.246754494174,15832.23675992654,2105794
2019-06-24,15710.44921875,15814.836561126729,15710.449218749998,15797.439217507388,1752680
2019-06-25,16180.1943359375,16197.59331859231,15588.66173227838,15658.252741906957,7891238
2019-06-26,16058.4091796875,16180.19550575536,16041.011836105094,16180.19550575536,2448553
2019-06-27,15797.4404296875,16041.013101030312,15762.64409944846,16023.614115745557,2949116
2019-06-28,15832.2353515625,16006.215346950758,15623.457388700203,15797.439024418783,5983916
2019-07-01,16388.974609375,16388.974609375,15971.420290753307,16006.216620665986,6157842
2019-07-02,16319.3798828125,16528.156195518037,16232.389889212713,16354.176208318464,3862481
2019-07-03,16284.583984375,16319.38031079351,16197.593988493873,16249.78765795649,3079452
2019-07-04,16336.7763671875,16423.767996547638,16284.582701835545,16354.175349191592,3079307
2019-07-05,16214.9921875,16354.177500521391,16145.40117131968,16284.584844010697,2746154
2019-07-08,16110.607421875,16319.38378449536,16023.615767146766,16180.198449194695,3145078
2019-07-09,16267.189453125,16301.984145227505,16041.014112475286,16110.60677734144,2395695
2019-07-10,16371.580078125,16510.76543564095,16284.590049842982,16336.783738746013,3094223
2019-07-11,16354.1748046875,16441.16479082119,16284.582159648506,16406.368468301695,2061576
2019-07-12,16354.1748046875,16510.757435860185,16284.582159648506,16388.971127206998,2997654
2019-07-15,16458.564453125,16545.556091857532,16301.981799868914,16336.77812729586,2838572
2019-07-16,16458.564453125,16632.546090259726,16441.167109576694,16475.96343700364,2799809
2019-07-17,16371.580078125,16528.162785164994,16354.182728600957,16458.57010640702,3119928
2019-07-18,16284.583984375,16388.972963630527,16284.583984375,16354.176637212018,2499167
2019-07-19,16771.734375,16806.530712002444,16319.385274629803,16336.782622965631,6786061
2019-07-22,16823.927734375,16928.315092851288,16684.742402632488,16771.73241480626,4237800
2019-07-23,16980.5078125,16980.5078125,16736.933519244758,16876.118829676325,2289447
2019-07-24,16910.9140625,17189.283025011646,16910.9140625,17171.88404216891,4713261
2019-07-25,16910.9140625,16910.9140625,16910.9140625,16910.9140625,0
2019-07-26,16910.9140625,16910.9140625,16910.9140625,16910.9140625,0
2019-07-29,16910.9140625,16910.9140625,16910.9140625,16910.9140625,0
2019-07-30,16910.9140625,16910.9140625,16910.9140625,16910.9140625,0
2019-07-31,16841.32421875,16841.32421875,16528.158878687536,16632.54787215186,2683665
2019-08-01,16823.927734375,16910.91774654877,16771.73241480626,16841.325080677514,2329296
2019-08-02,16980.5078125,17050.09882738544,16649.943520390203,16719.536175605987,3504347
2019-08-05,17050.09765625,17328.46661766221,16980.506646144622,17050.09765625,5604687
2019-08-06,17050.09765625,17050.09765625,17050.09765625,17050.09765625,0
2019-08-07,17311.068359375,17311.068359375,17032.699412689923,17050.096754213304,3008370
2019-08-08,17502.451171875,17606.83852466197,17345.86850236404,17345.86850236404,5033646
2019-08-09,17780.81640625,17885.203736882933,17398.05848638215,17502.447457345243,4227904
2019-08-12,18198.375,18302.764005325964,17641.63691892293,17780.82225935755,4387783
2019-08-13,18267.9609375,18511.53355316039,17989.591999555254,18128.77564836258,5401652
2019-08-14,18511.533203125,18685.513170926886,18372.34791661944,18441.940559872222,5322944
2019-08-15,18795.240234375,18795.240234375,18227.836717750368,18405.151361542146,5367620
2019-08-16,18440.609375,19539.953186463434,18440.609375,18795.235224549826,10936199
2019-08-19,18582.46484375,18688.853632945906,18156.913030475516,18440.614796576694,6878310
2019-08-20,19149.865234375,19149.865234375,18582.46179525642,18582.46179525642,5497642
2019-08-21,19008.01171875,19327.1763316643,18937.087549466705,19185.326321343575,4363888
2019-08-22,18795.240234375,19256.25663647909,18759.777305616644,19008.016135170605,4568130
2019-08-23,19291.71484375,19291.71484375,18653.387242273275,18830.700186279988,4509140
2019-08-26,19043.4765625,19220.791183000863,18972.55238605396,18972.55238605396,4238718
2019-08-27,18724.3125,19256.254706300813,18724.3125,19149.86593068978,3780635
2019-08-28,18476.076171875,18866.166729649118,18476.076171875,18795.240869734807,3711822
2019-08-29,18688.8515625,18724.31281654882,18405.14982782874,18511.53693348397,2348315
2019-08-30,18830.69921875,18937.087982740282,18759.77337608981,18795.236297419906,1709717
2019-09-02,18830.69921875,18830.69921875,18830.69921875,18830.69921875,0
2019-09-03,19043.4765625,19149.865334800517,18795.237765553098,18795.237765553098,3283090
2019-09-04,18866.162109375,19220.7896503446,18795.236266830245,19043.47504398271,3995279
2019-09-05,18653.384765625,18972.54935986435,18653.384765625,18937.08644142064,3001781
2019-09-06,18759.775390625,18866.164166039936,18546.999511549486,18759.775390625,2758077
2019-09-09,19078.9375,19291.71335069138,18617.922878209654,18795.23580849345,6052897
2019-09-10,19149.865234375,19291.715258277498,19008.013538718205,19220.7910822034,4179463
2019-09-11,19185.330078125,19220.793005587897,18937.091257639167,19149.8671506621,2847285
2019-09-12,20036.43359375,20036.43359375,19291.715524772902,19291.715524772902,9171571
2019-09-13,20142.8203125,20355.597854881784,19965.507365602803,20036.4332130634,5126305
2019-09-16,20461.984375,20568.37314317882,20107.35849124575,20178.282664944054,3233200
2019-09-17,20426.5234375,20603.838068364337,20249.21047839007,20320.136330735804,2883537
2019-09-18,20000.966796875,20532.90721643639,19965.50387933704,20532.90721643639,6258321
2019-09-19,20497.447265625,20497.447265625,19930.043846401728,20071.895537084667,3458078
2019-09-20,20639.30078125,20852.076664333967,20426.523226411646,20461.98615221804,3369715
2019-09-23,20036.43359375,20674.76288951485,20036.43359375,20568.3741163026,5582940
2019-09-24,19930.044921875,20213.746646795866,19788.19489529173,20000.970771043798,6124823
2019-09-25,20355.59765625,20355.59765625,19894.581324009065,19965.507170777557,3481442
2019-09-26,20461.984375,20568.37314317882,20284.671433122876,20461.984375,2395864
2019-09-27,20745.689453125,20852.078238576072,20355.60058331343,20426.5247685263,6059462
2019-09-30,20461.984375,21100.313640564433,20461.984375,21029.38779511189,5307979
2019-10-01,20745.689453125,20745.689453125,20426.5247685263,20461.98769700999,3968319
2019-10-02,20284.671875,20781.14946047451,20284.671875,20745.686536975718,5886888
2019-10-03,20284.671875,20355.597721997583,20000.970158763957,20071.896005761537,6769866
2019-10-04,20142.8203125,20391.06077861208,20107.35906052399,20391.06077861208,3068228
2019-10-07,19681.806640625,20284.67303095108,19681.806640625,20142.8213288723,5724668
2019-10-08,19894.580078125,19930.042999288406,19575.415459408512,19681.80422289873,3227552
2019-10-09,20000.966796875,20213.742630348755,19788.190963401245,19965.50387933704,2262849
2019-10-10,20000.966796875,20213.742630348755,20000.966796875,20071.892631950916,1950211
2019-10-11,20036.43359375,20178.28361961201,20000.97066934592,20107.359442558165,1917434
2019-10-14,20461.984375,20639.298988631366,20142.819742217784,20213.745587670328,5384877
2019-10-15,20355.59765625,20497.447678032713,20355.59765625,20497.447678032713,1602432
2019-10-16,20391.060546875,20568.3734917571,20355.59762354773,20497.44764510255,2001018
2019-10-17,20107.361328125,20391.06307820746,20071.89840039538,20355.60015047784,3913916
2019-10-18,20249.20703125,20426.519960174923,20071.894102325077,20142.818270842574,3493341
2019-10-21,20036.43359375,20355.598241632426,19965.507744941835,20355.598241632426,3042354
2019-10-22,19965.509765625,20071.898549604717,19752.733869420055,20036.43562161148,3703423
2019-10-23,20000.966796875,20213.742630348755,19859.115126723165,19859.115126723165,1804935
2019-10-24,20639.30078125,20639.30078125,20000.971460243712,20142.821491714894,5391780
2019-10-25,20568.373046875,20745.685987921923,20461.98427919431,20674.761814555695,3271215
2019-10-28,20603.8359375,20852.07472328262,20497.447169984203,20568.373014994733,3607940
2019-10-29,20532.912109375,20674.76381332972,20497.449183386318,20639.30088734104,2300236
2019-10-30,20497.447265625,20603.836033637202,20426.521420283534,20532.910188295737,2659987
2019-10-31,20532.912109375,20816.613845530046,20497.449183386318,20568.37503536368,3049354
2019-11-01,20745.689453125,20816.61531009238,20426.5247685263,20568.37648246106,4182697
2019-11-04,21242.16796875,21454.943859770177,20816.614514955192,20816.614514955192,14026947
2019-11-05,21206.705078125,21313.092187940994,21064.853369364406,21313.092187940994,2991740
2019-11-06,21100.314453125,21419.47909819806,21100.314453125,21206.703225400786,3745010
2019-11-07,21100.314453125,21242.166149492718,20993.92568084921,21100.314453125,3470870
2019-11-08,21135.77734375,21206.70319182155,20993.92564760689,21206.70319182155,2943516
2019-11-11,21277.626953125,21490.404493189497,21100.314008158857,21171.239854847023,5262893
2019-11-12,21632.255859375,21738.644636019893,21277.62827564639,21277.62827564639,6861101
2019-11-13,21454.94140625,21738.643119085147,21454.94140625,21703.18019601147,3219635
2019-11-14,20674.765625,21632.258023579092,20391.063863984986,21454.94504985266,11583945
2019-11-15,20781.150390625,20852.076240797174,20461.98573660457,20674.76328712109,6198294
2019-11-18,20391.060546875,20852.07520662102,20249.208853565906,20710.223513311925,6745898
2019-11-19,20674.765625,20674.765625,20391.063863984986,20391.063863984986,2557891
2019-11-20,20142.8203125,20639.29957296987,20071.896136793694,20639.29957296987,5531457
2019-11-21,19859.12109375,20249.211632123206,19823.659837311072,20142.82284754292,7974508
2019-11-22,19859.12109375,20249.211632123206,19681.80812453736,19965.509878330282,3924125
2019-11-25,20071.8984375,20213.748476926212,19788.196686893094,19894.58379852413,2626003
2019-11-26,20249.20703125,20284.669951385808,20142.818270842574,20213.74411111419,2338057
2019-11-27,20213.74609375,20355.59778820655,20178.283170135863,20284.671940978275,1960542
2019-11-28,19859.12109375,20178.28577573635,19788.196909117643,20178.28577573635,3308650
2019-11-29,20000.966796875,20142.816795272836,19788.190963401245,19859.115126723165,1784564
2019-12-02,19362.642578125,20036.434840210335,19362.642578125,20036.434840210335,4808865
2019-12-06,19504.4921875,19646.342206935158,19398.103419107945,19504.4921875,1342363
2019-12-09,19610.87890625,19788.19351682003,19504.4918116622,19575.415984135994,1691857
2019-12-10,19681.806640625,19788.195417184088,19433.5678337415,19610.880789585608,1923903
2019-12-11,20036.43359375,20071.896518154084,19575.417248251244,19681.806021463493,2119069
2019-12-12,20213.74609375,20284.671940978275,20107.35899466187,20142.820246521725,2274627
2019-12-13,20249.20703125,20391.058711793234,20178.28119097838,20284.669951385808,4058999
2019-12-16,20036.43359375,20249.209468420177,20000.97066934592,20249.209468420177,2336706
2019-12-17,19646.341796875,20000.969345692443,19539.95470245771,19930.043501578115,5337401
2019-12-18,19681.806640625,19859.119596469103,19504.493684780893,19646.343715105304,2467911
2019-12-19,19788.19140625,19930.041407822362,19646.339732923603,19681.802651255202,1973913
2019-12-20,20036.43359375,20107.359442558165,19788.194794675743,19859.118971729586,1875630
2019-12-23,19894.580078125,20213.744696841488,19859.117156961594,20178.281775678082,1848839
2019-12-24,20000.966796875,20036.42971441296,19894.578044261125,20000.966796875,1670472
2019-12-25,20391.060546875,20532.910568429827,20000.97006202926,20000.97006202926,3872305
2019-12-26,20355.59765625,20603.83644818545,20355.59765625,20497.447678032713,2714125
2019-12-27,20426.5234375,20497.449289845736,20142.821699871467,20355.59925690867,2425358
2019-12-30,20781.150390625,20887.539165883263,20426.52281151848,20497.448661690654,6953808
2019-12-31,20674.765625,20816.61566963024,20568.376837711417,20781.152740534042,1663062
2020-01-01,20674.765625,20674.765625,20674.765625,20674.765625,0
2020-01-02,20781.150390625,20923.00209096935,20568.374511862832,20674.76328712109,2164349
2020-01-03,20426.5234375,20958.465658338602,20355.59925690867,20887.53980599287,4942821
2020-01-06,20213.74609375,20426.52196368054,20142.820246521725,20249.209017364137,2634861
2020-01-07,20603.8359375,20603.8359375,20213.74546169632,20320.13422921211,2020786
2020-01-08,20142.8203125,20461.984954318385,20142.8203125,20391.06077861208,4379022
2020-01-09,20426.5234375,20461.986363672866,20249.21047839007,20320.136330735804,2334099
2020-01-10,20391.060546875,20497.44764510255,20249.208853565906,20391.060546875,2458642
2020-01-13,20249.20703125,20426.519960174923,20213.74411111419,20355.595791657423,1898946
2020-01-14,20213.74609375,20355.59778820655,20213.74609375,20249.209017364137,1741867
2020-01-15,20213.74609375,20249.209017364137,20142.820246521725,20213.74609375,2270910
2020-01-16,20568.373046875,20639.298891995462,20213.745493026923,20213.745493026923,4689608
2020-01-17,20426.5234375,20603.838068364337,20213.747552217203,20568.375142191468,3352071
2020-01-20,20355.59765625,20568.373524801205,20284.671809481504,20391.060579634246,2961763
2020-01-21,19681.806640625,20568.374763354273,19681.806640625,20497.44891231488,10503677
2020-01-22,20036.43359375,20036.43359375,19398.10429798515,19504.4930711974,7640703
2020-01-23,20036.43359375,20036.43359375,20036.43359375,20036.43359375,0
2020-01-24,20036.43359375,20036.43359375,20036.43359375,20036.43359375,0
2020-01-27,20036.43359375,20036.43359375,20036.43359375,20036.43359375,0
2020-01-28,20036.43359375,20036.43359375,20036.43359375,20036.43359375,0
2020-01-29,20036.43359375,20036.43359375,20036.43359375,20036.43359375,0
2020-01-30,19398.103515625,19788.193996582544,19114.401803588855,19610.879381713545,6368262
2020-01-31,18440.609375,19469.027347851836,18440.609375,19149.86274585373,9939684
2020-02-03,18263.296875,18617.924437013255,17376.728805843995,17589.506346104514,8696231
2020-02-04,18369.685546875,18582.461414243153,18085.983833132705,18582.461414243153,3985962
2020-02-05,18440.609375,18724.309385938228,18440.609375,18546.996461163315,3979156
2020-02-06,19008.01171875,19008.01171875,18369.68416467554,18617.922936552408,4123805
2020-02-07,18901.623046875,18972.548881975912,18724.308459122723,18795.234294223632,2941392
2020-02-10,18653.384765625,18795.2347676458,18476.070173406446,18582.45892873758,1781475
2020-02-11,19008.01171875,19043.474639268716,18688.84877758984,18759.77294687313,2619704
2020-02-12,19185.330078125,19398.105971147932,19043.4783682734,19078.941295736302,2666745
2020-02-13,19256.25390625,19327.17808195627,19043.476363868325,19185.32805878944,2487413
2020-02-14,19327.17578125,19327.17578125,19149.862855460215,19185.32577496899,2134226
2020-02-17,19220.791015625,19362.641039036145,19149.86516804228,19362.641039036145,1753235
2020-02-18,19859.12109375,19859.12109375,19256.25632972523,19291.71758616416,4250255
2020-02-19,19752.732421875,19930.045377092632,19681.8065710862,19823.658272663797,1644284
2020-02-20,19788.19140625,20000.96724448556,19681.802651255202,19894.578489490763,1884585
2020-02-21,19398.103515625,19823.656919556342,19398.103515625,19823.656919556342,3519167
2020-02-24,18617.921875,19114.3993904457,18617.921875,18830.69771422615,5459603
2020-02-25,19149.865234375,19149.865234375,18440.61177135392,18476.07302351382,3397713
2020-02-26,19504.4921875,19575.416361340456,18795.237075061475,18937.088766250876,7774949
2020-02-27,19859.12109375,20036.43573471714,19362.643442551012,19504.495155324723,7064787
2020-02-28,19539.953125,19752.72896841142,19362.638529028754,19504.49020580575,5146338
2020-03-02,19752.732421875,19930.045377092632,19433.56776507977,19539.956541262967,4313299
2020-03-03,19823.65625,20213.745046027798,19752.730406447965,19930.043343573856,2881389
2020-03-05,19362.642578125,19823.658952303438,19362.642578125,19681.807245862557,3129148
2020-03-06,19149.865234375,19256.254006117597,18972.552286558304,19220.7910822034,3149857
2020-03-09,17837.74609375,18440.612479948377,17837.74609375,18156.910749487633,11428869
2020-03-10,18334.22265625,18440.611426000156,17837.745074257793,18085.983865253897,4900486
2020-03-11,18015.056640625,18617.922946248866,17554.042017149877,18440.61001531708,6645467
2020-03-12,17057.564453125,17483.117869024853,16773.862733109865,17234.879072980897,9610272
2020-03-13,17075.296875,17731.356793845818,16029.146461392413,16064.609385621146,7045719
2020-03-16,16880.251953125,17624.96836102604,16844.789028212424,17075.29720426699,4583384
2020-03-17,17199.416015625,17199.416015625,16490.16088521042,16667.475503691207,5972886
2020-03-18,17163.955078125,17412.19390096977,17146.224450102294,17376.730973169877,3965109
2020-03-19,16915.716796875,17057.566840861742,16880.253867939682,16880.253867939682,3129486
2020-03-20,16915.716796875,17110.762070141987,16791.597381478652,17093.02976979706,3116863
2020-03-23,15745.4453125,16632.013435229273,15745.4453125,16348.31170282608,6822579
2020-03-24,15780.9091796875,15958.222146112104,15426.281575083814,15958.222146112104,5289467
2020-03-25,16312.84765625,16454.69934858041,16011.41531767927,16312.84765625,5145349
2020-03-26,15674.5205078125,16259.656310316634,15674.5205078125,16135.5368985893,5692084
2020-03-27,15284.4306640625,15745.445353510557,15213.504812838375,15745.445353510557,6356894
2020-03-30,14326.935546875,14575.174334636573,14220.546778511078,14362.398469662974,5207862
2020-03-31,14575.1748046875,15036.191144044744,14220.547237125229,14717.02650041413,4013985
2020-04-01,15000.73046875,15319.895160223985,14468.789873544874,14468.789873544874,3507074
2020-04-02,15000.73046875,15000.73046875,15000.73046875,15000.73046875,0
2020-04-03,15816.3720703125,15834.102698211682,15142.579790317644,15248.968572976139,5001038
2020-04-06,16844.787109375,16844.787109375,16135.5337071796,16312.846639789912,6562632
2020-04-07,16773.86328125,16915.71498177018,16490.161551963996,16844.78913151009,5946722
2020-04-08,16614.28125,16685.207101523523,16224.192410129377,16348.311814418355,3805495
2020-04-09,16614.28125,16880.252357336027,16490.161845711023,16667.476474519837,5170885
2020-04-10,16454.701171875,16667.477062193393,16277.386536814303,16525.625354144835,4542497
2020-04-13,16490.16015625,16667.474766892457,16348.310139490248,16454.69890587572,3029972
2020-04-14,17554.04296875,17554.04296875,16667.47492252217,16880.250785525666,9828416
2020-04-15,17766.8203125,18015.05911865217,17678.163834839135,17908.670342406513,5322533
2020-04-16,17837.74609375,18015.05904838008,17483.11851273548,17624.96854208867,3640910
2020-04-17,18156.908203125,18192.369451674367,17802.280671844183,18156.908203125,6351777
2020-04-20,18192.37109375,18440.611558281085,17979.595224477634,18405.148634776644,5405997
2020-04-21,17483.119140625,18050.522621924243,17341.267434422978,17908.67091572222,9019850
2020-04-22,18121.4453125,18156.908232861573,17270.340239084613,17305.80315944619,5903397
2020-04-23,18085.984375,18511.536122486104,18085.984375,18476.073198236543,3290765
2020-04-24,18085.984375,18156.910223499122,17766.819728508264,18050.52145075044,3406547
2020-04-27,17979.59375,18263.295443015326,17908.66790880763,18263.295443015326,3426749
2020-04-28,17979.59375,18015.056670596183,17802.280818773223,17979.59375,2351622
2020-04-29,18015.056640625,18227.83249209397,17908.667879013447,18015.056640625,3256540
2020-04-30,18015.056640625,18015.056640625,18015.056640625,18015.056640625,0
2020-05-01,18015.056640625,18015.056640625,18015.056640625,18015.056640625,0
2020-05-04,17908.66796875,18050.519651609528,17660.42919549997,17802.280878359503,2161476
2020-05-05,18050.521484375,18085.984408690623,17873.20853455121,18015.05856005938,1636416
2020-05-06,18759.775390625,18830.701240901624,18085.98482826015,18085.98482826015,8375653
2020-05-07,18972.55078125,18972.55078125,18582.460320898426,18795.236175747392,4901403
2020-05-08,19043.4765625,19539.955828148115,19008.01363839983,19008.01363839983,8653630
2020-05-11,19149.865234375,19291.715258277498,18901.62643872991,19149.865234375,5115516
2020-05-12,19291.71484375,19291.71484375,19008.0131302867,19149.86482289548,6826200
2020-05-13,20502.8671875,20585.959513874255,19692.72466912369,19734.269129250224,14384827
2020-05-14,20232.822265625,20399.005236538746,20149.729928637724,20336.68683532869,5451442
2020-05-15,20232.822265625,20232.822265625,20232.822265625,20232.822265625,0
2020-05-18,20232.822265625,20232.822265625,20232.822265625,20232.822265625,0
2020-05-19,20648.275390625,20648.275390625,20191.271057384994,20440.54630306685,6042529
2020-05-20,20648.275390625,20648.275390625,20648.275390625,20648.275390625,0
2020-05-21,20482.095703125,20482.095703125,20295.138813506714,20315.91274738689,4212432
2020-05-22,20128.95703125,20357.460098889285,20128.95703125,20357.460098889285,3634546
2020-05-25,20128.95703125,20191.275430402256,19858.90949954971,20149.7292632805,4266875
2020-05-26,20274.3671875,20274.3671875,20087.41029230453,20149.728689682783,3391001
2020-05-27,19941.99609375,20523.638909587513,19941.99609375,20315.909819091376,4404515
2020-05-28,19941.99609375,20191.271342957447,19941.99609375,20025.08841117262,2506773
2020-05-29,19921.228515625,19983.546916707142,19734.271609317766,19942.00074829878,2825351
2020-06-01,20066.63671875,20087.408948799875,19941.99822926897,19941.99822926897,2724566
2020-06-02,19941.99609375,20149.725184246137,19941.99609375,20066.63456988393,3057395
2020-06-03,20212.048828125,20336.685623115853,19900.455137587152,19941.99960054363,3973168
2020-06-04,20108.181640625,20315.91074054293,20108.181640625,20315.91074054293,2644623
2020-06-05,20232.822265625,20232.822265625,20004.320893501204,20108.185463204896,2594545
2020-06-08,20232.822265625,20232.822265625,20232.822265625,20232.822265625,0
2020-06-09,20232.822265625,20232.822265625,20232.822265625,20232.822265625,0
2020-06-10,20274.3671875,20357.459519378146,20108.18422680442,20357.459519378146,2744274
2020-06-11,19111.08203125,20274.366099833336,19111.08203125,20274.366099833336,8978824
2020-06-12,19526.541015625,19526.541015625,18695.624521603568,18695.624521603568,6601694
2020-06-15,19111.08203125,19941.99849321212,19069.537570600383,19941.99849321212,2534310
2020-06-16,19360.35546875,19443.4477882661,19235.718692536306,19360.35546875,2310220
2020-06-17,19256.4921875,19422.675134402594,19214.94602500921,19401.902904687482,1655182
2020-06-18,19360.35546875,19401.90162850805,19173.400304429455,19235.718692536306,1727276
2020-06-19,19526.541015625,19526.541015625,19360.35805743285,19360.35805743285,1564598
2020-06-22,19526.541015625,19526.541015625,19464.22261918553,19526.541015625,1652139
2020-06-23,19755.041015625,20108.180811537142,19422.67344762399,19505.765765389348,3554813
2020-06-24,19609.634765625,19921.228473436637,19547.316364674833,19900.456240806852,1273976
2020-06-25,19443.447265625,19568.08403848845,19360.354948342425,19381.128879193275,1533829
2020-06-26,19464.220703125,19588.859186795195,19401.90231282016,19443.44847404356,1265329
2020-06-29,19131.85546875,19360.35680864273,19048.76314348324,19360.35680864273,2689034
2020-06-30,18965.671875,19277.265529541575,18861.80732348614,19173.400978027716,3345939
2020-07-01,19194.173828125,19235.71999068685,19027.990880938156,19111.081503001293,1818952
2020-07-02,19173.3984375,19235.716819538855,19090.306126074665,19235.716819538855,1131593
2020-07-03,19214.947265625,19318.811827027723,19152.6288693955,19318.811827027723,1111864
2020-07-06,19443.447265625,19505.765652056725,19235.718175478974,19318.80878970114,2287511
2020-07-07,19713.5,19900.456912218953,19526.543087781043,19526.543087781043,5748948
2020-07-08,19817.36328125,19900.45561527893,19651.180316252892,19651.180316252892,3090724
2020-07-09,20087.41015625,20108.184090609186,19858.908799723835,19900.45496538151,4824948
2020-07-10,20087.41015625,20087.41015625,20087.41015625,20087.41015625,0
2020-07-13,20212.048828125,20336.685623115853,19838.135037031014,19941.99960054363,5588053
2020-07-14,20170.501953125,20295.138743734937,20066.637393263172,20066.637393263172,3252186
2020-07-15,20170.501953125,20170.501953125,20170.501953125,20170.501953125,0
2020-07-16,20191.2734375,20253.593533561947,20108.182814518383,20170.50120751974,2225848
2020-07-17,19983.544921875,20149.727875858644,19983.544921875,20149.727875858644,2755944
2020-07-20,19692.72265625,20025.088521653357,19671.948725249527,19983.542362712833,4301883
2020-07-21,19858.908203125,19921.226598209003,19630.4051504028,19734.26970989635,1973361
2020-07-22,19692.72265625,19941.99620377231,19651.176497309476,19941.99620377231,1716593
2020-07-23,19838.1328125,19838.1328125,19568.085318260873,19692.72380233621,1928027
2020-07-24,19069.5390625,19755.044856636963,18861.809930757845,19692.72645772647,6654353
2020-07-27,18155.525390625,19069.53400931403,18113.979234673625,18695.620308811966,6872230
2020-07-28,18986.447265625,19027.993433760745,18342.48591717293,18446.350485981897,4100041
2020-07-29,18508.669921875,18654.080653572917,18197.07622669121,18446.349820389652,3261966
2020-07-30,18757.9453125,18757.9453125,18529.442246385337,18529.442246385337,1284973
2020-07-31,18487.89453125,18778.71597174593,18280.165417484506,18280.165417484506,2321805
2020-08-03,19069.5390625,19069.5390625,18487.896131173366,18487.896131173366,2921959
2020-08-04,19339.5859375,19443.450499849852,19194.17520959807,19318.812003193616,2206497
2020-08-05,19526.541015625,19588.861115125153,19214.947330366966,19318.811892119644,2788307
2020-08-06,19443.447265625,19630.40242492018,19401.901106983714,19526.537879847165,2421310
2020-08-07,19568.087890625,19858.909355304157,19443.451093225784,19443.451093225784,2694218
2020-08-10,19609.634765625,19858.910072486473,19568.08859730462,19671.953166575167,2435393
2020-08-11,19526.541015625,19713.497908004094,19526.541015625,19713.497908004094,2538906
2020-08-12,19734.271484375,19734.271484375,19484.997881624648,19568.0885148545,2588312
2020-08-13,19921.228515625,19921.228515625,19734.271609317766,19817.363946134494,3587071
2020-08-14,19858.908203125,20025.091157702558,19713.497479221896,19983.544993293006,3428968
2020-08-17,19943.7734375,19943.7734375,19731.605671982994,19901.3412759572,2201271
2020-08-18,19880.123046875,20007.424747237532,19858.906966539933,19943.77302733091,1312174
2020-08-19,19880.123046875,19964.990847116685,19795.256986084027,19901.34086666078,1841052
2020-08-20,19964.990234375,20134.724090198393,19880.122436737976,19901.34025587256,3829127
2020-08-21,20113.509765625,20155.941928695498,20028.641960582387,20049.858042117634,2644938
2020-08-24,20559.0625,20622.71248748232,20304.460810619817,20346.894715424998,7430219
2020-08-25,20728.79296875,20771.226866572484,20601.49301473316,20622.709093919097,6935866
2020-08-26,20537.841796875,20728.791716363496,20452.97400635755,20707.575638459388,2789294
2020-08-27,21153.12890625,21259.212783278377,20474.19174537825,20474.19174537825,7818036
2020-08-28,21174.349609375,21683.55124479655,21174.349609375,21301.649583367664,8414916
2020-08-31,21004.615234375,21344.082983298053,20940.963509432433,21174.349108836526,4073029
2020-09-01,21174.349609375,21428.951296811218,20940.964004453926,21004.61573090115,3688465
2020-09-02,21174.349609375,21174.349609375,21174.349609375,21174.349609375,0
2020-09-03,21386.513671875,21428.947568974272,21174.34592582923,21386.513671875,4788450
2020-09-04,21216.783203125,21216.783203125,21004.615423277275,21004.615423277275,3229036
2020-09-07,20580.275390625,21216.7803850774,20580.275390625,21195.562566240293,4766328
2020-09-08,21004.615234375,21004.615234375,20580.277939044907,20686.363567465567,3418684
2020-09-09,20877.310546875,21004.612239156297,20622.708901763006,20643.926720201856,3128944
2020-09-10,20877.310546875,21131.912191986994,20834.876649447902,21004.612239156297,2111295
2020-09-11,20877.310546875,20877.310546875,20877.310546875,20877.310546875,0
2020-09-14,20919.7421875,21004.60997319874,20834.87440180126,20898.52611080052,2366195
2020-09-15,21216.783203125,21216.783203125,20919.74761555784,21004.615423277275,4001859
2020-09-16,21428.94921875,21556.249180397816,21216.781456369823,21216.781456369823,4025785
2020-09-17,21216.783203125,21428.950982972725,21174.349299265283,21344.083175253287,3280457
2020-09-18,21725.984375,21810.852180937825,21216.782757725545,21259.214921243627,6940168
2020-09-21,21725.984375,21938.15215039373,21725.984375,21768.41827796891,3211700
2020-09-22,21768.419921875,21768.419921875,21471.38431811193,21556.252130458794,3422252
2020-09-23,21683.552734375,21853.28836395994,21556.252751637305,21768.42054916747,3772984
2020-09-24,21428.94921875,21641.116981130177,21301.64751765146,21513.81528003164,3627536
2020-09-25,21556.251953125,21556.251953125,21216.784185432112,21513.818047300654,2530217
2020-09-28,21683.552734375,21768.42054916747,21471.384936844835,21598.68665903354,2754265
2020-09-29,21301.6484375,21810.851784981147,21301.6484375,21810.851784981147,3988762
2020-09-30,21216.783203125,21386.517079113008,21110.699313201138,21301.64927139357,5247669
2020-10-01,21556.251953125,21556.251953125,21301.650257629863,21301.650257629863,1900491
2020-10-02,21344.078125,21683.545796654074,20792.442723699518,21556.24585464641,4088351
2020-10-05,21428.94921875,21556.249180397816,21174.347556003642,21386.51531838382,3144769
2020-10-06,21428.94921875,21598.683080763996,21344.08141801764,21556.249180397816,3190796
2020-10-07,21386.513671875,21513.813623722224,21301.64587767646,21301.64587767646,3135009
2020-10-08,21683.552734375,21853.28836395994,21344.08495410714,21428.95276889961,6427996
2020-10-09,21556.251953125,21725.985836971446,21556.251953125,21641.119764773695,2462950
2020-10-12,21598.685546875,21810.85333348023,21471.38383124131,21598.685546875,3254578
2020-10-13,21513.81640625,21641.118114012606,21428.950340525742,21598.684211425072,2565162
2020-10-14,21641.119140625,21810.853019576174,21386.517452472795,21556.251331423966,5057622
2020-10-15,21725.984375,21810.852180937825,21513.81659960627,21725.984375,4040980
2020-10-16,22574.658203125,22871.69382033229,21598.68701421711,21725.986999048215,12109153
2020-10-19,22617.08984375,22829.257623498383,22489.789871681314,22744.391555269547,4897924
2020-10-20,22574.658203125,22617.092111219048,22277.624325368746,22532.22603448199,3958686
2020-10-21,22404.919921875,23126.290999829816,22404.919921875,22574.65378155534,6936579
2020-10-22,22914.123046875,22914.123046875,22320.053673284914,22404.919732683105,4924935
2020-10-23,22871.693359375,23126.29506335699,22701.95946987068,22998.993341640493,5554095
2020-10-26,22404.919921875,23126.290999829816,22404.919921875,22871.68934058396,8085676
2020-10-27,22107.888671875,22574.65818156158,22107.888671875,22447.358196852074,6692698
2020-10-28,21513.81640625,22235.187531885666,21513.81640625,22065.453660986335,7547794
2020-10-29,21598.685546875,21768.419428269,21301.64994984731,21386.51776026977,5708105
2020-10-30,21853.28515625,21853.28515625,21428.949623475288,21810.85125508238,3085184
2020-11-02,21938.1484375,21938.1484375,21725.980698014326,21853.28238537605,1817798
2020-11-03,22404.919921875,22447.35382165776,21938.150503166045,22023.018302731565,5379012
2020-11-04,22489.787109375,22617.08706580808,22277.619355686104,22489.787109375,2874715
2020-11-05,22065.45703125,22659.52653986085,22065.45703125,22362.490915829887,2740748
2020-11-06,22235.1875,22404.921370655928,22107.885792419947,22235.1875,2072068
2020-11-09,22659.521484375,22659.521484375,22362.48592661459,22404.919826216177,4222066
2020-11-10,22489.787109375,22914.122616752793,22489.787109375,22914.122616752793,3650539
2020-11-11,22489.787109375,22659.520964435986,22362.48541349127,22659.520964435986,3501293
2020-11-12,22701.955078125,22701.955078125,22447.35342339629,22489.787322426186,2591061
2020-11-13,22829.259765625,22829.259765625,22701.95978161144,22829.259765625,2766585
2020-11-16,22617.08984375,23083.85930708662,22489.789871681314,22914.125431178083,7794320
2020-11-17,22914.123046875,22956.55694629944,22489.787531531983,22744.38918862793,5279613
2020-11-18,22914.123046875,23041.423005697634,22786.821348601687,23041.423005697634,3687940
2020-11-19,23380.89453125,23762.796180973382,22914.125075165495,23041.425045256343,10452963
2020-11-20,23423.326171875,23720.361748054507,23338.46010686,23380.8940090929,3856264
2020-11-23,23720.359375,23847.659329512444,23168.72391951192,23423.323828536802,5928375
2020-11-24,23593.05859375,23974.960183355524,23338.456954196132,23720.358543801653,6304691
2020-11-25,23423.326171875,23890.095617535313,23423.326171875,23890.095617535313,3852634
2020-11-26,23635.494140625,23762.795848384947,23253.592496246783,23550.628074902514,3431823
2020-11-27,23847.662109375,23847.662109375,23593.062170672038,23720.36214002352,4169113
2020-11-30,23508.1953125,24059.83259398008,23508.1953125,24059.83259398008,5796276
2020-12-01,23423.326171875,23508.1939763408,23253.592302394194,23338.46010686,7193389
2020-12-02,23593.05859375,23635.490750800174,23338.456954196132,23338.456954196132,4424705
2020-12-03,23593.05859375,23635.490750800174,23380.89085069687,23550.624697249263,3416816
2020-12-04,23635.494140625,23720.3619457983,23508.194172315867,23508.194172315867,2898285
2020-12-07,23635.494140625,23762.795848384947,23550.628074902514,23720.3619457983,3054142
2020-12-08,23847.662109375,24017.397721111414,23550.628267737935,23635.49433415531,4821191
2020-12-09,24399.30078125,24526.6007579717,23847.663490070463,23890.09739546134,6300242
2020-12-10,23974.962890625,24484.166227232334,23974.962890625,24187.130657636262,4433709
2020-12-11,24187.12890625,24187.12890625,23890.093358162227,24017.395052821546,3673479
2020-12-14,24272.0,24611.46775297304,24144.69828804696,24187.132192031306,3030174
2020-12-15,24059.830078125,24441.73170109188,24017.39617791741,24399.29780088429,5597309
2020-12-16,24229.564453125,24399.29831810268,24187.13055201789,24271.998354232106,4188233
2020-12-17,23974.962890625,24229.56455892867,23762.795123613738,24144.69675634386,7544163
2020-12-18,24144.697265625,24229.565069999913,23974.963396325966,23974.963396325966,3217094
2020-12-21,24399.30078125,24526.6007579717,24229.566899137422,24314.432970468246,4842767
2020-12-22,24653.90234375,24823.636224964856,24229.5667709874,24356.866747035812,5407346
2020-12-23,24399.30078125,24866.070261647783,24272.0008045283,24738.768545475155,2920322
2020-12-24,24187.12890625,24526.596613106914,23932.527256382,24399.29665789823,5008195
2020-12-25,24441.732421875,24441.732421875,24017.396886186936,24187.130752572008,3410793
2020-12-28,24569.033203125,24866.068783756175,24399.299331100396,24569.033203125,4611268
2020-12-29,24866.0703125,24950.93638400438,24441.73473662531,24569.034713607343,4560603
2020-12-30,24653.90234375,24993.370106179715,24653.90234375,24993.370106179715,2527342
2020-12-31,25078.236328125,25120.670230603795,24611.46687975987,24653.900782238667,4273948
2021-01-01,25078.236328125,25078.236328125,25078.236328125,25078.236328125,0
2021-01-04,25545.005859375,25545.005859375,25163.102475277505,25290.404183126942,451516
2021-01-05,26605.84375,26945.31147955772,25375.26931658907,25460.137118703875,489483
2021-01-06,26478.541015625,26987.744329581485,26436.10885567086,26775.576572008064,376945
2021-01-07,26520.9765625,26690.710431212385,26266.374889706025,26563.410464540793,451285
2021-01-08,26860.447265625,27030.181142086178,26563.41167722978,26733.14555369096,570959
2021-01-11,27454.517578125,27454.517578125,26860.44812184844,27115.04807493059,414052
2021-01-12,27921.287109375,28006.153180741985,27157.482030366555,27581.81760555427,511101
2021-01-13,28218.318359375,28600.22173329532,27963.718429362478,27963.718429362478,548208
2021-01-14,28175.884765625,28430.48468270041,27878.849209769447,28218.316925503783,373063
2021-01-15,28260.75390625,28430.487782624135,28175.88783778837,28430.487782624135,323300
2021-01-18,28133.453125,28430.486965252345,28091.019222263716,28430.486965252345,253745
2021-01-19,26308.810546875,28048.58673100617,26181.5105717109,28006.1528261345,735757
2021-01-20,26860.447265625,27030.181142086178,25545.006679011825,26605.845581207792,768961
2021-01-21,27836.41796875,27921.285775513592,26860.44688822292,27369.648510451934,485475
2021-01-22,28388.0546875,28642.654623989456,27751.551367374734,27878.85133561946,438713
2021-01-25,28430.48828125,28939.691658753894,28091.020522548006,28345.622211299953,653127
2021-01-26,28006.150390625,28642.653689994833,27793.982624168388,28642.653689994833,545165
2021-01-27,26733.146484375,28048.58711678374,26690.712578919698,27878.85323441347,467362
2021-01-28,24866.0703125,26436.112639016737,24866.0703125,25460.139770834387,1068796
2021-01-29,26605.84375,26605.84375,25035.80158703135,25035.80158703135,674115
2021-02-01,26945.3125,27751.551432271364,26436.110886379513,27327.215884528883,423413
2021-02-02,28006.150390625,28006.150390625,26733.14379188533,26775.577693066803,685176
2021-02-03,29703.494140625,29958.094067774306,28048.584177450033,28642.65357321632,875937
2021-02-04,30764.333984375,31061.369561791187,29788.362926208905,29788.362926208905,923202
2021-02-05,30934.06640625,31146.23418084388,30467.298693704124,30976.502048509763,437580
2021-02-08,30255.130859375,30934.066345174277,29533.759731399743,30934.066345174277,846994
2021-02-09,30255.130859375,30255.130859375,30255.130859375,30255.130859375,0
2021-02-10,30255.130859375,30255.130859375,30255.130859375,30255.130859375,0
2021-02-11,30255.130859375,30255.130859375,30255.130859375,30255.130859375,0
2021-02-12,30255.130859375,30255.130859375,30255.130859375,30255.130859375,0
2021-02-15,30255.130859375,30255.130859375,30255.130859375,30255.130859375,0
2021-02-16,30255.130859375,30255.130859375,30255.130859375,30255.130859375,0
2021-02-17,33055.74609375,33522.513784587674,32207.07503484406,32376.80715928436,658836
2021-02-18,33183.046875,33225.47903743095,32504.10792379376,33098.179071236525,470783
2021-02-19,32504.109375,33098.18054896618,32249.509431244052,32801.14496198309,781323
2021-02-22,32588.98046875,32886.01608568547,32291.94485181453,32504.11265263957,486776
2021-02-23,32037.33984375,32673.843146119805,31655.436470767505,32376.807575900257,707193
2021-02-24,32037.33984375,32037.33984375,32037.33984375,32037.33984375,0
2021-02-25,32334.375,32376.80716138746,31613.003904102796,32291.939359711057,404545
2021-02-26,32334.375,32419.242801676406,31782.739507455604,31825.171668843064,406329
2021-03-01,33055.74609375,33098.178255134706,32588.974924010843,32588.974924010843,436153
2021-03-02,33055.74609375,33480.081623202976,32631.41056429703,33480.081623202976,382339
2021-03-03,32970.875,33140.60710749287,32843.57504965506,33098.17495034494,335683
2021-03-04,32207.07421875,33013.30961694058,31867.603020668288,32970.87745663107,608968
2021-03-05,32207.07421875,32249.506379059516,31613.0031010084,32037.338619709146,526275
2021-03-08,32164.638671875,32461.67423159851,31994.906551248285,32249.506471639063,347688
2021-03-09,31825.17578125,32122.211386049217,31613.00798909369,31825.17578125,458043
2021-03-10,32376.8046875,32886.00797974909,31825.169237105652,32207.072576017777,546193
2021-03-11,32546.546875,32716.27902088657,32291.943437817266,32461.679062605755,310161
2021-03-12,32461.67578125,32716.275713794836,32376.80797743453,32673.843551337886,432942
2021-03-15,32461.67578125,32886.01132142577,32291.940173619063,32504.10794370695,369579
2021-03-16,34371.1875,34583.35528112467,32504.10963454221,32673.845251002644,1072700
2021-03-17,34286.31640625,34583.35196714117,33946.848684760706,34583.35196714117,336480
2021-03-18,34371.1875,34371.1875,33946.85193775066,34371.1875,379359
2021-03-19,33861.98828125,34159.02390702365,33692.2561228809,33946.85609988564,471769
2021-03-22,33395.21484375,33777.11474460663,33225.47923521266,33734.68258192309,437559
2021-03-23,33437.65234375,33946.85577173946,33225.4845386629,33310.35235647817,462094
2021-03-24,32673.849609375,33480.08867675386,32461.681799949216,33055.75305790229,520525
2021-03-25,32504.109375,32886.01276953564,32461.677210674585,32886.01276953564,483859
2021-03-26,32291.939453125,32588.975020400932,31613.003995552717,32334.3750935367,560927
2021-03-29,32928.44140625,33140.609162951085,32291.938136146757,32461.67373306816,419278
2021-03-30,32716.275390625,33098.1787645714,32673.843228587193,33055.746602533596,317444
2021-03-31,32970.875,33140.60710749287,32504.10387686705,32716.271620408992,288250
2021-04-01,33819.546875,33819.546875,33055.74367368424,33055.74367368424,524890
2021-04-02,33861.98828125,34159.02390702365,33861.98828125,34116.591737156916,409309
2021-04-05,33777.12109375,34159.024545295266,33480.088941328395,34116.59237463568,312092
2021-04-06,33692.25,33946.84993073638,33564.94655573026,33564.94655573026,316038
2021-04-07,33777.12109375,33819.55674331183,33564.95328264757,33607.388932209404,315618
2021-04-08,33777.12109375,34201.45671595485,33734.68892309041,34031.72455441426,337866
2021-04-09,34837.95703125,35219.85693157647,33904.41814339376,33904.41814339376,833310
2021-04-12,34837.95703125,34965.25699802549,34583.35361879743,34965.25699802549,424483
2021-04-13,34243.890625,34880.39402595568,34159.02280909217,34795.52621004784,427757
2021-04-14,34371.1875,34371.1875,33734.68415662599,33946.85193775066,531124
2021-04-15,33946.84765625,34540.91876003335,33861.979858723615,34371.18316498059,439952
2021-04-16,33819.546875,34456.050122579996,33437.643534891504,33861.97903327817,460604
2021-04-19,34583.35546875,34583.35546875,33734.68433964702,33946.85212192276,499684
2021-04-20,35177.4296875,36026.10088986755,34625.790622839435,34710.658438856604,995422
2021-04-21,35177.4296875,35177.4296875,35177.4296875,35177.4296875,0
2021-04-22,33946.84765625,35601.75753185983,33946.84765625,34795.51867371119,476681
2021-04-23,35219.859375,35219.859375,33819.55268551834,33946.852661125435,664566
2021-04-26,34371.1875,35134.990816268466,34159.01971887533,35007.69084337401,535468
2021-04-27,34243.890625,34540.92624122639,33989.28717727649,34116.590640589275,270137
2021-04-28,34286.31640625,34498.48416704349,33989.28084535884,33989.28084535884,286844
2021-04-29,34328.7578125,34710.65775874127,34286.32216587186,34286.32216587186,439805
2021-04-30,34328.7578125,34328.7578125,34328.7578125,34328.7578125,0
2021-05-03,34328.7578125,34328.7578125,34328.7578125,34328.7578125,0
2021-05-04,35177.4296875,35432.029656649436,33946.855052506224,33946.855052506224,495759
2021-05-05,35177.4296875,35856.36525783321,35092.56187148283,35856.36525783321,487196
2021-05-06,35092.55859375,35432.02634720947,34880.390812975114,35219.85856643458,413255
2021-05-07,35219.859375,35644.19494629152,34922.823779315564,35092.55939939291,567916
2021-05-10,36407.99609375,36492.86389869519,35219.85726122221,35262.292903145615,945365
2021-05-11,36153.39453125,36747.46566023703,36153.39453125,36492.86225685625,436279
2021-05-12,36238.26171875,36238.26171875,35771.490559906524,36068.5261193703,387125
2021-05-13,35644.19140625,36238.262538618044,35644.19140625,36068.52693539818,536937
2021-05-14,35983.6640625,36577.73527623846,35686.63193453273,35771.496268865114,390105
2021-05-17,36365.56640625,36747.46981504994,36153.39861889489,36407.99857216028,366136
2021-05-18,36917.1953125,37086.93090339244,36577.72760961636,36662.59540506257,447780
2021-05-19,38529.67578125,38656.97574419325,36832.33018603461,37129.36575216984,603680
2021-05-20,40524.05078125,40524.05078125,38359.94093197733,38529.676538505264,739598
2021-05-21,39802.68359375,40990.822415964474,39463.21237691593,40014.8513648205,676382
2021-05-24,39675.375,39845.110586393384,39081.30740542542,39802.67842924561,560276
2021-05-25,39802.68359375,40396.75126540644,39378.348051609,39675.38014798643,452565
2021-05-26,40439.18359375,40524.04791210394,39760.244694609406,39972.41244829685,418250
2021-05-27,39802.68359375,40481.61906961496,39675.38014798643,40439.18690696149,366409
2021-05-28,40227.01953125,40311.883857390996,39760.248342966435,39887.54831107955,393379
2021-05-31,41542.4609375,41584.89658213235,40184.58640839957,40524.05417094922,679530
2021-06-01,42942.20703125,43632.43706243002,42892.904886165714,43336.6241919243,637854
2021-06-02,42153.37890625,43139.42195287944,41906.86814459264,42942.21334355355,557352
2021-06-03,42005.46875,42104.073045979254,41561.74941809336,41906.864454020746,582336
2021-06-04,41758.95703125,41956.16561858607,41315.237709743844,41906.863471752054,697278
2021-06-07,40772.9140625,41758.956998404785,39934.77405217756,41709.65485160955,6773125
2021-06-08,40772.9140625,40772.9140625,40772.9140625,40772.9140625,0
2021-06-09,40279.89453125,40477.10312791297,38948.73298897144,39737.56737562331,6526561
2021-06-10,40378.50390625,40674.31683843613,39934.78099316684,40279.899595521296,4042303
2021-06-11,41167.33203125,41364.5406222364,40082.68478082476,40181.28907631797,4306387
2021-06-14,41315.23828125,41709.65546137804,40920.821101121954,41167.33183870198,4649497
2021-06-15,41019.43359375,41660.36163954539,41019.43359375,41315.246537963256,3246216
2021-06-16,40970.125,41709.65724435308,40772.91640150584,41019.42714962354,4493273
2021-06-17,40723.609375,40970.12009359664,40477.09865640335,40477.09865640335,4081541
2021-06-18,41315.23828125,41512.44687131402,40772.91465857394,40970.12324863796,3069186
2021-06-21,42202.68359375,42547.7986808018,41019.43186671524,41216.6404878877,7078091
2021-06-22,42104.08203125,42695.70793338214,42104.08203125,42449.19714082708,3212635
2021-06-23,41857.56640625,42202.68147598364,41463.14918369727,42054.775017526365,2919897
2021-06-24,41758.95703125,41857.56132491803,41364.53985657786,41561.74844391393,3025567
2021-06-25,42005.46875,42104.073045979254,41512.44727010373,41758.958010051865,2743780
2021-06-28,42251.98046875,42449.189065277,42104.07402135474,42449.189065277,3392402
2021-06-29,43681.7421875,43878.954296094285,42547.79277320291,42695.69921854601,8938729
2021-06-30,43385.92578125,43928.252885033384,43385.92578125,43878.950740580636,3013340
2021-07-01,43829.65234375,43829.65234375,43385.92949093191,43435.2316396002,3102767
2021-07-02,45308.71875,45604.53165471614,43829.654226419276,44026.86282956337,7069331
2021-07-05,45308.71875,45308.71875,45308.71875,45308.71875,0
2021-07-06,45308.71875,45308.71875,45308.71875,45308.71875,0
2021-07-07,45308.71875,45308.71875,45308.71875,45308.71875,0
2021-07-08,45308.71875,45308.71875,45308.71875,45308.71875,0
2021-07-09,44224.078125,45358.02776467564,43780.3587007791,44174.77596675323,5378422
2021-07-12,44224.078125,44224.078125,44224.078125,44224.078125,0
2021-07-13,42892.90625,43040.81268995573,41906.86331696177,42843.60410334809,4028615
2021-07-14,42892.90625,42892.90625,42892.90625,42892.90625,0
2021-07-15,42104.08203125,42695.70793338214,41758.966921672916,41758.966921672916,4954280
2021-07-16,42104.08203125,42104.08203125,42104.08203125,42104.08203125,0
2021-07-19,41758.95703125,42597.0935274283,41660.35273758196,42005.467765420086,6002224
2021-07-20,42794.30859375,42794.30859375,41364.546119099876,41808.2655077844,4660630
2021-07-21,42695.703125,43336.63111346196,42449.192360206944,42794.30743091723,6148958
2021-07-22,44076.16796875,44174.7722770075,42498.49552182608,42498.49552182608,8113442
2021-07-23,44618.48828125,45801.73989062741,43731.046059413326,44076.16462695202,12329490
2021-07-26,46196.15234375,46294.75663439271,44470.577257502526,44519.879402823884,10536196
2021-07-27,45949.6484375,46787.78503236859,45604.53336902469,46541.27426917195,9138025
2021-07-28,45358.01953125,46196.15606930579,45210.1130833578,45752.436725629195,6107894
2021-07-29,46048.2578125,46294.768602836455,45210.12112535605,45358.02759955792,6776228
2021-07-30,46344.0625,46738.47969423283,45752.436708650755,46097.55175360448,8259993
2021-08-02,47132.8984375,47625.92346129797,46344.0640231091,46344.0640231091,7803731
2021-08-03,47231.5,47330.104296080084,46689.17637155956,47231.5,6583320
2021-08-04,47231.5,47231.5,47231.5,47231.5,0
2021-08-05,47625.92578125,47823.134394454144,46787.78566032857,46935.69212023168,4536344
2021-08-06,47625.92578125,47921.738701056216,47231.50504003789,47724.53008785207,6230538
2021-08-09,48069.64453125,48168.248836560364,47280.80657396334,47823.133767974105,5355609
2021-08-10,48069.64453125,48069.64453125,48069.64453125,48069.64453125,0
2021-08-11,47379.40234375,48217.542302698734,47379.40234375,48168.24015892546,8912084
2021-08-12,46245.46484375,47330.11228367988,46048.256218308205,47231.507970958985,15329324
2021-08-13,46837.0859375,46837.0859375,45851.04291097672,45900.345062302884,6604308
2021-08-16,47136.046875,47435.00673281389,47036.393589062034,47335.353446875924,3480005
2021-08-17,47136.046875,47136.046875,47136.046875,47136.046875,0
2021-08-18,46837.0859375,47285.52571388343,46737.43265385924,46737.43265385924,3560672
2021-08-19,47086.21875,47335.35195700348,46737.43226019512,47335.35195700348,4967056
2021-08-20,46239.1640625,47185.87021259379,45392.11119136345,47086.21693363655,7937689
2021-08-23,45342.28515625,46089.68475839136,45342.28515625,46089.68475839136,6271966
2021-08-24,45790.7265625,45840.553204432705,44794.193723845856,45591.41999476917,5623891
2021-08-25,45790.7265625,46039.85977216353,45342.286785105636,46039.85977216353,2452867
2021-08-26,45541.58984375,46288.989415151715,45441.936567563105,45840.549672310684,3209715
2021-08-27,45840.55078125,45840.55078125,45142.977831066586,45342.28438826185,3460659
2021-08-30,45940.20703125,46338.82017142273,45890.38038872841,46338.82017142273,2728084
2021-08-31,46039.859375,46438.47250702301,45840.55280898849,45990.03273349712,3563410
2021-09-01,46039.859375,46338.81922401726,45890.37945049137,45890.37945049137,2469840
2021-09-02,46039.859375,46039.859375,46039.859375,46039.859375,0
2021-09-03,46039.859375,46039.859375,46039.859375,46039.859375,0
2021-09-06,47285.52734375,47285.52734375,45990.03461176626,46039.8612553041,5702551
2021-09-07,46587.9453125,47484.82472250103,46587.9453125,47484.82472250103,4180459
2021-09-08,46587.9453125,46587.9453125,46587.9453125,46587.9453125,0
2021-09-09,46438.46875,46787.255212302174,46239.16220011304,46388.64211252826,2543572
2021-09-10,46587.9453125,47036.385017500514,46538.11867861105,46538.11867861105,2628254
2021-09-13,46338.8203125,46837.08673923287,46288.99366982671,46637.78016853972,2920080
2021-09-14,46737.4296875,47185.869435421584,46338.81657823637,46488.29649421023,4604966
2021-09-15,46886.9140625,47036.39399268966,46488.30091532757,46737.434132310336,3084517
2021-09-16,47185.8671875,47335.34709635268,46936.73400607887,47036.38727864732,3512673
2021-09-17,47684.13671875,48331.88658567995,47534.656799965014,47584.48343956001,6069568
2021-09-20,47036.39453125,47933.2741226571,46886.91459934881,47833.62083472298,4610258
2021-09-21,47036.39453125,47036.39453125,47036.39453125,47036.39453125,0
2021-09-22,47036.39453125,47036.39453125,47036.39453125,47036.39453125,0
2021-09-23,46388.6484375,46737.43494735831,46338.82179323453,46438.47508176547,2544484
2021-09-24,46189.33984375,46438.47305419988,46189.33984375,46438.47305419988,264449745
2021-09-27,45890.37890625,46587.95187901734,45890.37890625,46288.992033545626,2821709
2021-09-28,46338.8203125,46338.8203125,45591.420672400694,45691.07395774727,2543207
2021-09-29,46438.46875,46538.12202494348,45990.02901275434,46338.815475056515,2148813
2021-09-30,46338.8203125,46787.260096559585,46338.8203125,46587.95352586644,1819392
2021-10-01,46288.99609375,46388.64938431492,46089.68951262016,46288.99609375,1926157
2021-10-04,47136.046875,47435.00673281389,46039.8607296824,46338.82058749629,415709889
2021-10-05,47036.39453125,47833.62083472298,47036.39453125,47335.35439505237,2541929
2021-10-06,47036.39453125,47036.39453125,47036.39453125,47036.39453125,0
2021-10-07,46986.56640625,47335.35290302556,46886.913121456986,47285.52626062905,2732099
2021-10-08,46986.56640625,46986.56640625,46986.56640625,46986.56640625,0
2021-10-11,46986.56640625,46986.56640625,46986.56640625,46986.56640625,0
2021-10-12,49328.421875,49428.07515923528,49079.28866441181,49428.07515923528,2053728
2021-10-13,49527.7265625,50574.086007231635,49079.28680047216,49328.42000159874,5899474
2021-10-14,49527.7265625,49527.7265625,49527.7265625,49527.7265625,0
2021-10-15,49278.59375,49876.51343741918,49029.460546908675,49527.726953091325,3107147
2021-10-18,49278.59375,49278.59375,49278.59375,49278.59375,0
2021-10-19,49129.11328125,49577.553041822444,49129.11328125,49328.41984150442,2800174
2021-10-20,48630.84765625,49577.55383255795,48132.58124766687,49178.94070569144,4103807
2021-10-21,48182.41015625,49079.28973391164,48182.41015625,49029.46309070821,4167684
2021-10-22,47933.26953125,48531.192753776515,47883.442892055704,48331.88619699934,3692806
2021-10-25,47933.26953125,47933.26953125,47933.26953125,47933.26953125,0
2021-10-26,47933.26953125,47933.26953125,47933.26953125,47933.26953125,0
2021-10-27,47933.26953125,47933.26953125,47933.26953125,47933.26953125,0
2021-10-28,48830.15234375,49029.458899526384,48431.53923219722,48929.805621638196,3001659
2021-10-29,48282.0625,48830.15556453672,48282.0625,48830.15556453672,4348546
2021-11-01,48282.0625,48282.0625,48282.0625,48282.0625,0
2021-11-02,48331.890625,47883.44727897154,47584.48741641611,47584.48741641611,3849212
2021-11-03,47883.4453125,48182.40871497295,47435.00553708333,47933.27195421296,4891316
2021-11-04,47833.6171875,48232.23386103806,47684.137266996375,47883.44382766788,3214460
2021-11-05,48630.84765625,48730.50093796662,47833.617850321876,47933.271132038506,3960175
2021-11-08,48531.19140625,49079.28442216877,48481.364768439205,48630.8446818716,3080501
2021-11-09,48032.92578125,48630.84904076771,47833.6192121425,48581.02239849084,3368859
2021-11-10,48331.890625,48331.890625,47783.79399145306,48032.92721024925,2906209
2021-11-11,47833.6171875,48830.15354305255,47733.96390716425,48331.88714137381,3873121
2021-11-12,48830.15234375,48929.805621638196,47783.78937372898,47933.26929056127,4088659
2021-11-15,48481.3671875,49079.28687106379,48481.3671875,49079.28687106379,3483837
2021-11-16,48979.62890625,49577.5485326311,48232.22937327363,48481.36255093242,6398990
2021-11-17,48979.62890625,49029.45554178176,48830.148999654724,48979.62890625,2164874
2021-11-18,48082.75390625,49178.93998916162,48082.75390625,48979.63342863224,3659225
2021-11-19,47484.828125,48730.49761367602,47385.17485008151,48581.01770129828,4528496
2021-11-22,47335.3515625,47833.617972354295,47335.3515625,47584.484767427144,3048016
2021-11-23,48132.58203125,48132.58203125,47285.52557067375,47335.35221234323,2100267
2021-11-24,48780.328125,49029.46133208102,48032.9249515618,48182.40842800556,4463342
2021-11-25,49826.69140625,50723.57102034877,48979.63843737894,49079.29172783436,10014779
2021-11-26,49278.59375,50225.29992174703,49228.76710938173,49876.51343741918,3643164
2021-11-29,48879.98046875,49278.59359242147,48581.0206259964,48581.0206259964,3637324
2021-11-30,48381.71484375,49079.28782141528,48331.8882024882,48879.98125636806,4677785
2021-12-01,48929.80859375,49129.11516163274,48182.40896418973,48581.02209995521,2290255
2021-12-02,48431.54296875,48979.63603942112,48431.54296875,48630.84953990314,1739090
2021-12-03,47584.48828125,48730.504660736304,47584.48828125,48730.504660736304,3667802
2021-12-06,47086.21875,48082.75513020908,46936.73882579791,47584.48516400696,4368804
2021-12-07,47833.6171875,47833.6171875,47086.21758498189,47335.35078582126,2648147
2021-12-08,47634.3125,48082.75583134051,47335.352647236454,48082.75583134051,1943313
2021-12-09,48331.890625,48331.890625,47385.18084137916,47385.18084137916,1812457
2021-12-10,47733.9609375,48331.88413451107,47534.65438922793,48032.92075990811,2117058
2021-12-13,47833.6171875,48082.753940534436,47634.310626828505,48082.753940534436,1642910
2021-12-14,47684.13671875,48032.92319591496,47534.656799965014,47833.616637534986,2088769
2021-12-15,47783.7890625,47983.09561697825,47634.30914664131,47684.13578526087,1475370
2021-12-16,47584.48828125,48581.02472674184,47584.48828125,48581.02472674184,2272187
2021-12-17,48032.92578125,48331.88918710646,47584.48600075812,47634.312643035,2102640
2021-12-20,47733.9609375,48082.75094917098,47584.48102629594,48082.75094917098,1861185
2021-12-21,47435.0078125,47783.794321221736,47385.1811683969,47684.14103301553,2030003
2021-12-22,47335.3515625,47534.65812644172,47136.044998558275,47335.3515625,3048746
2021-12-23,46438.46875,47335.34822449132,46338.815475056515,47335.34822449132,3522894
2021-12-24,46737.4296875,47086.21615810567,46239.16330092046,46587.94977152614,2165786
2021-12-27,47086.21875,47335.35195700348,46488.29905319164,46936.73882579791,1448542
2021-12-28,47086.21875,47285.52531560278,46886.91218439721,47086.21875,1035350
2021-12-29,46637.77734375,47235.69701961423,46637.77734375,47235.69701961423,1664810
2021-12-30,46637.77734375,46986.56382133747,46587.95070409465,46687.60398340535,1479750
2021-12-31,46338.8203125,47036.393309926025,46338.8203125,46737.4334538863,2933585
2022-01-03,46338.8203125,46338.8203125,46338.8203125,46338.8203125,0
2022-01-04,46587.9453125,46936.73174972262,46488.292044722104,46538.11867861105,3531471
2022-01-05,46637.77734375,46936.73718168211,46587.95070409465,46687.60398340535,2178744
2022-01-06,46587.9453125,46837.07848194473,46587.9453125,46637.771946388944,2176189
2022-01-07,46538.125,46687.60492197106,46388.64507802893,46388.64507802893,1855710
2022-01-10,45840.55078125,46587.95037073223,45790.724141951185,46438.47045283578,3435474
2022-01-11,44594.87890625,45940.19798955472,44395.572375390046,45840.54472412474,4579597
2022-01-12,44644.70703125,45142.97337505484,44096.61050087002,44395.573859347576,3176864
2022-01-13,45890.37890625,46189.33875172172,44744.36616527509,45292.45921530657,3306625
2022-01-14,45491.76171875,45890.37481046884,45292.45517289058,45691.06826460942,1253261
2022-01-17,44345.75,45491.76266246541,44345.75,45093.14956247744,2862408
2022-01-18,43897.30859375,44644.71174048994,43847.48195411367,43996.96187302265,2208127
2022-01-19,43996.9609375,44445.40423688657,43847.48102176946,43897.307660346305,1359479
2022-01-20,44246.10546875,45342.291710341065,43996.96867982918,44046.79532717423,2435711
2022-01-21,43947.140625,44744.37050918367,43947.140625,44345.757343189565,1535232
2022-01-24,42502.15625,44096.60847699594,42352.67635371913,43947.12858071507,3694266
2022-01-25,43100.08203125,43598.34842381769,41854.41604983078,42452.33572091201,2176554
2022-01-26,42850.94921875,43349.21561578029,42601.81602023486,43349.21561578029,1667365
2022-01-27,42801.12109375,43199.734197541446,42551.98790388035,42850.94773172393,1313305
2022-01-28,44594.87890625,44594.87890625,42801.11657631585,42850.94320903084,2833025
2022-01-31,44594.87890625,44594.87890625,44594.87890625,44594.87890625,0
2022-02-01,44594.87890625,44594.87890625,44594.87890625,44594.87890625,0
2022-02-02,44594.87890625,44594.87890625,44594.87890625,44594.87890625,0
2022-02-03,44594.87890625,44594.87890625,44594.87890625,44594.87890625,0
2022-02-04,44594.87890625,44594.87890625,44594.87890625,44594.87890625,0
2022-02-07,44594.87890625,44893.83870253994,44345.745742675055,44844.01206982495,946105
2022-02-08,45142.9765625,45740.89621728359,44594.88354561504,44594.88354561504,1542349
2022-02-09,45192.8046875,45691.07108288214,45142.97804796179,45691.07108288214,2085484
2022-02-10,45840.55078125,45840.55078125,44943.671273871325,45541.59094545711,1779241
2022-02-11,45641.23828125,46039.851343738344,45541.58501562791,45740.89154687209,1170952
2022-02-14,45342.28515625,45641.24499710654,45043.32531539346,45342.28515625,1412771
2022-02-15,45342.28515625,45342.28515625,45342.28515625,45342.28515625,0
2022-02-16,45491.76171875,46089.681356328256,45491.76171875,45691.06826460942,1120945
2022-02-17,46239.1640625,46239.1640625,45342.28455188483,45790.72430719242,1558045
2022-02-18,45940.20703125,46089.686958814775,45691.07381864204,45990.03367377159,1129340
2022-02-21,46587.9453125,46837.07848194473,45840.545804165806,45940.1990719437,2529519
2022-02-22,46288.99609375,46488.30267487984,45840.556286207866,46338.82273903246,2113772
2022-02-23,46338.8203125,46787.260096559585,46139.513741806855,46139.513741806855,1777233
2022-02-24,45840.55078125,46587.95037073223,44844.017995273694,46338.81717423815,2463087
2022-02-25,45990.02734375,46538.12033604853,45890.374072422994,46039.85397941351,1934370
2022-02-28,46488.30078125,46587.954067755694,45990.03434872153,45990.03434872153,2745970
2022-03-01,46538.125,46837.08484394213,46089.6852340868,46837.08484394213,2011022
2022-03-02,46388.6484375,46538.12837029642,46189.34186043811,46338.82179323453,1987296
2022-03-03,46538.125,46837.08484394213,46438.471718685956,46438.471718685956,1747667
2022-03-04,46587.9453125,46737.42521416683,46338.81214305527,46488.292044722104,2452502
2022-03-07,46737.4296875,46787.256326157956,45940.203468972744,46388.64321689432,3098934
2022-03-08,47235.6953125,47534.655139627605,46139.509279698796,46737.428933954,4065298
2022-03-09,47584.48828125,48082.75828009361,47136.0484792666,47136.0484792666,4022410
2022-03-10,47136.046875,47983.09980547269,47136.046875,47983.09980547269,1421166
2022-03-11,46438.46875,47136.041674604356,46189.335562641296,47086.21503713261,2078731
2022-03-14,45740.8984375,46338.818121306,45093.15211337683,46338.818121306,3546072
2022-03-15,45342.28515625,45740.89827739206,44744.36547453691,45740.89827739206,3416493
2022-03-16,45641.23828125,45990.024710927304,45093.14532032853,45392.105117194784,2079826
2022-03-17,45840.55078125,46189.33725634171,45591.41758475592,45740.89750265237,2154654
2022-03-18,47385.18359375,48132.586845746846,46338.824014028156,46338.824014028156,5137698
2022-03-21,47484.828125,47833.61458721472,47335.34821262226,47435.00148754075,2848355
2022-03-22,48032.92578125,48331.88918710646,47534.65935848125,47833.6192121425,3794643
2022-03-23,48082.75390625,48581.02030757347,47833.61715339321,48082.75390625,3605933
2022-03-24,47833.6171875,48431.54042170956,47484.83070632488,47833.6171875,3328343
2022-03-25,47684.13671875,48082.75338770498,47634.310079155,47883.443277129976,2241343
2022-03-28,48879.98046875,49178.940311503604,47435.00434324584,47584.48426462264,6390595
2022-03-29,52268.19140625,52268.19140625,49129.10975533457,49129.10975533457,15009758
2022-03-30,52816.28515625,53464.03143977056,52068.88559834167,52716.631881862224,5166169
2022-03-31,53314.55078125,55108.309695099364,52118.711505350424,52567.151233812765,6337121
2022-04-01,55307.62109375,55307.62109375,52866.11569123838,53264.72881817905,7879288
2022-04-04,54460.57421875,56553.296918700806,54460.57421875,56553.296918700806,4905369
2022-04-05,54311.08984375,55606.58254369353,54311.08984375,54360.916486055525,3401710
2022-04-06,56304.15234375,56802.41870712016,54012.123520052475,54012.123520052475,7626883
2022-04-07,56453.6328125,58247.39173841773,55855.71317052742,56652.939359824195,7145435
2022-04-08,54061.953125,56752.595187140236,54061.953125,56453.63535270187,7427405
2022-04-11,54061.953125,54061.953125,54061.953125,54061.953125,0
2022-04-12,54709.703125,55556.756046404866,53115.25056706144,54311.08998551536,5770990
2022-04-13,57350.515625,57350.515625,54709.70016652352,54809.353446005836,6064276
2022-04-14,58097.91015625,59243.92277038943,57400.33726068687,57400.33726068687,6441331
2022-04-15,57300.69140625,58745.66401979465,56802.424987786326,57350.51804809636,5696711
2022-04-18,57549.8203125,59094.4460942462,56802.42074068732,57300.687121895775,6125050
2022-04-19,55805.89453125,58297.22672983571,55805.89453125,58048.09350997714,8634311
2022-04-20,55805.89453125,56304.16097096714,54610.05152373352,55805.89453125,6013539
2022-04-21,55805.89453125,57749.13364614685,55407.277827280945,55407.277827280945,7425215
2022-04-22,55357.44921875,56752.59875264141,52816.290466374776,56055.02576179331,10419027
2022-04-25,51520.7890625,55257.79040608511,51520.7890625,54859.17730833681,8405997
2022-04-26,51969.234375,52318.020849122615,48331.886164097705,49926.338617229674,9912576
2022-04-27,51321.48828125,51819.75470943166,50075.82221079583,51072.355067159166,4616828
2022-04-28,52567.15234375,53214.898631872544,51072.34966511849,51271.65621531004,4618106
2022-04-29,52318.0234375,53364.38291163535,51919.41030449606,52318.0234375,7284687
2022-05-02,52318.0234375,52318.0234375,52318.0234375,52318.0234375,0
2022-05-03,52318.0234375,52318.0234375,52318.0234375,52318.0234375,0
2022-05-04,52068.890625,52766.46361305717,51869.58050478847,52268.197193016334,2917159
2022-05-05,52168.546875,52567.16003369543,50773.397267370594,52118.72023016307,4005802
2022-05-06,49926.3359375,51819.74812396783,49926.3359375,50972.69530370591,4436514
2022-05-09,46837.0859375,49328.42158071422,46837.0859375,48979.635087971554,8211082
2022-05-10,49029.45703125,49228.763579431776,45840.54870814673,46837.081449055615,5140618
2022-05-11,50773.38671875,50773.38671875,48232.22836001478,48830.14797383483,3043635
2022-05-12,47634.3125,50773.39450621238,47335.352647236454,49477.901810903706,4729617
2022-05-13,46637.77734375,49328.41943733405,46388.64414547324,47883.44333513381,7489457
2022-05-16,46438.46875,48581.01771347968,46438.46875,48581.01771347968,3177229
2022-05-17,49677.20703125,49677.20703125,46089.6853432521,46338.818547127295,3733687
2022-05-18,48680.671875,49876.51119610049,48581.01859824162,49677.20464258374,3530376
2022-05-19,48331.890625,48680.67713131467,47385.18084137916,47385.18084137916,2242256
2022-05-20,48581.0234375,49278.59644429534,48331.89022078738,48680.676724185054,2574050
2022-05-23,48082.75390625,48929.80678849989,47883.443793525556,48929.80678849989,2074899
2022-05-24,48929.80859375,48929.80859375,47833.61891819975,48082.75568024836,2527146
2022-05-25,52318.0234375,52318.0234375,49178.94146289877,49577.554595902715,6881898
2022-05-26,52616.98046875,53364.38005309688,52118.71407918541,52417.67391292416,2603251
2022-05-27,55706.23046875,55805.88729596817,52567.15230551621,52616.97894302786,7078273
2022-05-30,55457.1015625,56005.198169636256,54410.74209397608,55357.448279783435,4556967
2022-05-31,54759.53125,55457.10426298428,53563.691799169814,55457.10426298428,3936632
2022-06-01,55706.23046875,56254.32703357299,54709.69771851705,54759.5243560287,3716714
2022-06-02,55706.23046875,55706.23046875,55706.23046875,55706.23046875,0
2022-06-03,56802.421875,56802.421875,55257.7925102135,55556.75234490863,3204605
2022-06-06,56304.15234375,57798.951433860486,55805.88598037984,56802.41870712016,4668842
2022-06-07,57599.65234375,57599.65234375,54111.78379652232,56154.67970295085,7132295
2022-06-08,57300.69140625,58596.18409425554,57051.55819701816,57948.43775025277,4855363
2022-06-09,57450.171875,57749.13172890498,56453.639028650105,57549.825159634995,3114082
2022-06-10,54809.35546875,57151.21117520592,54809.35546875,56503.46483466571,5424961
2022-06-13,52109.18359375,54889.95171682296,51988.28000729058,53197.31228051135,5160785
2022-06-14,53862.28125,54345.89563741834,51686.0272807387,51988.284477188296,3510635
2022-06-15,54708.59765625,54769.04765326642,53197.311817105736,54769.04765326642,2680694
2022-06-16,55615.37109375,56703.49980887205,54527.24597000147,55010.85673707043,3828802
2022-06-17,55615.37109375,55978.08186258186,53801.828023711285,54587.695969120025,3530559
2022-06-20,55615.37109375,57126.660576822454,55192.2103257996,56522.14622014288,3777701
2022-06-21,53862.28125,56522.14960667964,53801.83124725958,55857.1816196663,3741656
2022-06-22,51081.5078125,54648.14740415542,51021.05781576575,54285.43664962976,4519127
2022-06-23,51686.0234375,52471.89496293256,50597.898329466385,50779.25191557641,3075969
2022-06-24,51686.0234375,53076.40931088162,51686.0234375,52048.734201093524,1372437
2022-06-27,52290.54296875,53136.86457631972,51927.83576057659,52230.09296451237,1908393
2022-06-28,54224.98828125,54527.24545674469,52713.69881240309,54104.08469277743,3492841
2022-06-29,54406.34765625,54406.34765625,53318.22242698445,53741.37964459548,1798586
2022-06-30,52109.18359375,54345.890964815706,52109.18359375,54104.08379189687,2291198
2022-07-01,53197.3125,53680.9232564596,51262.86229141471,52592.79815658214,2580164
2022-07-04,52411.4453125,53499.574093689655,51988.284518856664,53499.574093689655,1529239
2022-07-05,51625.56640625,53076.40208022829,51625.56640625,53076.40208022829,2122533
2022-07-06,50476.9921875,51927.82798571583,50476.9921875,50839.69934136731,3395201
2022-07-07,50235.1875,51141.962612108015,50235.1875,50718.80185082387,1956301
2022-07-08,50537.4453125,50779.25249096899,50235.188135100514,50718.8024920385,1384604
2022-07-11,50053.83203125,51141.960688298044,50053.83203125,51141.960688298044,1517985
2022-07-12,50053.83203125,50053.83203125,50053.83203125,50053.83203125,0
2022-07-13,49872.484375,50779.25596931166,49872.484375,50779.25596931166,1734862
2022-07-14,50053.83203125,50476.99277661609,49691.12487314954,50053.83203125,1355555
2022-07-15,49691.1328125,50779.258052028825,49691.1328125,50779.258052028825,2102305
2022-07-18,50174.7421875,51081.51379291519,49751.58138669815,50053.83858850321,1923754
2022-07-19,50174.7421875,50174.7421875,49691.131382886655,50114.288592314704,1802845
2022-07-20,51323.3203125,51927.83470811946,50779.25591989299,51383.77031551245,4332820
2022-07-21,51383.765625,51927.82996794268,51081.5084547815,51927.82996794268,2743962
2022-07-22,51444.22265625,52290.54063466899,51444.22265625,52230.09063312966,1988087
2022-07-25,51625.56640625,52592.791386026525,51444.21284484596,52592.791386026525,3415733
2022-07-26,51262.8671875,51988.285187160356,51262.8671875,51988.285187160356,1716763
2022-07-27,51504.671875,51504.671875,51021.061095914454,51141.964688529246,1172746
2022-07-28,51323.3203125,51867.38470510701,50235.191527285984,51504.67391291109,2531952
2022-07-29,50476.9921875,51504.66724528844,50476.9921875,51444.21725010165,2953235
2022-08-01,50779.25390625,50900.15749885423,50235.18953521777,50779.25390625,2760540
2022-08-02,51383.765625,51444.21921386776,50476.994114344496,50779.251284563,2858788
2022-08-03,51262.8671875,51504.67438451138,50900.159983356716,51383.77078600569,3421208
2022-08-04,52048.73828125,52350.9954789188,51323.32028857013,51444.223885912405,4633801
2022-08-05,51867.37890625,52713.696810673275,51746.47532236858,52048.73248638547,2696663
2022-08-08,51988.28515625,52230.09235311761,51565.12435741857,51927.835152719985,2413324
2022-08-09,52109.18359375,52895.05511004952,51806.92642328816,51988.28000729058,3529646
2022-08-10,51988.28515625,52411.44595508143,51988.28515625,52169.6423495876,1705509
2022-08-11,51988.28515625,52471.89954998522,51806.93155428618,52109.188754683804,2817877
2022-08-12,52290.54296875,52290.54296875,51806.93216072751,51806.93216072751,1890599
2022-08-15,53741.37890625,53862.28250592373,52350.99648843664,52350.99648843664,4691899
2022-08-16,53620.4765625,54043.6373472403,53257.76577927674,53741.37656553409,2103065
2022-08-17,53378.66796875,53862.278742278635,53197.31437759846,53801.82874235264,2290741
2022-08-18,53378.66796875,54224.98951595529,53136.860786298894,53136.860786298894,3882641
2022-08-19,52532.3515625,53499.57679558607,52109.190747485714,53197.31958362929,2977264
2022-08-22,52471.8984375,52774.1556314893,51927.83405176977,52350.99484162954,2485109
2022-08-23,52592.796875,52592.796875,52048.732542632315,52048.732542632315,1651213
2022-08-24,52715.10546875,53082.03380300179,52653.95256294153,52898.567819309064,1533042
2022-08-25,52776.26953125,53020.884822488835,52592.80352140315,52715.11298358965,1739728
2022-08-26,53326.65625,53693.58463372886,52776.269124107945,52837.422038162345,2945326
2022-08-29,52898.578125,53204.35361301445,51797.800174058604,53204.35361301445,3388509
2022-08-30,52837.41796875,53204.34632421891,52592.79906510406,52898.57087809455,1753873
2022-08-31,52959.73046875,53204.34938647535,52470.49626643338,52470.49626643338,1785050
2022-09-01,52959.73046875,52959.73046875,52959.73046875,52959.73046875,0
2022-09-02,52959.73046875,52959.73046875,52959.73046875,52959.73046875,0
2022-09-05,52715.10546875,53020.87726405966,52531.643118190936,52898.567819309064,1552661
2022-09-06,52470.49609375,52837.420835996374,52470.49609375,52592.801919076075,1781857
2022-09-07,51369.7109375,52531.6452603112,51369.7109375,52287.02636083501,3401284
2022-09-08,51553.171875,51981.25312072072,51247.400075647165,51430.86242863213,1727105
2022-09-09,51553.171875,51981.25312072072,51553.171875,51736.637861118674,1742010
2022-09-12,51736.64453125,52103.56928452558,51553.178521478025,52042.41637002438,1088946
2022-09-13,51736.64453125,52164.722199026786,51553.178521478025,51981.259822388995,1591443
2022-09-14,51369.7109375,51675.482745278336,51063.939129721664,51063.939129721664,1991129
2022-09-15,51186.24609375,51675.480235810355,51186.24609375,51675.480235810355,1187042
2022-09-16,50452.3984375,51308.56100214102,50452.3984375,51186.25154531601,2068542
2022-09-19,50819.3203125,51125.092120773246,50085.46724601744,50452.39559582563,2712784
2022-09-20,51002.7890625,51247.40434246854,50330.088868035,50819.323061106086,874503
2022-09-21,50330.0859375,50941.62955151442,50330.0859375,50941.62955151442,1179286
2022-09-22,50697.01171875,50758.16826131777,50085.46809187558,50146.624634443346,1783073
2022-09-23,50391.23828125,50819.31953289221,50207.77592572727,50819.31953289221,1278447
2022-09-26,49840.84765625,50146.619438001624,49106.9946534194,49840.84765625,2834302
2022-09-27,49229.30859375,50146.624022874414,49229.30859375,50146.624022874414,1418824
2022-09-28,47700.44921875,49168.15546034643,47700.44921875,48984.6930884304,3115360
2022-09-29,47088.91015625,48984.697872906945,47088.91015625,48801.235483071614,1983068
2022-09-30,49229.30859375,49412.770952948114,47027.74938397111,47088.9022926592,3208894
2022-10-03,47088.91015625,49107.00734384198,46721.98174344489,48678.92601213657,1894401
2022-10-04,47394.67578125,48311.991242868884,47211.213415553015,47700.44760178962,3102585
2022-10-05,47945.0625,48617.75899565032,47945.0625,48311.98720069406,1478138
2022-10-06,46783.12890625,48250.83499663746,46783.12890625,48250.83499663746,1926492
2022-10-07,45254.2734375,46599.67018639386,45254.2734375,46599.67018639386,3134523
2022-10-10,45254.2734375,46171.58890722754,44092.33905592485,44948.49798112349,2472334
2022-10-11,43419.640625,45254.27527195912,43419.640625,45254.27527195912,2423666
2022-10-12,44275.80078125,44826.19150835953,43419.638235331615,43419.638235331615,2225192
2022-10-13,44642.7265625,44642.7265625,43725.41108445838,44153.49236750461,1261109
2022-10-14,45254.2734375,45560.04526074251,45009.65452565239,45498.888716213616,1283922
2022-10-17,45131.96484375,45193.117756313135,44398.11172732208,44948.498839792475,1075866
2022-10-18,45804.66015625,46049.2790660511,45254.27305889846,45254.27305889846,1336849
2022-10-19,46171.58984375,46599.671131599316,45682.35201013132,45804.66146853599,1556919
2022-10-20,47578.140625,48006.22192267839,46049.281442672975,46355.05327913838,2631570
2022-10-21,45193.11328125,47516.981858682506,45193.11328125,47516.981858682506,2380017
2022-10-24,43480.7890625,45560.04241716237,43419.636154921885,45193.11407229238,2168919
2022-10-25,44765.03515625,45560.04479506174,43480.79133187763,43664.25733045508,2379561
2022-10-26,45131.96484375,45560.046131094125,44459.264639885216,45560.046131094125,950698
2022-10-27,46355.046875,46599.665763630896,45070.803159388306,45315.422048019194,1423386
2022-10-28,45865.81640625,46660.82240830635,45682.350408508275,46660.82240830635,1331982
2022-10-31,46232.73828125,46477.35717438126,45070.8039885771,45865.81357468683,1649693
2022-11-01,46171.58984375,46966.59587367926,45865.81801430536,46660.82404423462,853971
2022-11-02,45254.2734375,46477.360730470056,45254.2734375,45988.122906774835,1487719
2022-11-03,45315.42578125,46293.89778324958,45070.806872466615,45560.044690033385,946592
2022-11-04,44581.5703125,45254.270459242434,43725.40781051282,45254.270459242434,2504576
2022-11-07,44398.109375,45254.27190432663,44398.109375,44398.109375,2391423
2022-11-08,44826.19140625,45193.11613473124,43664.25704416952,43725.409954538416,1437226
2022-11-09,45254.2734375,45437.73580481871,44826.19215833368,44826.19215833368,1061114
2022-11-10,44642.7265625,45070.80784554623,42257.704866338165,44948.49838851388,2426099
2022-11-11,44520.421875,45009.656082483256,44031.184034382626,44703.88424866446,1525285
2022-11-14,43297.328125,44275.80011023975,42808.09394894707,44031.18120564634,2492714
2022-11-15,40300.7578125,42808.08855253849,40300.7578125,42808.08855253849,4737373
2022-11-16,42380.01171875,42808.092975486914,37487.659170071616,37487.659170071616,4639277
2022-11-17,43419.640625,44031.184296274994,39444.60312857841,42380.01565720569,2351729
2022-11-18,43725.4140625,44031.18590933932,42318.864293665974,42869.251438096195,1918887
2022-11-21,42869.2421875,43908.86696904374,42502.317503723854,42502.317503723854,1278295
2022-11-22,43113.8671875,44031.18266033034,42257.704626271414,42808.09536322322,1789005
2022-11-23,43113.8671875,43419.63901177678,42624.63299528395,42808.09536322322,708575
2022-11-24,43113.8671875,43419.63901177678,42441.16699421068,42685.78590688571,1199057
2022-11-25,44031.18359375,44031.18359375,43113.86810147343,43175.021014371574,1927556
2022-11-28,45437.734375,45560.04382707501,44214.64348738374,44275.80002998819,1744139
2022-11-29,45437.734375,45804.65909809116,44642.724753079354,45804.65909809116,1739576
2022-11-30,45621.1953125,45804.65766831888,44948.495163652406,45560.04240493829,1386277
2022-12-01,45682.34765625,46355.04779679513,45315.42294914082,45926.96654974527,2701834
2022-12-02,47333.5234375,47516.98580539505,45254.27357966539,45682.351227042505,4412666
2022-12-05,47883.90625,48311.98749214801,47333.51919563857,47700.44389854619,1849992
2022-12-06,46477.36328125,48250.84140664256,46477.36328125,47883.91301873331,2338649
2022-12-07,46783.12890625,46844.281812877096,45743.50406165336,46416.20056708628,1565588
2022-12-08,47088.91015625,48189.68812839643,46232.74749283919,47027.7572373497,1927404
2022-12-09,47700.44921875,47700.44921875,46599.67135411972,46660.824267047035,1501864
2022-12-12,47088.91015625,47822.76334872577,46721.98174344489,47455.83493592066,1845581
2022-12-13,47211.21484375,47272.367756454296,45988.12389145753,46599.6711841708,1368331
2022-12-14,46660.8203125,47394.6733711035,46538.51086387712,47211.21101473607,1761173
2022-12-15,47516.98046875,47761.59935389286,46721.9709086025,46721.9709086025,1780184
2022-12-16,47639.2890625,47700.441966129314,46721.970076125566,47088.898397302044,1385365
2022-12-19,46844.28515625,47883.91007504681,46844.28515625,47883.91007504681,1560721
2022-12-20,46844.28515625,47211.213521602156,46110.43205867967,47211.213521602156,1195103
2022-12-21,47211.21484375,47333.52430229266,46293.8993543812,47211.21484375,827508
2022-12-22,47211.21484375,47394.67721499695,46477.36172562814,47211.21484375,1000431
2022-12-23,47700.44921875,47700.44921875,46599.67135411972,46721.97717997435,1856988
2022-12-26,46721.97265625,47761.601140427934,46721.97265625,47516.98224613504,1266128
2022-12-27,46783.12890625,47394.67250505582,46477.357106847085,46721.972366489186,1224608
2022-12-28,46905.4375,47088.89984968006,46477.35626199076,47088.89984968006,896099
2022-12-29,46599.66796875,47088.902136028926,46599.66796875,46783.130327337865,996629
2022-12-30,47027.74609375,47027.74609375,46477.35542152902,46599.664863481856,956022
2023-01-02,47027.74609375,47027.74609375,47027.74609375,47027.74609375,0
2023-01-03,48923.53515625,48923.53515625,46966.594767277515,47027.75131160621,2334847
2023-01-04,48923.53515625,49535.08243386701,48495.45751161907,49412.77297834361,1208031
2023-01-05,49290.46484375,49840.85559178818,49045.84592614768,49045.84592614768,1540038
2023-01-06,49106.99609375,49596.23023227535,49045.839555725826,49168.148998640565,1094117
2023-01-09,49106.99609375,49473.920789360614,48862.377207920516,49229.30553666474,789182
2023-01-10,49168.15234375,49718.54305774485,49045.84289251405,49351.614704037,1144762
2023-01-11,49473.92578125,49902.007058077936,49168.15395967776,49168.15395967776,1637830
2023-01-12,49351.61328125,49840.851072089274,49045.84147854233,49535.079269381604,825074
2023-01-13,48923.53515625,49657.38825625643,48923.53515625,49229.3106116255,955565
2023-01-16,49412.7734375,49535.08289415993,48740.07324243737,48984.692155757235,873742
2023-01-17,50146.62890625,50146.62890625,49535.08522728042,49657.39105656699,1487719
2023-01-18,51002.7890625,51002.7890625,50024.317043223826,50207.77941148373,1451827
2023-01-19,51308.5546875,51492.01703359144,50697.00747863924,50758.16401609211,2018505
2023-01-20,51308.5546875,51308.5546875,51308.5546875,51308.5546875,0
2023-01-23,51308.5546875,51308.5546875,51308.5546875,51308.5546875,0
2023-01-24,51308.5546875,51308.5546875,51308.5546875,51308.5546875,0
2023-01-25,51308.5546875,51308.5546875,51308.5546875,51308.5546875,0
2023-01-26,51308.5546875,51308.5546875,51308.5546875,51308.5546875,0
2023-01-27,51369.7109375,52287.02636083501,51369.7109375,51430.86384580214,1734862
2023-01-30,51186.24609375,51614.32733047792,51186.24609375,51492.01788667943,1355099
2023-01-31,51063.9375,51186.24694583455,49963.159753756416,51063.9375,2325569
2023-02-01,50146.62890625,51369.71626418916,50024.31944382925,51369.71626418916,1594333
2023-02-02,50085.46875,50391.24056745506,49718.5440223075,50207.77820360881,2015463
2023-02-03,48984.6875,50146.62177813212,48984.6875,50146.62177813212,2629592
2023-02-06,49229.30859375,49902.00512185437,48740.07079170991,48923.53315090803,1436314
2023-02-07,49351.61328125,50085.46633437516,49229.307466673934,49229.307466673934,1141872
2023-02-08,49657.390625,49963.16609496152,49290.46587406083,49412.775335418606,1018529
2023-02-09,49351.61328125,49902.00397937731,49351.61328125,49535.079269381604,1130010
2023-02-10,49351.61328125,49657.38508395767,49229.307466673934,49596.23217666964,1102634
2023-02-13,49351.61328125,49657.38508395767,48923.53203083251,49351.61328125,932600
2023-02-14,49412.7734375,49535.08289415993,49045.8450675202,49351.61689260302,942486
2023-02-15,49902.00390625,50085.466260979,49106.99794700182,49229.30739453241,981268
2023-02-16,49902.00390625,50146.62280131117,49351.613208929244,49902.00390625,645155
2023-02-17,49902.00390625,49902.00390625,49535.079196791994,49657.38501118883,711161
2023-02-20,50635.859375,50758.168828368056,49779.696834557544,49902.00628792559,1939267
2023-02-21,50635.859375,51186.250098589284,50513.549921631944,50635.859375,1277535
2023-02-22,50024.3125,50452.393742483975,50024.3125,50330.084297040885,1136397
2023-02-23,49779.69921875,49963.16522415612,49290.46501497989,49963.16522415612,1764975
2023-02-24,49412.7734375,49718.545262582826,49168.15452418013,49596.235805922886,850473
2023-02-27,49106.99609375,49229.30553666474,48862.377207920516,48923.53011281108,1544296
2023-02-28,49229.30859375,49351.61441112619,48617.76134119989,48923.53315090803,797394
2023-03-01,49229.30859375,49229.30859375,48128.52717229364,48617.76134119989,2093332
2023-03-02,48923.53515625,49229.3106116255,48801.22933386058,48923.53515625,655192
2023-03-03,48006.21875,48923.53419877184,48006.21875,48495.45656251878,1126664
2023-03-06,47822.75390625,48801.22584739915,47761.60099942418,47761.60099942418,1242859
2023-03-07,48189.68359375,48862.38380402442,48189.68359375,48373.14959945563,1204533
2023-03-08,48617.76171875,48617.76171875,48006.21809458467,48006.21809458467,776558
2023-03-09,49290.46484375,49351.61775658354,48434.30226527596,48617.76463691066,973816
2023-03-10,48617.76171875,49168.15243375234,48311.98990666733,49045.8429822925,974728
2023-03-13,48250.8359375,48556.60774286528,47761.60177554231,47761.60177554231,1348255
2023-03-14,48128.52734375,48373.14624564149,48006.217892804256,48311.98970360169,650021
2023-03-15,49229.30859375,49229.30859375,48373.14607331368,48373.14607331368,1052141
2023-03-16,48434.30078125,48923.53496833044,47945.06659416956,48923.53496833044,1292743
2023-03-17,48311.9921875,48923.535840536606,48067.37690616578,48678.920559202386,653063
2023-03-20,47455.82421875,48495.45267034643,47455.82421875,48373.143227033106,1170769
2023-03-21,47761.60546875,48128.530210307596,47150.05817759723,48067.377297759354,815493
2023-03-22,48006.21875,48067.37529313181,47455.82802748333,47822.75638687242,928342
2023-03-23,47700.44921875,48006.22104965475,47455.83030077256,47945.06813672744,542344
2023-03-24,48067.375,48189.680819249916,47700.446642848576,47883.90900485734,557704
2023-03-27,48373.15234375,48434.30526036513,48006.22394465634,48250.84287738545,1166815
2023-03-28,48434.30078125,48434.30078125,47394.67586299535,48434.30078125,1521483
2023-03-29,48311.9921875,48495.45818991821,48067.37690616578,48434.30164473413,615193
2023-03-30,48373.15234375,48495.46181011456,48189.686327636016,48311.99579400057,621125
2023-03-31,48373.15234375,48617.76764334481,48311.99579400057,48373.15234375,1021419
2023-04-03,49473.92578125,49473.92578125,48373.14795021672,48556.610316533275,1779727
2023-04-04,49229.30859375,49535.08040345814,48923.53315090803,49473.923861636205,889103
2023-04-05,49290.46484375,49290.46484375,48740.074095711825,49229.31193091646,641809
2023-04-06,49106.99609375,49840.84911810484,49106.99609375,49351.611346445876,932144
2023-04-07,49229.30859375,49351.61441112619,48923.53315090803,49045.84260141805,547210
2023-04-10,49106.99609375,49535.07732738479,48984.68665083526,49535.07732738479,1170769
2023-04-11,49106.99609375,49229.30553666474,48984.68665083526,49045.839555725826,812147
2023-04-12,49106.99609375,49229.30553666474,48862.377207920516,49106.99609375,874046
2023-04-13,48678.91796875,49168.15213851784,48495.45560922879,49106.99922972205,822032
2023-04-14,48678.91796875,48984.68977899663,48495.45560922879,48862.38032827121,606524
2023-04-17,48678.91796875,48740.07087754579,48311.98961657374,48678.91796875,684241
2023-04-18,48556.609375,48923.53410051828,48434.29992211594,48678.91882788406,458695
2023-04-19,48495.45703125,48801.22885046271,48495.45703125,48801.22885046271,638463
2023-04-20,48556.609375,48801.22828076812,48434.29992211594,48801.22828076812,554206
2023-04-21,48495.45703125,48923.534671640635,48495.45703125,48923.534671640635,492763
2023-04-24,48373.15234375,49290.467891782704,48311.99579400057,48617.76764334481,1208335
2023-04-25,47945.0625,48495.453184174745,47883.90596112855,48373.1437395655,821272
2023-04-26,47883.90625,47945.06278924039,47455.82500785199,47761.60043778658,1174115
2023-04-27,47883.90625,48189.67804680091,47761.60043778658,47761.60043778658,336113
2023-04-28,47394.67578125,48189.68178802624,47394.67578125,48189.68178802624,1438139
2023-05-01,47394.67578125,47394.67578125,47394.67578125,47394.67578125,0
2023-05-02,47394.67578125,47394.67578125,47394.67578125,47394.67578125,0
2023-05-03,47394.67578125,47394.67578125,47394.67578125,47394.67578125,0
2023-05-04,48006.21875,48128.528203129696,47455.82802748333,47578.137480613026,756179
2023-05-05,47945.0625,48067.37194460924,47822.75305539076,48067.37194460924,485463
2023-05-08,48006.21875,48250.83765625939,47945.06584000211,48006.21875,551925
2023-05-09,48250.8359375,48801.22664041101,48067.37358090759,48067.37358090759,921498
2023-05-10,48311.9921875,48678.920559202386,48311.9921875,48311.9921875,961953
2023-05-11,48373.15234375,48678.92419309424,48311.99579400057,48373.15234375,723784
2023-05-12,49229.30859375,49290.46150243809,48189.68008098173,48495.4555238237,1647259
2023-05-15,49535.0859375,50024.320161063326,49412.77647332561,49779.70123271454,1421561
2023-05-16,49840.84765625,49963.15709557735,49412.76643517103,49535.075874498376,1165750
2023-05-17,49840.84765625,50574.7006590806,49596.2287775953,50085.4629017712,1484678
2023-05-18,50697.01171875,50758.16826131777,49779.69627843836,50024.315182441685,2357052
2023-05-19,50635.859375,50941.63119185318,50024.31574129365,50758.168828368056,1632811
2023-05-22,50452.3984375,50635.8608061705,50146.626612004504,50635.8608061705,853210
2023-05-23,50146.62890625,50452.40074573479,49779.70051898774,50452.40074573479,998454
2023-05-24,50146.62890625,50146.62890625,50146.62890625,50146.62890625,0
2023-05-25,50880.4765625,51002.786011735254,49535.079887179796,49657.38570328126,2039949
2023-05-26,50819.3203125,51002.786303971,50330.08614588957,50819.3203125,1314644
2023-05-29,50819.3203125,51186.248662308186,50697.01086256394,51063.939212372126,1337761
2023-05-30,51369.7109375,51920.101644754526,50697.01078050737,50758.16732194333,2523283
2023-05-31,51430.859375,51492.01591111971,50819.31581260383,51492.01591111971,1276622
2023-06-01,51063.9375,51369.70929801953,50819.31860833089,51369.70929801953,817166
2023-06-02,51247.40625,51553.17808619262,50819.32495270351,51063.94387491126,1119211
2023-06-05,51981.2578125,52103.56726990741,51247.40470118956,51308.56124646028,2168007
2023-06-06,52164.72265625,52164.72265625,51797.79789975833,52164.72265625,781729
2023-06-07,51981.2578125,52225.876727314826,51553.17652814107,51981.2578125,1073433
2023-06-08,51125.08984375,51920.099416359146,51063.93693807252,51797.78997187054,1892728
2023-06-09,51736.64453125,51797.7974457512,51186.25376820244,51553.178521478025,1034499
2023-06-12,51920.1015625,51920.1015625,51125.09195702877,51675.48266341135,790398
2023-06-13,51614.33203125,51920.103852027576,51553.17548721411,51614.33203125,709944
2023-06-14,51492.01953125,51858.944241230834,51430.8629908307,51553.172438535556,1001648
2023-06-15,51430.859375,51614.32535022565,51125.087593801916,51492.01591111971,1214570
2023-06-16,51675.484375,52715.1092808604,51002.78782992594,51430.86546780911,3393832
2023-06-19,51797.7890625,52287.02319873172,51675.47962015867,51797.7890625,1008644
2023-06-20,52287.03125,52470.49725832927,51797.79703843496,51981.259413630076,1436466
2023-06-21,52470.49609375,52837.420835996374,52225.87717682971,52287.03008949274,1073433
2023-06-22,52470.49609375,52470.49609375,52470.49609375,52470.49609375,0
2023-06-23,52042.4140625,52348.185887716674,51858.948060862785,52348.185887716674,1250159
2023-06-26,52470.49609375,52470.49609375,51736.64297612319,52042.414805706525,1307039
2023-06-27,53387.8125,53387.8125,52592.802822913385,52592.802822913385,2342755
2023-06-28,53204.34765625,53693.58184265654,53204.34765625,53448.96293288629,1467492
2023-06-29,52898.578125,53265.50653073672,52898.578125,53204.35361301445,855340
2023-06-30,52592.796875,52959.725215189035,52592.796875,52898.56867525734,1115561
2023-07-03,52837.41796875,53082.03687239594,52592.79906510406,52898.57087809455,1581101
2023-07-04,53204.34765625,53204.34765625,52715.109836709504,52837.419291594626,2019874
2023-07-05,53309.70703125,54521.292286088,53309.70703125,53523.51662702163,2363704
2023-07-06,53167.16015625,53594.779300201546,52739.54469409987,53309.70109816766,2006232
2023-07-07,53666.0546875,53808.59564736538,52882.088612745116,52882.088612745116,1185356
2023-07-10,53666.0546875,54093.67388529426,53380.97644957112,53666.0546875,1526561
2023-07-11,53452.23828125,53737.320164674464,53452.23828125,53666.04785291764,1443244
2023-07-12,53666.0546875,53951.13292542887,53380.97644957112,53452.245088602875,1196730
2023-07-13,54022.3984375,54022.3984375,53737.32023550121,54022.3984375,1656299
2023-07-14,55804.13671875,55804.13671875,54236.201176162096,54806.361228830974,3733153
2023-07-17,56303.02734375,56445.564602857456,55946.67683237859,56303.02734375,1525239
2023-07-18,56089.22265625,56303.032245326205,55661.60347809759,56303.032245326205,949951
2023-07-19,55946.671875,56231.75004975581,55804.13462852263,55946.671875,937123
2023-07-20,57229.52734375,57942.22464447218,55946.67367517055,56017.94230070241,3034211
2023-07-21,57728.421875,57728.421875,56730.6462730097,56801.91490692283,1684336
2023-07-24,57728.421875,57942.23145854101,57443.34365754586,57728.421875,1550895
2023-07-25,57942.2265625,58583.651577121855,57728.41699702561,57728.41699702561,1397750
2023-07-26,58940.0078125,58940.0078125,57799.69124633342,57870.96356295748,1680633
2023-07-27,59652.703125,60151.59091495515,59011.274388571284,59011.274388571284,1874908
2023-07-28,60151.5859375,60151.5859375,59225.07906659278,59510.157254148566,1188134
2023-07-31,61006.82421875,61149.36148031543,60151.589603953056,60365.3954963012,1946058
2023-08-01,60222.85546875,61505.70917292574,60222.85546875,61006.821416757324,1702454
2023-08-02,59510.1640625,60436.67103940567,59510.1640625,60222.86145382731,1317606
2023-08-03,59652.703125,60009.049968481595,59082.543020907295,59723.97175733601,1200697
2023-08-04,59367.625,60222.86336951859,59367.625,59866.51282161859,2140995
2023-08-07,60222.85546875,60222.85546875,59367.61721143199,59581.426775761494,995181
2023-08-08,60009.04296875,60294.121146642756,59723.96479085725,59866.502038903076,841110
2023-08-09,59225.08203125,60365.394838554304,59153.81340124384,59866.50706490831,1299620
2023-08-10,58583.65234375,59367.61830621423,58583.65234375,59225.08104856693,1776514
2023-08-11,58441.1171875,59153.8145467674,58084.76666696556,58441.1171875,1511485
2023-08-14,58868.73046875,59296.3458962254,58441.111359473485,58512.37998375253,1341147
2023-08-15,59866.50390625,60080.31346678896,58084.76247749367,58868.73209340358,2215981
2023-08-16,60650.47265625,60721.74496760618,59296.35028570214,59296.35028570214,3432416
2023-08-17,61291.8984375,62147.13299667587,60579.2011306195,60579.2011306195,4885050
2023-08-18,60935.55859375,62646.03158951824,60080.32025496506,61006.8272280482,5612293
2023-08-21,61220.6328125,61790.78921323402,60935.55461213298,61220.6328125,3243828
2023-08-22,61648.24609375,61648.24609375,59153.81100823154,61505.70883950389,3081821
2023-08-23,61648.24609375,61862.059338721716,60365.39239652861,61576.977466626944,1875966
2023-08-24,64892.8984375,64965.004348165414,61359.839185122466,61648.25537805683,6945241
2023-08-25,65325.51171875,65613.92042980171,64243.96042798986,64532.376588768064,3691626
2023-08-28,67777.03125,67993.34153444576,65613.92840554247,66334.96517027078,3902300
2023-08-29,67488.609375,67777.0255465666,66911.78448159357,67777.0255465666,2046436
2023-08-30,69651.7109375,70805.36082948529,67128.10086756626,67200.1993297357,3122025
2023-08-31,69723.8203125,70300.64528714288,69291.19971908588,69651.71439702171,1856393
2023-09-01,69723.8203125,69723.8203125,69723.8203125,69723.8203125,0
2023-09-04,69723.8203125,69723.8203125,69723.8203125,69723.8203125,0
2023-09-05,69795.90625,71165.87369981373,69795.90625,70012.21650787973,1903871
2023-09-06,71382.1796875,71382.1796875,69435.38748304265,70012.21231963986,3294347
2023-09-07,70589.0546875,72680.04408758447,70372.74441166683,71382.18988231257,4297596
2023-09-08,70372.7421875,71021.66554476284,69940.12164950687,70300.63628125886,2797881
2023-09-11,70228.53125,71742.70315184114,68714.36679788581,71165.87824390589,6810610
2023-09-12,71310.078125,71310.078125,70228.5268345421,70228.5268345421,3545225
2023-09-13,70661.140625,71382.17723325048,70228.52014999487,71310.0713375077,3821099
2023-09-14,69146.984375,70661.14876215953,68858.56820854137,70661.14876215953,3067803
2023-09-15,70300.6328125,70516.94307082343,68714.36255127916,69219.08152088284,2823273
2023-09-18,69868.015625,69868.015625,69002.77455047834,69868.015625,2680575
2023-09-19,70949.5703125,70949.5703125,69146.98962209623,69795.91300884892,4739311
2023-09-20,71021.6640625,71886.90512042819,71021.6640625,71237.97432698205,3233248
2023-09-21,69795.90625,71310.07805515805,69435.39163677595,71021.66189474294,4521627
2023-09-22,69723.8203125,69940.13060920706,66767.58952380728,68570.17036321423,9073672
2023-09-25,67993.328125,70372.73333491656,67993.328125,69940.1128513452,2773414
2023-09-26,67416.5078125,68858.57386377417,67128.0990720815,67921.23428282322,2848797
2023-09-27,67993.328125,67993.328125,65181.302431512086,67704.9119860438,5965004
2023-09-28,67777.03125,67993.34153444576,65902.34460137926,67849.12971166366,2333419
2023-09-29,66911.78125,68425.94559084745,66911.78125,67777.02227318505,2162684
2023-10-02,67200.1953125,67632.81585856424,66334.96167009854,67344.40712767275,1504343
2023-10-03,66479.171875,67416.5115073227,65974.45282674245,66479.171875,2654125
2023-10-04,66695.4765625,67344.40738406696,65830.23546707738,65830.23546707738,2105023
2023-10-05,66046.546875,67272.30263132016,66046.546875,66911.78798527944,1810634
2023-10-06,66839.6875,66911.79341495015,65613.93164421381,65974.45376923686,1517833
2023-10-09,68930.671875,68930.671875,66479.16061372447,66623.36496740939,4836382
2023-10-10,69435.3984375,70084.32927469752,68786.47505002968,69579.61025669536,4305398
2023-10-11,69940.1171875,70661.1464050041,69146.98206835493,69146.98206835493,3118719
2023-10-12,69507.5078125,70516.95334855895,69219.09160945706,69940.12839220063,2487887
2023-10-13,69291.1953125,69435.39968455807,68714.3703745404,69219.0894016073,3123877
2023-10-16,69795.90625,71310.07805515805,69435.39163677595,69795.90625,6578908
2023-10-17,67128.09375,70516.94460446785,67128.09375,70516.94460446785,3200582
2023-10-18,67055.9921875,68425.9523088945,65613.92615718527,68425.9523088945,8123853
2023-10-19,66334.96875,67993.34520366834,66334.96875,67777.03490754952,4006381
2023-10-20,66983.890625,67055.98908085284,64964.99976603831,66695.47445240828,3786582
2023-10-23,65613.921875,67632.81269573559,65469.717516297926,67632.81269573559,2607573
2023-10-24,66334.96875,66623.37751167323,65469.727565524736,66623.37751167323,2132399
2023-10-25,65541.8203125,66839.67437872732,65541.8203125,66190.7510704768,2428771
2023-10-26,62585.59375,64820.78740736734,62008.76513455216,63667.137626198375,7815313
2023-10-27,62729.80078125,63450.830062750356,62225.07804928164,63090.315422000174,2691023
2023-10-30,61287.734375,62801.90628604626,61287.734375,62729.80037846839,2472413
2023-10-31,59845.671875,61504.04442047646,59845.671875,61359.836330717706,4082822
2023-11-01,61576.1484375,61576.1484375,59557.26119477195,60783.013232355224,2876702
2023-11-02,64171.87109375,64171.87109375,61936.66974171362,62297.184406619715,2914790
2023-11-03,62729.80078125,64316.07116033241,62729.80078125,64171.866793977744,6403941
2023-11-06,63811.34375,64099.75992812671,63306.624750436924,63595.040928563634,1600357
2023-11-07,63667.140625,64027.65526738015,63378.73189098672,63811.34499200665,1772414
2023-11-08,66767.5859375,66767.5859375,63450.83319929738,63595.04502250787,3892382
2023-11-09,66695.4765625,67272.30147620608,66190.75755665482,66334.96192264959,2790739
2023-11-10,65974.4453125,66839.67893235576,65830.23350108504,65974.4453125,3182596
2023-11-13,65902.3359375,66334.95644951686,65253.4051694747,66046.54029159682,2026202
2023-11-14,66767.5859375,67344.41088115971,65830.23888554148,66334.96536732336,2642090
2023-11-15,66623.375,67632.82052725622,66334.96624919966,67560.72206441988,3197276
2023-11-16,67055.9921875,67055.9921875,66046.5467112524,66479.16726531953,2521081
2023-11-17,65613.921875,67416.50243281915,65325.51315759586,67344.40397833145,4718547
2023-11-20,65397.625,66767.58515638046,64243.967676449894,64965.00443488463,2190721
2023-11-21,66262.859375,66334.96528651741,65397.625685428124,66334.96528651741,1931775
2023-11-22,67055.9921875,67128.09809642023,66262.85698828597,66262.85698828597,4326823
2023-11-23,65469.72265625,67560.71954536169,65469.72265625,67272.30335558768,2864138
2023-11-24,65758.1328125,66334.95768939522,65037.096129086065,65469.71664918912,2973641
2023-11-27,65397.625,65902.34402614972,64965.00443488463,65902.34402614972,2194688
2023-11-28,65686.0234375,66262.84828390797,64820.78244302497,65469.71318888124,1442450
2023-11-29,66118.6484375,66334.95870084976,65686.02791080049,66046.5425331412,1059983
2023-11-30,66262.859375,67560.72108394893,65830.23880535037,65902.34471686777,2621724
2023-12-01,66623.375,66983.89711309169,65830.2397607078,66479.17062459984,1574833
2023-12-04,67488.609375,67777.0255465666,66767.58012067365,66767.58012067365,4578891
2023-12-05,68353.84375,69074.87293375729,67560.70866797656,67632.80711651668,4748039
2023-12-06,68498.0546875,68786.47085858915,67849.12388984449,68498.0546875,1614375
2023-12-07,67993.328125,68714.35729780166,66911.7769160716,68570.15295318651,4974187
2023-12-08,67921.2265625,68570.15732927121,67416.50014954693,67993.33246427227,2308820
2023-12-11,68498.0546875,69002.77367474757,68209.63851641085,68858.56931406636,2069051
2023-12-12,69795.90625,69795.90625,68714.36241032787,68786.46831286326,5402280
2023-12-13,68642.2578125,70228.52810061778,68642.2578125,70228.52810061778,2840862
2023-12-14,69363.3046875,69507.50906675984,68642.26789174533,69074.8884792526,2264516
2023-12-15,69363.3046875,69435.40315226607,68498.06351248549,69363.3046875,1949761
2023-12-18,67777.03125,69363.30170278394,67560.72096555425,69146.99141833819,2997446
2023-12-19,68209.640625,68209.640625,67488.61134957783,67704.92162214988,1653654
2023-12-20,68281.75,68498.06028355699,67849.12943288604,67993.3412550756,1784713
2023-12-21,68570.15625,68570.15625,67777.02114189434,68209.63419653955,2323368
2023-12-22,68209.640625,68570.16271243808,68065.43625986096,68498.05680500506,1686716
2023-12-25,69219.0859375,69363.29775206825,68353.85229872537,68425.95075628252,2667482
2023-12-26,70084.3203125,71093.7656691463,69507.49545866299,69579.60135903997,4443467
2023-12-27,69868.015625,70516.94643089126,69868.015625,70228.53025614175,1793177
2023-12-28,69651.7109375,69940.12713536005,69435.40065153682,69940.12713536005,1582503
2023-12-29,69291.1953125,69940.12616135231,69291.1953125,69651.70996750884,2468578
2024-01-01,69291.1953125,69291.1953125,69291.1953125,69291.1953125,0
2024-01-02,69146.984375,69868.01361655661,69002.77256690737,69868.01361655661,2267426
2024-01-03,69435.3984375,69579.61025669536,68786.47505002968,68930.67941949784,1900300
2024-01-04,70084.3203125,70949.56131811862,69363.2911076353,69435.38955828603,3932982
2024-01-05,70228.53125,70300.63715713951,69579.60788465217,70156.43279258744,1505798
2024-01-08,70156.421875,70877.45103528237,70012.21008316289,70228.52032119276,1908367
2024-01-09,69651.7109375,70156.43742132321,69651.7109375,70156.43742132321,1602473
2024-01-10,68281.75,69868.0204462663,68137.5456275378,69723.81607380409,4367556
2024-01-11,68498.0546875,68786.47085858915,68281.74442161483,68281.74442161483,1813015
2024-01-12,68281.75,68930.68085067095,67849.12943288604,68353.85591109478,3434532
2024-01-15,68786.46875,69146.98336551512,68425.94668475837,68498.052587752,1735384
2024-01-16,69002.7734375,69002.7734375,68281.74418684634,68281.74418684634,1071225
2024-01-17,69002.7734375,69219.08370264145,68498.05445198777,68930.67498227068,1870015
2024-01-18,68930.671875,69219.08058236983,68642.25571790378,69002.77032697927,1503550
2024-01-19,69435.3984375,69868.01899563168,69002.77787936832,69219.08815843416,1974757
2024-01-22,69507.5078125,69795.91656581537,69074.88723279936,69795.91656581537,1465330
2024-01-23,68930.671875,69507.49673946606,68786.46752131508,69291.18648407549,1957829
2024-01-24,68498.0546875,69074.87957995155,68425.94878229602,69074.87957995155,2277477
2024-01-25,68498.0546875,68498.0546875,68498.0546875,68498.0546875,0
2024-01-26,69146.984375,69363.2946374123,68714.36385017537,68858.56820854137,1223841
2024-01-29,69146.984375,69291.188733366,68714.36385017537,69146.984375,1402775
2024-01-30,68930.671875,69146.98213039056,68786.46752131508,69146.98213039056,1255052
2024-01-31,69002.7734375,69219.08370264145,68858.56907731462,68930.67498227068,1827033
2024-02-01,72031.109375,72031.109375,69002.77312639977,69146.9849356617,10307168
2024-02-02,72031.109375,72031.109375,72031.109375,72031.109375,0
2024-02-05,74626.8203125,75059.44081310615,73473.17061070108,73545.27651071084,3563344
2024-02-06,75059.4609375,75708.39186239583,74194.21970430555,74698.94624024504,2491986
2024-02-07,75636.2734375,75708.37934492042,74915.24416220367,75492.06907238613,2810841
2024-02-08,75636.2734375,75636.2734375,75636.2734375,75636.2734375,0
2024-02-09,75636.2734375,75636.2734375,75636.2734375,75636.2734375,0
2024-02-12,75636.2734375,75636.2734375,75636.2734375,75636.2734375,0
2024-02-13,75636.2734375,75636.2734375,75636.2734375,75636.2734375,0
2024-02-14,75636.2734375,75636.2734375,75636.2734375,75636.2734375,0
2024-02-15,74987.34375,76068.89512897108,74843.13938271289,75852.58485317686,2973509
2024-02-16,75780.484375,75780.484375,74843.13738829445,74987.3417517388,2732285
2024-02-19,75708.3828125,77150.44887886883,75708.3828125,76068.89746666038,2687055
2024-02-20,75203.65625,75852.58709657527,74987.34596780824,75852.58709657527,2439086
2024-02-21,76357.3046875,77078.3339110966,74626.82263130585,74987.33724310415,4149343
2024-02-22,75419.96875,76429.41428000297,75419.96875,76357.31581697045,2272980
2024-02-23,74915.2421875,76934.13304478579,74482.62165383493,76068.89197745566,5426878
2024-02-26,77871.4765625,77871.4765625,74626.82984329737,74915.24603044463,5907210
2024-02-27,77799.3671875,78953.0244349691,77438.85255692138,78231.98772408506,3704058
2024-02-28,78231.9921875,78231.9921875,76645.72176267026,77871.47753635274,4578098
2024-02-29,78592.5,78880.91616565792,77655.16049863333,78015.67511841077,3735798
2024-03-01,79890.3671875,80322.98774153861,78664.61143429962,78736.71734321509,5315656
2024-03-04,80322.9765625,80611.38525856806,79890.35606867181,80034.56041670585,4082689
2024-03-05,79818.2578125,80322.9842535365,79241.432915406,80322.9842535365,4474017
2024-03-06,78664.6015625,79601.94101213673,78159.88261261136,79313.53231212213,4896688
2024-03-07,80250.8828125,82125.56941964856,78015.68155582636,78664.61239480785,5339726
2024-03-08,79313.5390625,81188.21812132746,78953.02443193525,80250.87859191373,4120381
2024-03-11,79313.5390625,81837.14892618012,79313.5390625,79313.5390625,4472033
2024-03-12,80683.5,81837.14981015932,79313.53991921995,79313.53991921995,3845565
2024-03-13,84360.7578125,84360.7578125,80755.59696753073,81332.42180875869,6763529
2024-03-14,84360.7578125,85442.30159615513,83423.41092699426,85442.30159615513,4579817
2024-03-15,83639.734375,84216.55930727147,82558.19042063871,84216.55930727147,5076284
2024-03-18,81476.6328125,83495.52364658505,80106.67277145515,83495.52364658505,7782383
2024-03-19,80755.609375,81476.63867488394,80106.6785352681,81476.63867488394,4384616
2024-03-20,82558.1875,82918.70213869993,80106.67603727724,80971.91712993868,4596613
2024-03-21,83783.9296875,83783.9296875,82630.27994768164,83062.90046254515,4969690
2024-03-22,82846.59375,83856.0391779654,82558.18502756805,83856.0391779654,3193573
2024-03-25,82197.6640625,82990.79923451328,82053.45969933219,82269.76996894734,3695594
2024-03-26,82918.703125,83279.21776798817,81909.25765479685,82197.66638929656,2239389
2024-03-27,83062.90625,83135.01215741008,82269.77106739693,82702.3916124035,1745964
2024-03-28,84432.859375,84649.16962965259,83135.00529681082,83567.625806116,3707232
2024-03-29,84000.25,84504.97647766676,83639.73534436795,83928.15153871,1776778
2024-04-01,84216.5546875,84793.37958812925,83062.90488624151,83639.72978687075,2611408
2024-04-02,84360.7578125,84360.7578125,83207.100680318,83207.100680318,3022970
2024-04-03,82990.796875,84360.76436018872,82990.796875,83711.83356979302,3371052
2024-04-04,82197.6640625,83495.52568019094,82197.6640625,82918.70077779282,3120438
2024-04-05,81981.3515625,82702.38825817629,81188.21641206475,81548.73848476623,3648777
2024-04-08,81188.21875,81981.35392327476,81188.21875,81981.35392327476,2581520
2024-04-09,81476.6328125,81620.83717215559,81116.11818849767,81188.21664346212,1894481
2024-04-10,82053.453125,83351.31463870297,81692.93852110238,81837.14287271617,2368729
2024-04-11,82846.59375,83207.10837790334,81692.94396081864,81837.14832203461,2049081
2024-04-12,83279.21875,83567.63493762775,82413.97763684396,83567.63493762775,1808254
2024-04-15,80467.1875,83351.31939521903,80395.08159521518,83279.21349043422,4895762
2024-04-16,81476.6328125,81620.83717215559,80395.08149076633,80755.60356449535,4817470
2024-04-17,80611.3984375,81548.74547728068,80467.1940658904,81548.74547728068,2570014
2024-04-18,80611.3984375,80611.3984375,80611.3984375,80611.3984375,0
2024-04-19,78592.5,80178.77773652865,78592.5,79674.05130905894,7090054
2024-04-22,79529.8515625,80322.98675188965,78520.40609875617,79313.54128814582,3170429
2024-04-23,80971.921875,81692.95119465314,79241.43958826858,79962.47635764915,5339726
2024-04-24,86595.9609375,86595.9609375,81620.83960847495,81909.25578612184,13434880
2024-04-25,88831.15625,92292.11290510243,87893.81677142647,88326.43728453007,7548433
2024-04-26,88831.15625,90417.42649822893,88110.12702797826,88686.95189554093,4491871
2024-04-29,88831.15625,88831.15625,88831.15625,88831.15625,0
2024-04-30,88831.15625,88831.15625,88831.15625,88831.15625,0
2024-05-01,88831.15625,88831.15625,88831.15625,88831.15625,0
2024-05-02,91787.390625,93013.14631743933,89047.47051821018,89263.78078450692,4588149
2024-05-03,90777.9453125,92580.52590074502,90561.64249565924,92364.21563417748,4220362
2024-05-06,92003.703125,92003.703125,89768.50195215097,91210.5679458981,3576833
2024-05-07,94671.5234375,94887.83370584175,91715.29303646513,92292.11793546753,4129903
2024-05-08,94455.2109375,94455.2109375,93229.4552624328,93806.28014780678,3991040
2024-05-09,93950.4921875,95753.0727523743,93734.18192373695,94166.79500153637,2913864
2024-05-10,94455.2109375,95320.45199042429,93157.35680784023,94671.52120073108,5011878
2024-05-13,93517.875,94815.72917920498,92868.94418553404,94671.52481478818,2449534
2024-05-14,94094.6953125,94959.92890647601,93445.76452972306,93734.18069419944,3047833
2024-05-15,96690.4140625,96978.8227864029,94671.52319627239,94815.72755822385,4831224
2024-05-16,97627.7578125,98997.71793461117,96762.51670391309,97771.96218068877,4124877
2024-05-17,96978.828125,98060.37952349137,96402.00319571368,97627.75896409483,3050214
2024-05-20,95897.28125,98132.48243885847,95897.28125,97483.5516195653,2662853
2024-05-21,98060.375,98060.375,96257.79438548497,96618.3090184426,4591587
2024-05-22,99502.4453125,100728.20107768968,98132.485177796,99430.33940287924,5966855
2024-05-23,99141.9296875,99358.23251477772,97339.34901227769,99141.9296875,4789433
2024-05-24,95104.140625,99502.4368435141,94166.7936786197,99502.4368435141,17689231
2024-05-27,95753.078125,96257.79713561537,94166.80028515734,95897.28249235767,6821190
2024-05-28,98781.40625,98781.40625,95969.38013688622,96618.31095908026,6116959
2024-05-29,97844.0703125,99646.65102985624,97195.1394663172,98853.51581220858,7720226
2024-05-30,97339.34375,97339.34375,95104.14264160555,96474.10268875654,9603069
2024-05-31,97050.9296875,98637.20003441363,96474.10478405203,97339.34586408743,3482803
2024-06-03,97050.9296875,97050.9296875,97050.9296875,97050.9296875,0
2024-06-04,100295.578125,100439.78249107163,99358.23112121683,100223.47221710067,9270460
2024-06-05,101016.609375,104477.56637630014,100728.20063723251,100944.5109154217,8360316
2024-06-06,100656.09375,102170.25823288638,100079.268830342,101160.8127610531,6892605
2024-06-07,102386.5625,102386.5625,101305.01863276373,101665.53325517582,4968500
2024-06-10,103828.6328125,104549.66208769298,103107.60353730702,103468.1181749035,4992966
2024-06-11,105631.2109375,105631.2109375,103179.6995405962,104044.94061002738,8367854
2024-06-12,110318.65625,110903.67909715702,106808.51916705792,106892.09064150836,12897825
2024-06-13,108647.171875,111823.01592247028,108647.171875,111739.4369295883,9356630
2024-06-14,109482.921875,110820.11815395682,107811.42464913681,108730.748498795,7367130
2024-06-17,107644.2734375,109817.21456015288,107393.55148337391,109482.92112420764,5597740
2024-06-18,106975.671875,108396.43953122103,106975.671875,107644.26621067221,7682000
2024-06-19,109900.7890625,110987.25582512288,105805.62142989063,106975.67468825639,11119580
2024-06-20,111405.140625,113410.9312813282,110151.51583329338,111154.41116145748,12035555
2024-06-21,113745.2265625,113745.2265625,111405.13507709593,111906.57896187207,8801295
2024-06-24,110402.2421875,113243.78532108593,110318.67070210143,112825.91287675514,15164935
2024-06-25,108647.171875,109566.49574468895,107477.12604400275,109482.92426047579,15762820
2024-06-26,110151.5078125,110151.5078125,108145.71730222546,109482.91347863118,8219510
2024-06-27,110987.2578125,112073.73210324597,109315.76814509812,109733.64056194859,7364255
2024-06-28,109065.0390625,110987.25819354638,108981.46758231038,110987.25819354638,7627950
2024-07-01,107477.125,108981.47177057476,107393.55351659864,108981.47177057476,7332400
2024-07-02,106975.671875,110402.2300469058,106557.79196795322,107477.11574958713,7728690
2024-07-03,109482.921875,110987.26111874133,108730.748498795,109065.04193703269,8779215
2024-07-04,113494.5,113494.5,110402.235100062,110402.235100062,9335585
2024-07-05,115918.171875,116753.91671968043,113745.23077362975,113745.23077362975,8957810
2024-07-08,116670.34375,116670.34375,114915.27509336412,115751.0199273807,6745555
2024-07-09,114915.2734375,116419.62012398781,113661.64869587071,116252.46965785934,11127515
2024-07-10,111990.1640625,114497.4061492673,111990.1640625,113661.65378123242,7238905
2024-07-11,111154.40625,113160.20432636885,110736.53384078474,112073.73005547455,7868415
2024-07-12,111823.0078125,113661.64790986155,110485.81160138782,110485.81160138782,4086410
2024-07-15,110903.6875,112658.7561744474,110569.3865595333,111572.28187226488,3527280
2024-07-16,111990.1640625,112408.0364921831,110569.38879117504,111655.86311528605,4602645
2024-07-17,110235.0859375,112073.73360670957,108563.59624767517,111990.16212568576,8015615
2024-07-18,106892.1015625,109817.21609713924,106808.5300795112,109817.21609713924,12420230
2024-07-19,105304.171875,108062.13563533845,105304.171875,107477.11279197369,7534455
2024-07-22,103716.265625,105304.18387963092,102964.09223940245,105304.18387963092,7149435
2024-07-23,104886.3046875,106557.79431787602,104301.28181513475,104384.85329318623,6108340
2024-07-24,105304.171875,105805.61573578813,103632.67481881444,104886.2994881206,4774455
2024-07-25,104468.4296875,104886.30962342763,103716.26382363499,103799.83530561934,2947910
2024-07-26,106975.671875,106975.671875,103966.97859280472,105220.59578794066,4543765
2024-07-29,107811.421875,109148.61811954892,107811.421875,108647.16671209238,5588770
2024-07-30,106975.671875,108229.28907013594,106139.91956957457,107811.4166717573,2729870
2024-07-31,107477.125,107477.125,105805.62775395374,106390.65066376961,3299580
2024-08-01,104301.2734375,108396.43321512747,103716.25061212464,108312.85423512089,7900845
2024-08-02,102964.078125,104301.27423735069,101125.43065476739,102044.7543898837,11436405
2024-08-05,99119.640625,102713.34909008775,98116.73790534653,101209.01002794308,11977480
2024-08-06,100958.2890625,101877.61287829853,100122.5442346841,100289.69470198096,7737315
2024-08-07,101961.1796875,101961.1796875,100456.84056806807,101125.4348979636,3246220
2024-08-08,101459.7421875,102295.48702950952,101041.86976649525,101626.89265763562,3053135
2024-08-09,106056.34375,106056.34375,101961.17639279668,102295.4773012761,6320860
2024-08-12,108647.171875,108814.32235209516,105471.33533619856,106056.35825169718,7111025
2024-08-13,108396.4453125,108814.3177331657,106975.67758050292,108396.4453125,4712585
2024-08-14,108229.2890625,109900.7861645648,108229.2890625,109232.18432027163,3291530
2024-08-15,107560.703125,108229.29751282756,107142.82318535548,107894.99656457943,2596240
2024-08-16,109148.6171875,109482.91812294966,107894.99243389796,107894.99243389796,5857640
2024-08-19,109065.0390625,109817.21241888063,108647.16664421487,109566.49046964325,2873160
2024-08-20,109900.7890625,110736.5338812358,109232.1872005767,109232.1872005767,4302610
2024-08-21,111572.28125,111823.01070828592,109148.61821680509,109148.61821680509,7037655
2024-08-22,111823.0078125,112408.0306855698,111572.278360707,111990.15827747255,3473575
2024-08-23,111237.984375,111739.42825870501,110652.96150489865,111739.42825870501,3513250
2024-08-26,109900.7890625,111572.27869997159,109900.7890625,111405.13574315909,2978845
2024-08-27,110736.5390625,110820.11805348516,108981.47035583573,109900.79420466044,2689275
2024-08-28,111405.140625,112408.0359531641,111070.83967938909,111154.41116145748,3118225
2024-08-29,111739.4296875,111823.00867496505,110485.81245353939,110987.25634365629,2406605
2024-08-30,112658.7578125,112742.33680316618,111154.41106719525,111572.2834945202,3813170
2024-09-02,112658.7578125,112658.7578125,112658.7578125,112658.7578125,0
2024-09-03,112658.7578125,112658.7578125,112658.7578125,112658.7578125,0
2024-09-04,111154.40625,111154.40625,109900.78902235423,111154.40625,5215480
2024-09-05,109148.6171875,111154.40778286115,108396.44383707247,111154.40778286115,9263940
2024-09-06,110402.2421875,111070.84410536443,108897.90288964294,109065.04586044009,4394610
2024-09-09,109733.6484375,110235.09237024166,108730.75306334769,109315.77599065895,3317980
2024-09-10,108647.171875,109482.92426047579,108312.87092080968,109482.92426047579,4824365
2024-09-11,109148.6171875,109733.6400702027,108480.01531660066,108647.16578432551,3668960
2024-09-12,110569.3828125,110736.53327706887,109482.91605580477,109482.91605580477,4735700
2024-09-13,111154.40625,111488.70718083953,110318.66143156949,110485.81189698925,3664820
2024-09-16,109566.4921875,111154.41040534733,109566.4921875,110151.51508400525,2203055
2024-09-17,111070.828125,111070.828125,109650.0530082872,109650.0530082872,3049110
2024-09-18,112491.609375,112993.06080206324,111070.84159465734,111488.71402954232,6186540
2024-09-19,112993.0546875,113494.49857875907,112240.88134194302,112825.90422085753,5927445
2024-09-20,113076.625,114497.40019747033,112825.90305695689,113912.37732459087,4277655
2024-09-23,111990.1640625,113578.08229876327,111488.71264167907,113578.08229876327,2807380
2024-09-24,112408.03125,112575.18171581186,111739.42938675254,111990.15883980451,2313110
2024-09-25,112658.7578125,112658.7578125,111655.86248518639,112240.88538517505,5151885
2024-09-26,112240.8828125,112825.90569907933,111906.58187483509,112825.90569907933,3237940
2024-09-27,112157.296875,112324.44733347658,111572.27402466597,112240.87585857228,3855720
2024-09-30,112408.03125,112408.03125,111154.40651074518,112157.30179694804,3485075
2024-10-01,113578.0859375,113828.80790160858,112575.19057239674,112575.19057239674,5434785
2024-10-02,113160.203125,113578.0755297789,112491.60127041918,112491.60127041918,1977770
2024-10-03,111990.1640625,113745.23277237025,111990.1640625,113160.20986908016,2645920
2024-10-04,112073.7265625,112658.74941890176,111572.27518186932,112240.87702271024,1688660
2024-10-07,112073.7265625,112742.32840334091,111655.85416630848,112157.29803827108,1530075
2024-10-08,111823.0078125,112909.47457181918,111655.85734752743,112073.72975562468,2424890
2024-10-09,113160.203125,113494.49654362218,112240.87932928548,112240.87932928548,3012885
2024-10-10,118425.4140625,118676.13601447696,113494.50145205227,113494.50145205227,11445030
2024-10-11,116670.34375,119344.73622925517,116670.34375,118676.13435510715,4385640
2024-10-14,114998.8515625,118091.11659292075,114580.97912736241,117923.96611713195,6446095
2024-10-15,114497.4140625,115834.61043510448,114163.11309218158,114998.85800930843,3289920
2024-10-16,113912.375,114580.96933736051,113661.6455534052,113995.94647641951,3169400
2024-10-17,114497.4140625,114580.98555074501,113243.78917814052,114079.53409526737,2966080
2024-10-18,114497.4140625,115166.00849446763,114163.11309218158,114831.70752414921,2494810
2024-10-21,113243.7734375,115082.42101001406,113243.7734375,114497.39814760834,3083495
2024-10-22,111237.984375,113410.925391281,111154.40538860366,113410.925391281,6910580
2024-10-23,112157.296875,112658.74825042974,110820.10822452337,111070.83015790425,3467365
2024-10-24,112240.8828125,112240.8828125,111823.0103947531,112157.30382374953,2618780
2024-10-25,111990.1640625,112491.60797465226,111655.86311528605,112240.88601857613,2114850
2024-10-28,112742.3359375,112825.90741885584,111655.86162786245,112073.73405197887,1731900
2024-10-29,113160.203125,113243.77460248848,112658.75173406438,113160.203125,2828080
2024-10-30,113578.0859375,113578.0859375,112993.06301546736,113160.21349442938,1966270
2024-10-31,113578.0859375,113661.65742264655,113076.6345006139,113578.0859375,1427955
2024-11-01,112491.609375,112825.9103263755,111655.86450523006,112825.9103263755,3067625
2024-11-04,110987.2578125,112491.60452009644,110903.68633259728,112491.60452009644,3660335
2024-11-05,110820.109375,111990.15508781484,110569.37993034818,111154.40278675561,1905665
2024-11-06,112491.609375,112491.609375,111154.41307816682,111237.99207034508,2071725
2024-11-07,112909.4765625,114998.84614849174,112157.30321119624,113076.62703041955,4106075
2024-11-08,113494.5,114330.25234367815,112909.47711375952,113745.22945743769,2422245
2024-11-11,115583.875,116586.77785930177,113661.65578267486,114079.52821971619,6085800
2024-11-12,114330.25,116085.31862274393,113578.07666044285,115834.59667911431,3351905
2024-11-13,115165.9921875,115416.71412540316,113745.2245278246,114246.66840363092,3973710
2024-11-14,113661.6484375,116921.06374792497,113661.6484375,115249.57410777661,5446745
2024-11-15,111906.578125,113410.92478541502,110820.11137699777,113076.62385895207,7548140
2024-11-18,111990.1640625,112491.60797465226,110736.53926478201,111990.1640625,4488910
2024-11-19,108647.171875,111655.86544537514,108563.60039078684,111572.28645249314,8789220
2024-11-20,110652.96875,110652.96875,105889.20649088125,108647.17055784375,9729345
2024-11-21,111154.40625,111154.40625,109482.91661313898,110652.96236240902,3653205
2024-11-22,111906.578125,112324.45052874456,110736.53239104793,111070.83331751087,3353285
2024-11-25,111906.578125,111990.15711094985,111321.55525802396,111990.15711094985,2127155
2024-11-26,112993.0546875,113578.07756641449,111405.13651739899,111488.70799638605,4802515
2024-11-27,116085.3203125,116753.91467480059,112993.05543093945,112993.05543093945,11286445
2024-11-28,116503.203125,117004.65457297943,115583.8792247056,116503.203125,5454105
2024-11-29,120598.359375,121517.68324255488,116168.89802260158,116503.19897601588,13324705
2024-12-02,119672.6171875,122870.62328472998,119167.67402971987,121439.93336186392,7609320
2024-12-03,122029.03125,122786.45350116456,119251.82136977412,119251.82136977412,5869255
2024-12-04,120766.671875,123123.09341305659,120177.56649048584,122029.03731564461,6450465
2024-12-05,124974.5625,124974.5625,120850.81755417971,121187.45133772954,5576580
2024-12-06,125816.1484375,127835.93616178542,124553.77543902164,127835.93616178542,5222380
2024-12-09,123712.203125,125816.15316073677,122954.78080969209,125563.68157598977,5219850
2024-12-10,125816.1484375,125816.1484375,123712.19848074716,123796.36071321457,4136780
2024-12-11,126657.7265625,127667.62799501218,125984.4665018919,126236.93807948662,5539090
2024-12-12,126405.2578125,127835.94019896221,125563.68082764772,127835.94019896221,4770085
2024-12-13,125816.1484375,126994.35920351092,125731.99376609919,125816.1484375,3886770
2024-12-16,126152.78125,126741.88662835794,125816.14744491932,125900.30211565622,3784765
2024-12-17,124553.78125,126657.7313049113,124301.30966295207,126321.1050425364,6839625
2024-12-18,125142.8828125,126068.6144009674,124553.76989465162,124553.76989465162,3361910
2024-12-19,124637.9375,125395.35978583155,123880.51521416845,123964.66988545348,5525980
2024-12-20,125816.1484375,126741.8876282419,124806.25457535728,124974.5714792255,4069735
2024-12-23,126068.6171875,126152.7794180813,125142.88557857089,125816.14561788901,2892020
2024-12-24,126573.5703125,126910.20411914102,125731.99335696403,126236.93650585898,2646035
2024-12-25,126910.203125,127246.83692900403,126573.56932099597,126741.88622299799,2890065
2024-12-26,126068.6171875,127415.1448272027,125479.51181769672,127078.51102701042,2568295
2024-12-27,125900.3046875,126152.78382700135,125142.88995219608,125816.15001504403,2945955
2024-12-30,126657.7265625,126910.2057011614,124974.57263044642,125731.9949242972,2279760
2024-12-31,128340.90625,129519.11712448142,126489.42013699484,126826.05397572306,4143680
2025-01-01,128340.90625,128340.90625,128340.90625,128340.90625,0
2025-01-02,127920.0859375,128509.19885902587,126321.09431461415,128340.8895226657,3648720
2025-01-03,125395.359375,127330.99241887969,125395.359375,127330.99241887969,4986515
2025-01-06,125647.828125,126405.25039132599,124890.40585867401,125479.51122569795,3987165
2025-01-07,126321.1015625,127330.99544393699,125816.15084124813,125816.15084124813,3971295
2025-01-08,124806.2578125,126236.94019088805,124637.9409042661,126236.94019088805,4461885
2025-01-09,125227.0390625,125563.67285950521,124553.77146848958,124806.25059677666,1971560
2025-01-10,123964.671875,125479.5164709753,123880.51720236435,125227.04489200165,2903405
2025-01-13,124217.140625,124974.56285963369,121776.55702883964,122954.76771358847,4012120
2025-01-14,122113.1953125,124553.77143751491,122113.1953125,124217.14520165978,3331780
2025-01-15,122449.8359375,123291.41291566558,121860.73054057072,122870.62442658278,3267035
2025-01-16,122449.8359375,123291.41291566558,121860.73054057072,122870.62442658278,3267035
2025-01-17,125395.359375,126321.09856143518,122870.62095085547,123375.56409904442,4067550
2025-01-20,126236.9296875,126573.56347595862,124722.08520050235,125395.35277741961,2550355
2025-01-21,126152.78125,127415.14667745277,125395.35896910173,126657.72439655449,2852345
2025-01-22,125984.4609375,126741.88319789749,125563.67247307168,125900.29870797452,3203440
2025-01-23,129855.7265625,131286.4164943342,126236.93951848034,126321.10175268241,8116470
2025-01-24,129098.3046875,130024.05146145432,129098.3046875,129687.4176456649,4204055
2025-01-27,129098.3046875,129098.3046875,129098.3046875,129098.3046875,0
2025-01-28,129098.3046875,129098.3046875,129098.3046875,129098.3046875,0
2025-01-29,129098.3046875,129098.3046875,129098.3046875,129098.3046875,0
2025-01-30,129098.3046875,129098.3046875,129098.3046875,129098.3046875,0
2025-01-31,129098.3046875,129098.3046875,129098.3046875,129098.3046875,0
2025-02-03,122449.8359375,125563.67982999283,122281.51902965351,124553.77838291398,14659855
2025-02-04,123038.9375,123712.19754933739,122281.51521882882,122870.620597399,6287855
2025-02-05,123123.0859375,124132.97974091218,122702.29748283378,123628.03661973917,5984715
2025-02-06,123291.4140625,123964.67413908166,122533.99175067885,123712.2025554969,3940590
2025-02-07,122954.78125,123459.73198236917,122702.30966434887,123291.41507157944,4445785
2025-02-10,119504.296875,122449.83130938368,119504.296875,122449.83130938368,8912040
2025-02-11,122365.671875,122365.671875,117905.30034743645,119672.61651182201,6165610
2025-02-12,122029.03125,122618.13660523175,121439.92589476827,122533.98193779847,2170510
2025-02-13,120430.0390625,122029.03832496879,120093.40525111709,122029.03832496879,3278420
2025-02-14,121944.8828125,122029.03748423258,120850.82671357653,121187.46052264016,3739455
2025-02-17,120850.8203125,122029.03102075003,120682.50341688338,122029.03102075003,2836245
2025-02-18,121103.296875,121524.0853246083,120430.02930677384,121019.13464843869,1914060
2025-02-19,121187.4609375,121944.88322995271,120430.03864504729,121103.30626547933,3484270
2025-02-20,120345.8828125,121692.41047931249,120345.8828125,121355.77667234272,3893210
2025-02-21,119504.296875,120261.7191511482,119083.50840182132,120177.56448093907,6109490
2025-02-24,118241.9375,119504.30298406821,117400.36051062119,119504.30298406821,8622585
2025-02-25,116979.5546875,118157.7653986808,116306.29466442509,118157.7653986808,7831960
2025-02-26,119335.9921875,119335.9921875,116895.4083624121,117063.72527045956,3821910
2025-02-27,118915.1953125,119672.61761292952,118410.25215292482,119504.30070604889,3934955
2025-02-28,118073.609375,118746.86939034183,116979.55334387007,117905.29248089799,5398560
2025-03-03,118241.9375,118999.35981486768,118073.62058991086,118241.9375,2913985
2025-03-04,117821.140625,118326.08375828524,117232.03526212298,117400.35216024017,3991995
2025-03-05,117063.7265625,117905.30355095901,117063.7265625,117821.14887653987,3278765
2025-03-06,119167.671875,120766.67111416945,117400.35573259165,117400.35573259165,7379665
2025-03-07,118999.3515625,120093.40006060898,118746.87243434176,119251.82312959185,3397675
2025-03-10,117232.0390625,119083.50987967664,117147.87683017988,119083.50987967664,6121450
2025-03-11,115717.1953125,116558.77227527309,115296.40683111345,116137.98379388655,6652060
2025-03-12,114370.671875,116727.09350696758,114370.671875,115885.51651299828,7112750
2025-03-13,114875.609375,116137.98236469152,114538.98313067328,114538.98313067328,4151730
2025-03-14,110583.5546875,114707.29989596143,110078.61154108151,114118.19451776217,18508100
2025-03-17,109405.3515625,111172.66782037418,109068.71773402861,110751.87931531848,7713050
2025-03-18,109405.3515625,111256.83005802556,109405.3515625,109489.51380015138,6334775
2025-03-19,104860.8203125,109910.29726368598,103935.08110720033,109489.5087779316,20847660
2025-03-20,105197.4453125,106712.28989204085,104776.65683175345,104860.81906454275,9433910
2025-03-21,107722.1875,108563.76443165635,105197.44158289819,105197.44158289819,7388520
2025-03-24,108563.765625,108816.23719505883,107133.07575217827,108142.97715454648,5853730
2025-03-25,106459.8203125,109321.19262073586,106459.8203125,109237.03038636807,6473580
2025-03-26,103514.296875,106459.82395738339,103261.81772431925,106459.82395738339,11194790
2025-03-27,106207.3515625,106459.82315019945,101915.29676627436,102672.71152937271,7434060
2025-03-28,104355.8671875,106375.66245805715,104355.8671875,106123.1833235709,3386520
2025-03-31,101831.125,103850.92019577808,101831.125,103850.92019577808,6217245
2025-04-01,101410.3359375,102841.01820683874,99979.65366816128,102672.70131143426,8997945
2025-04-02,102672.703125,102925.18225309951,101662.80929580102,101999.44309255613,4508230
2025-04-03,95519.2734375,98969.75083986903,95519.2734375,96529.17479507103,13207635
2025-04-04,95098.5,95855.92235722815,88870.81178373957,88870.81178373957,24810675
2025-04-07,95098.5,95098.5,95098.5,95098.5,0
2025-04-08,88450.015625,90890.59940536378,88450.015625,89207.43791680025,18717860
2025-04-09,88618.328125,90890.5948874529,82306.47852743072,82306.47852743072,19427295
2025-04-10,94761.859375,94761.859375,94761.859375,94761.859375,1156210
2025-04-11,99727.1796875,99727.1796875,96192.54738492193,98464.81424846496,22107600
2025-04-14,99727.1796875,100989.55268760167,95940.07580932825,100989.55268760167,10600010
2025-04-15,97623.234375,98464.81893548353,95687.60122748833,97707.39661158185,8926760
2025-04-16,90806.4375,97539.07591748038,90806.4375,96360.86513955465,20737030
2025-04-17,92068.8125,93667.81179585784,88281.70094552948,88365.86318066595,9867115
2025-04-18,93920.2734375,96781.6454689888,92994.53431539096,92994.53431539096,8608325
2025-04-21,94004.4375,94677.69751764319,92573.74767577562,94256.90906148292,4982145
2025-04-22,92910.3828125,93583.6428399067,87524.27234898122,93415.33350385475,10496395
2025-04-23,92910.3828125,94004.43886323547,90638.11604300309,94004.43886323547,6567420
2025-04-24,94256.9140625,95687.5964015663,93078.70329831209,93836.12558401383,8901115
2025-04-25,94593.546875,94593.546875,92742.06851585048,94256.91307132435,6191715
2025-04-28,92152.96875,94593.55263362546,91900.49716240667,94256.91880945636,4431755
2025-04-29,92068.8125,92994.54415903336,91816.33335565739,92237.12940920611,3387325
2025-04-30,92068.8125,92068.8125,92068.8125,92068.8125,0
2025-05-01,92068.8125,92068.8125,92068.8125,92068.8125,0
2025-05-02,92068.8125,92068.8125,92068.8125,92068.8125,0
2025-05-05,91395.5390625,92321.27822384557,89964.85676665056,92152.96132532216,8242740
2025-05-06,91395.5390625,92321.27822384557,89964.85676665056,92152.96132532216,8242740
2025-05-07,92321.28125,93415.33734573053,91395.54205831006,91395.54205831006,6539130
2025-05-08,92321.28125,93583.6466887045,91648.01363383765,92237.12657851301,4515820
2025-05-09,96192.546875,96445.01844925531,91732.17540413426,92910.38616541451,14541635
2025-05-12,99558.859375,99895.49317164462,98212.33174948793,98464.81087750457,10022480
2025-05-13,99558.859375,99895.49317164462,98212.33174948793,98464.81087750457,10022480
2025-05-14,100568.765625,101242.02568975868,99811.34332647976,100989.55411060751,9850785
2025-05-15,106291.5,106291.5,100989.55160307074,100989.55160307074,13892345
2025-05-16,105197.4453125,106796.45212483013,104019.23454198304,106459.81831580625,8977245
2025-05-19,99474.7109375,101410.34404785564,98128.183227641,99979.66166409719,11404205
2025-05-20,99474.7109375,101410.34404785564,98128.183227641,99979.66166409719,11404205
2025-05-21,100316.2890625,100400.45129842416,98296.50125525692,98296.50125525692,9097995
2025-05-22,99558.859375,100989.54923020641,98464.81087750457,100989.54923020641,6928060
2025-05-23,98296.5,98969.76007346112,97286.60610927493,98548.97158241457,7303305
2025-05-26,98717.2890625,99138.07755598241,96781.65594362745,98212.338333681,4626910
2025-05-27,98717.2890625,99138.07755598241,96781.65594362745,98212.338333681,4626910
2025-05-28,100147.96875,100484.6025601284,98801.44107055305,98801.44107055305,6322930
2025-05-29,99643.0234375,100484.60038352488,98885.601161651,100316.2834821066,4523640
2025-05-30,98548.96875,100147.96799444647,98548.96875,100147.96799444647,3372950
2025-06-02,97707.390625,98548.9675728527,97286.60215107365,98044.02442856769,3353860
2025-06-03,97707.390625,98548.9675728527,97286.60215107365,98044.02442856769,3353860
2025-06-04,98801.4375,99306.38819694436,97875.70589720161,98212.33213409812,3908390
2025-06-05,98548.96875,99474.70794033565,98044.02559968353,99306.3910365413,3304295
2025-06-06,98296.5,98717.28849104655,98044.02841758545,98548.97158241457,2648220
2025-06-09,97791.5390625,98380.64440066287,96781.64527723021,97202.43372433711,3512905
2025-06-10,97791.5390625,98380.64440066287,96781.64527723021,97202.43372433711,3512905
2025-06-11,97370.765625,98801.44807791497,97370.765625,98464.82180497846,3862850
2025-06-12,100087.296875,100341.96960181056,98559.24526016247,98559.24526016247,6605945
2025-06-13,99323.265625,99917.50703965359,98898.80856124553,99832.61105071068,4776065
2025-06-16,101021.09375,101700.23115272242,97625.42961734791,97710.31797919486,9279465
2025-06-17,101021.09375,101700.23115272242,97625.42961734791,97710.31797919486,9279465
2025-06-18,100851.3203125,101275.77738953893,100341.96724386115,101021.09704172603,5290345
2025-06-19,99323.265625,101445.55857075904,98813.91257230262,100851.31715610543,7540205
2025-06-20,98474.3515625,99408.16175189332,98219.67882975175,99323.27338330634,6215635
2025-06-23,98389.453125,98729.02181857199,97200.97032448457,98049.88443142801,5275395
2025-06-24,98389.453125,98729.02181857199,97200.97032448457,98049.88443142801,5275395
2025-06-25,98898.8125,99323.26958065893,98729.02814233901,98729.02814233901,4912685
2025-06-26,99408.15625,101360.6648893091,99323.26788611128,99323.26788611128,6900805
2025-06-27,99323.265625,100426.85246536427,98983.69692320174,100172.17975250894,4752145
2025-06-30,100341.96875,101445.56326845573,99832.61567371571,100087.29602535139,7887965
2025-07-01,100341.96875,101445.56326845573,99832.61567371571,100087.29602535139,7887965
2025-07-02,100851.3203125,101445.56174575187,100341.96724386115,101021.09704172603,5300810
2025-07-03,100681.53125,100766.41961064495,99832.60950861748,100596.63526236845,4210955
2025-07-04,100172.1796875,101700.23121761378,100002.39533671105,100596.636750979,7249945
2025-07-07,105095.8984375,105859.9242249847,104416.76864139522,104671.44136156116,7340220
2025-07-08,105095.8984375,105859.9242249847,104416.76864139522,104671.44136156116,7340220
2025-07-09,105690.140625,106708.8467669223,105265.68354602587,105350.57953801288,9273830
2025-07-10,104246.984375,106029.70867166377,103822.52729869723,105944.820307198,14028160
2025-07-11,105180.796875,106369.27976606331,104841.22815555702,105095.9008816457,5957230
2025-07-14,107897.328125,108576.45791643276,106114.59621514195,107982.21648880902,6875160
2025-07-15,107897.328125,108576.45791643276,106114.59621514195,107982.21648880902,6875160
2025-07-16,106963.515625,108491.56715569772,106963.515625,107472.86105057478,6440000
2025-07-17,107218.1875,107812.42890985172,106199.48902982372,107557.7561990543,5822450
2025-07-18,107812.4375,109595.16187159691,106963.52331171211,107557.76476891109,9584330
2025-07-21,107680.8515625,109730.98563576609,107680.8515625,109730.98563576609,7563700
2025-07-22,107680.8515625,109730.98563576609,107680.8515625,109730.98563576609,7563700
2025-07-23,109438.109375,109535.73480709188,106118.844683876,107680.85159734612,6889600
2025-07-24,109145.234375,110121.48870751342,108657.1072087433,109633.36154125672,4795100
2025-07-25,108461.859375,109438.11373481098,108168.9830670567,109340.48829882988,6420800
2025-07-28,108657.109375,108949.98568059299,107876.10589341869,108168.98219901168,7611000
2025-07-29,108657.109375,108949.98568059299,107876.10589341869,108168.98219901168,7611000
2025-07-30,103482.9609375,108949.9852889151,103482.9609375,108657.108984375,16059500
2025-07-31,103580.5859375,105435.46919180018,102799.58246200517,104459.21484743166,7488200
2025-08-01,101530.4453125,104361.58272986779,101335.1944561298,103580.57930438702,8944200
2025-08-04,104068.7109375,104068.7109375,102311.4531543152,103971.08550510084,4617800
2025-08-05,104068.7109375,104068.7109375,102311.4531543152,103971.08550510084,4617800
2025-08-06,103287.703125,106118.84054525047,102506.699698724,104459.20826441399,11395000
2025-08-07,102409.078125,103678.20874046712,102018.57639716397,103482.95787654909,11814200
2025-08-08,103678.2109375,104849.71614583333,102409.08029513889,103092.45833333333,9565800
2025-08-11,103873.453125,106899.84132695019,102799.57344043703,103385.3259956532,10278500
2025-08-12,103873.453125,106899.84132695019,102799.57344043703,103385.3259956532,10278500
2025-08-13,104947.3359375,105630.71393895349,104068.70707848837,104849.71050872093,11011800
2025-08-14,102604.328125,105240.21476569933,102409.07726272597,105044.9639034253,21845000
2025-08-15,101335.203125,103287.71185573218,101237.5776884634,103287.71185573218,17905400
2025-08-18,98113.5625,100554.19838308457,97625.43532338308,98992.19141791045,11392300
2025-08-19,98113.5625,100554.19838308457,97625.43532338308,98992.19141791045,11392300
2025-08-20,97918.3125,99089.8177342971,97625.43619142572,98211.18880857427,9153600
2025-08-21,95380.046875,97918.30810197032,95184.7960113869,97723.05723835721,19969500
2025-08-22,99285.0625,100456.56766224188,95380.04529252704,95380.04529252704,12624800
2025-08-25,96453.9296875,99577.94360450405,96453.9296875,99577.94360450405,6736000
2025-08-26,96453.9296875,99577.94360450405,96453.9296875,99577.94360450405,6736000
2025-08-27,97625.4296875,97625.4296875,95575.2956640625,96453.92453125,5812500
2025-08-28,102506.703125,102604.32855654761,98796.93672619047,98992.1875892857,19436400
2025-08-29,102018.578125,102604.33072667464,100358.94575358852,102604.33072667464,6280200
2025-09-01,102018.578125,102018.578125,102018.578125,102018.578125,0
2025-09-02,102018.578125,102018.578125,102018.578125,102018.578125,0
2025-09-03,100749.4453125,100847.07074400436,97625.43150436046,99577.94013444766,9744200
2025-09-04,100749.4453125,100847.07074400436,97625.43150436046,99577.94013444766,9744200
2025-09-05,102506.703125,102994.8302827381,100749.44535714286,100847.07078869047,11033600
2025-09-08,99480.3125,101432.82108684986,99480.3125,100554.19222276742,10600300
2025-09-09,99480.3125,101432.82108684986,99480.3125,100554.19222276742,10600300
2025-09-10,99675.5703125,100554.19923787953,98601.6905148139,99577.94487634672,6460700
2025-09-11,98796.9375,100456.5698493083,98699.31206768774,99675.56639081029,5498500
2025-09-12,99577.9453125,100456.57424172794,98113.56376378676,98796.94181985295,7414200
2025-09-15,99480.3125,101042.31936947988,99089.81078263003,99480.3125,14123100
2025-09-16,99480.3125,101042.31936947988,99089.81078263003,99480.3125,14123100
2025-09-17,101042.3203125,102311.4509057971,99577.93885869565,100261.31687047101,17531600
2025-09-18,102994.8359375,105240.2209863744,101530.45438388626,101530.45438388626,20018000
2025-09-19,100554.1953125,103775.83457979369,100554.1953125,103482.958282767,8198400
2025-09-22,97332.5625,100261.32566449349,97234.93706118355,100066.07478686058,16280200
2025-09-23,97332.5625,100261.32566449349,97234.93706118355,100066.07478686058,16280200
2025-09-24,95672.921875,97625.43048469388,95184.79472257652,97625.43048469388,18291200
2025-09-25,97137.3046875,97137.3046875,95087.17061871859,95770.54864164573,7421100
2025-09-26,95672.921875,97137.3033322704,95575.2964445153,97137.3033322704,8627700
2025-09-29,93232.2890625,95477.67403468586,93232.2890625,95477.67403468586,10430900
2025-09-30,93232.2890625,95477.67403468586,93232.2890625,95477.67403468586,10430900
2025-10-01,90791.65625,93525.1684811828,90596.40537634409,93232.29217069893,12018800
2025-10-02,91182.1484375,92256.02813001873,89229.63990564775,90986.89758431478,7405100
2025-10-03,89913.0234375,91182.15406148208,89815.398004886,90694.02689841205,7933800
2025-10-06,93232.2890625,93622.7907967932,91279.78039103403,92060.78385962041,6580000
2025-10-07,93232.2890625,93622.7907967932,91279.78039103403,92060.78385962041,6580000
2025-10-08,93232.2890625,94013.29253108638,92939.4127617801,93720.41623036649,5997500
2025-10-09,92256.03125,94599.04156746031,92256.03125,93232.2855489418,5132100
2025-10-10,91963.15625,92744.15970010616,91279.7782311571,92744.15970010616,5716300
2025-10-13,91767.90625,92646.53513962767,91475.02995345744,92646.53513962767,7915000
2025-10-14,91767.90625,92646.53513962767,91475.02995345744,92646.53513962767,7915000
2025-10-15,90205.90625,92256.04048295454,90205.90625,91865.53872429654,12659600
2025-10-16,87472.390625,90889.28088378906,87374.7651890346,90401.15370396206,18738600
2025-10-17,87667.640625,89327.27301990535,87472.38975501113,87667.640625,7928500
2025-10-20,84934.125,89620.14568965517,84934.125,86203.25560344827,14580300
2025-10-21,84934.125,89620.14568965517,84934.125,86203.25560344827,14580300
2025-10-22,90791.65625,90791.65625,86398.51159274194,86886.63877688172,19520200
2025-10-23,94696.671875,96649.1805734536,92744.16317654638,92939.41404639174,18311100
2025-10-24,92744.15625,94989.54108552632,91767.9019736842,94891.91565789473,6647600
2025-10-27,95672.921875,97332.55419323979,94013.2895567602,96649.17617984694,12897800
2025-10-28,95672.921875,97332.55419323979,94013.2895567602,96649.17617984694,12897800
2025-10-29,99773.1953125,99773.1953125,96258.6796263454,96258.6796263454,20912700
2025-10-30,99285.0625,100749.44395280236,98699.30991887905,99968.44051130777,9302800
2025-10-31,100261.3203125,101042.32378134129,99187.44054284324,99675.56771086903,9730600
2025-11-03,102506.703125,103775.83373511904,101042.3216517857,101335.19794642857,20963600
2025-11-04,100847.0703125,102213.82634771298,99285.06341511375,101628.07376119313,10620700
2025-11-05,100847.0703125,102213.82634771298,99285.06341511375,101628.07376119313,10620700
2025-11-06,97820.6796875,99577.93740643712,97039.67625686128,98504.05768930889,6751800
2025-11-07,98601.6875,99382.69096534654,97137.30600247525,97137.30600247525,5863600
2025-11-10,93915.6640625,98796.93558341997,93915.6640625,98796.93558341997,10072600
2025-11-11,93818.0390625,95575.29681809313,93818.0390625,94501.417078564,6624200
2025-11-12,98211.1875,98211.1875,94208.5446694831,94208.5446694831,6635300
2025-11-13,96551.5546875,98308.81250789939,96356.30381856674,98211.18707343277,4757400
2025-11-14,97625.4296875,98504.0585546875,95868.171953125,96551.5499609375,4699900
2025-11-17,98601.6875,99382.69096534654,98211.18576732674,98211.18576732674,5585100
2025-11-18,97625.4296875,98699.3094140625,96453.92453125,98601.68398437499,6500100
2025-11-19,95672.921875,97137.3033322704,95672.921875,97137.3033322704,5169300
2025-11-20,96649.171875,97332.54985795454,95770.54303977273,96258.67017045454,4593100
2025-11-21,98406.4296875,98796.93139260913,95477.66689918155,95672.91775173611,7936900
2025-11-24,97820.6796875,98699.30854696856,97234.92711452096,98308.8068316492,5061800
2025-11-25,97332.5625,97918.3151328987,96649.18442828486,97332.5625,4494900
2025-11-26,96649.171875,97820.67698863636,96551.54644886364,97430.1752840909,5830900
2025-11-27,97137.3046875,97430.1809830402,95770.54864164573,96844.4283919598,4780500
2025-11-28,94794.296875,97039.68186791967,94794.296875,96746.80556449537,6210400
2025-12-01,95287.5,96372.55434782608,94794.29347826086,95583.42391304347,3125100
2025-12-02,95287.5,95977.98913043478,94103.80434782608,95484.78260869565,5560800
2025-12-03,95287.5,95682.0652173913,94695.65217391304,95682.0652173913,6475300
2025-12-04,95287.5,95682.0652173913,94695.65217391304,95682.0652173913,6475300
2025-12-05,94892.9375,96175.27449324324,94794.29619282745,96175.27449324324,5062500
2025-12-08,94202.4453125,95977.98878435865,94202.4453125,95287.49965641361,5278600
2025-12-09,95583.421875,95682.06317724458,93117.38931888544,94202.44364357585,9961500
2025-12-10,94301.0859375,95780.70548672856,94301.0859375,95780.70548672856,3894100
2025-12-11,94695.65625,95287.5041015625,94301.091015625,94597.01494140625,5201600
2025-12-12,92426.90625,94695.65635005337,92229.62363260405,94695.65635005337,5519800
2025-12-15,92525.546875,93117.3947228145,92229.62295109275,92624.18818296908,3524800
2025-12-16,93610.6015625,94103.80810392518,90750.00362223393,92624.18847964963,6295300
2025-12-17,94597.015625,94991.58086222628,93117.39598540147,93117.39598540147,4967800
2025-12-18,94597.015625,94991.58086222628,93117.39598540147,93117.39598540147,4967800
2025-12-19,92624.1875,93709.24187965921,92328.26357827475,92722.82880724175,4492600
2025-12-22,92426.90625,93018.75410218783,92229.62363260405,92821.4714847919,6142400
2025-12-23,92722.828125,94597.0129488032,92328.26289893617,92722.828125,6006900
2025-12-24,92328.265625,92920.11348157052,91835.0590778579,92821.4721721421,3901500
2025-12-25,92328.265625,92920.11348157052,91835.0590778579,92821.4721721421,3901500
2025-12-26,91243.2109375,91736.4174831081,89763.59130067567,91440.49355574325,6612400
2025-12-29,93018.75,93610.59782608696,91243.20652173914,91243.20652173914,6300900
2025-12-30,95188.859375,95287.5006800518,93018.7506638601,93216.03327396372,7271200
2025-12-31,94498.375,95682.07072025053,93906.52713987474,95484.78810020877,3082600
2026-01-01,94498.375,94498.375,94498.375,94498.375,0
2026-01-02,94498.375,94498.375,94498.375,94498.375,0
2026-01-05,93709.2421875,94399.73134046052,91933.69865131579,94399.73134046052,7029300
2026-01-06,92722.828125,93511.95857712766,92328.26289893617,93413.3172706117,5397500
2026-01-07,96175.2734375,96273.91474358975,92722.82772435897,92821.46903044872,11427400
2026-01-08,95188.859375,96767.12025582901,95188.859375,96767.12025582901,5576200
2026-01-09,96076.6328125,98542.66548222536,94695.65451745379,94794.29582424281,10048700
2026-01-12,98148.1015625,98148.1015625,96668.48194095478,96668.48194095478,9076600
2026-01-13,97556.25,100318.20652173914,96569.83695652174,98345.38043478261,9411100
2026-01-14,98444.0234375,99726.36041614479,96471.19731650801,97654.8929891032,11900400
2026-01-15,97161.6875,100318.20932741117,97063.0461928934,98444.02449238578,7401400
2026-01-16,103869.296875,103869.296875,98148.10103573123,98148.10103573123,23871100
2026-01-19,104362.5,107223.09782608696,104066.57608695653,107223.09782608696,14710500
2026-01-20,102685.6015625,105546.19949267533,102586.96025456293,104658.4277212416,12213100
2026-01-21,103573.375,105052.99464285714,99726.36392857143,101797.83142857143,14517300
2026-01-22,102093.75,104362.5,102093.75,104066.57608695653,8095100
2026-01-23,99627.71875,103178.80575495049,99627.71875,102192.3926980198,9418000
2026-01-26,97161.6875,100219.56802030456,96668.480964467,98838.58972081219,11183100
2026-01-27,100712.7734375,101107.33866154504,97753.53425716209,98246.74078721841,10585500
2026-01-28,103080.1640625,104362.50103169857,100910.05534539474,101008.69665071771,11949800
2026-01-29,104658.4296875,105743.48409519321,102291.03825253299,103573.37527980679,14247700
2026-01-30,103080.1640625,104954.34886363636,102488.31623056221,104954.34886363636,10833200
2026-02-02,102882.8828125,102882.8828125,100219.56753355704,101896.46974622483,9331400
2026-02-03,102488.3203125,103967.93995127527,101501.90721998316,103474.73340501684,9097000
2026-02-04,100515.4921875,102093.75310506624,100120.92695810844,101699.18787567467,11639700
2026-02-05,97654.890625,100515.48843118687,97654.890625,99824.99930555555,18088600
2026-02-06,96273.9140625,98641.30539190574,95386.14231397286,96668.47928406762,9766800
2026-02-09,97654.890625,98049.45583964647,96569.83628472223,97457.60801767677,5108600
2026-02-10,96471.1953125,98542.66269651073,95977.98879249745,98542.66269651073,6113500
2026-02-11,97260.328125,98148.09988273327,96076.63244802231,96865.76289934077,5507500
2026-02-12,97457.609375,97852.1745951417,97063.04415485829,97654.89198507085,4125200
2026-02-13,94991.578125,97161.68686721183,94991.578125,96767.12164135513,18508400
2026-02-16,94991.578125,94991.578125,94991.578125,94991.578125,0
2026-02-17,94991.578125,94991.578125,94991.578125,94991.578125,0
2026-02-18,94991.578125,94991.578125,94991.578125,94991.578125,0
2026-02-19,94991.578125,94991.578125,94991.578125,94991.578125,0
2026-02-20,94991.578125,94991.578125,94991.578125,94991.578125,0
2026-02-23,93216.03125,95484.78121693121,91835.05300925925,95484.78121693121,22660400
2026-02-24,91243.2109375,92722.83057432433,91243.2109375,92722.83057432433,28539000
2026-02-25,87889.40625,91243.210753367,87790.76494107745,90947.28682659933,47733100
2026-02-26,89270.3828125,90947.28503107735,88678.53497064917,88777.17627762431,17525500
2026-02-27,91637.7734375,92229.62127455598,89073.09947692411,89763.58862015608,18705600
2026-03-02,88382.609375,90256.79417201452,88086.68545968192,88875.81590053014,17245400
2026-03-03,88382.609375,90256.79417201452,88086.68545968192,88875.81590053014,17245400
2026-03-04,83943.75,85817.93478260869,83055.97826086957,85719.29347826086,23755700
2026-03-05,83253.265625,85620.65706457346,83253.265625,85324.73313462677,15906800
2026-03-06,80491.3046875,83450.5438304228,80392.6633827359,83253.26122089461,23713900
2026-03-09,74868.75,75657.88043478261,74868.75,74967.39130434782,17633000
2026-03-10,78419.8359375,78518.47724056603,75361.95554245282,75361.95554245282,21099200
2026-03-11,79110.328125,79899.45858011223,77236.14329410848,78913.04551122195,10652800
2026-03-12,76644.296875,78123.91650579151,76447.01425756112,77729.35127091377,12722400
2026-03-13,75953.8046875,77433.42425933441,75263.31555397727,76052.44599228897,9026000
2026-03-16,77137.5,78222.55434782608,76052.44565217392,76052.44565217392,8662000
2026-03-17,78321.1953125,80195.38008698048,78025.27140073993,78321.1953125,9218800
2026-03-18,77532.0703125,79110.33128578245,77038.86375834924,78913.04866412214,6352700
2026-03-19,75756.5234375,76742.93650309245,75559.24082438152,76644.2951965332,11602900
2026-03-20,73586.4140625,75460.59887106234,72600.00100536193,75460.59887106234,21423700
2026-03-23,72106.796875,75066.03614483585,70627.17724008208,72698.64472896716,13156200
2026-03-24,74375.546875,74868.75341926393,73093.2098599138,74474.18818385279,5189700
2026-03-25,75953.8046875,75953.8046875,74572.82642045454,75164.6742491883,7429300
2026-03-26,73191.8515625,75953.80822523584,73191.8515625,75953.80822523584,9743400
2026-03-27,75066.03125,75263.31385512484,72994.56389618923,73487.77040900131,9080300
2026-03-30,72994.5703125,74178.2660472973,72501.36375633445,73389.13555743243,7814800
2026-03-31,73685.0546875,74474.18512592035,73389.13077309237,73882.33729710508,5639200
2026-04-01,74276.90625,75263.31934760956,73980.98232071713,74868.75410856574,8534000
2026-04-02,73685.0546875,74178.26121151271,73191.84816348729,74178.26121151271,5224400
2026-04-03,72994.5703125,74474.18998099663,72895.9290012669,73685.05949113176,6333100
2026-04-06,72895.921875,73487.76968453992,72501.35666864004,72994.56317658999,4593000
2026-04-07,72994.5703125,73487.77686866555,72797.28769003379,73487.77686866555,4713000
2026-04-08,78025.2734375,78025.2734375,74079.62117770228,74967.39293615677,14610000
2026-04-09,77236.140625,78123.91235632185,77038.8580180396,78025.27105284164,6272100
2026-04-10,76644.296875,77926.63388835263,76249.73164012226,77532.0686534749,6099800
2026-04-13,74967.390625,75953.80365953948,74868.74932154606,75855.16235608552,9559100
2026-04-14,75164.671875,76151.08489173229,74967.38927165353,75953.80228838582,7092500
2026-04-15,74079.6171875,75953.8019099534,73980.97588631824,75855.16060877164,10047800
2026-04-16,73093.2109375,74572.83059210527,72994.56962719299,74572.83059210527,11316400
2026-04-17,74967.390625,76940.21669407895,73882.33628700658,73980.97759046053,12349600
2026-04-20,75855.1640625,75953.80536817295,75066.03361711638,75263.31622846228,6876800
2026-04-21,74079.6171875,76348.36711468043,74079.6171875,75953.8019099534,7119000
2026-04-22,73586.4140625,74474.18581392427,73093.20753393097,74474.18581392427,8145000
2026-04-23,73290.4921875,74967.39443135935,73093.20957057537,73980.9813467362,7968500
2026-04-24,72402.71875,73093.20789339238,72205.43613760218,72994.56658719346,10459800
2026-04-27,72402.71875,72402.71875,72402.71875,72402.71875,0
2026-04-28,73389.1328125,73389.1328125,71909.51319934476,72402.71973706318,9503800
2026-04-29,74474.1875,74474.1875,72402.72003311258,72402.72003311258,9163000
2026-04-30,74474.1875,74474.1875,74474.1875,74474.1875,0
2026-05-01,74474.1875,74474.1875,74474.1875,74474.1875,0
2026-05-04,72698.640625,74079.61887296473,72599.99932157395,73882.33626611262,8285900
2026-05-05,73290.4921875,73487.77480442463,71810.87256056527,72698.64433672611,6841400
2026-05-06,72304.078125,73191.84988915415,72008.15420361528,73191.84988915415,9455600
2026-05-07,72008.15625,73290.49327910959,72008.15625,72895.92803938357,10186100
2026-05-08,70923.1015625,72304.07989612309,70923.1015625,72205.43858657859,13444300
2026-05-11,69048.9140625,70725.81626116071,69048.9140625,70725.81626116071,16909100
2026-05-12,69640.765625,70528.53742475212,69048.91775849859,69147.55906958216,8533300
2026-05-13,69739.40625,70528.53673090522,69048.91707920792,69640.76493988684,11517600
2026-05-14,72895.921875,74276.9000972598,70035.3241288904,70133.96543048037,21565500
2026-05-15,71909.515625,73191.85266632373,71712.23300325789,73191.85266632373,6386100
2026-05-18,73882.3359375,74276.90114944927,71021.73815086782,71909.50987775368,18323700
2026-05-19,73487.7734375,74770.11042365772,73290.49082424496,73980.97997063758,11279900
2026-05-20,76644.296875,77433.42734475547,71810.87274774775,73783.69892213642,25976600
2026-05-21,75460.6015625,76841.57989174836,74671.47108864378,76644.29727328432,11809100
2026-05-22,74079.6171875,76545.64971704394,74079.6171875,75756.51930758989,11668800
2026-05-25,72501.359375,74572.8267857143,72501.359375,73586.4137329932,10441000
2026-05-26,73487.7734375,73586.41474412751,72600.00167785234,72600.00167785234,5104800
2026-05-27,72600.0,74276.90217391304,72106.79347826086,73487.77173913043,9176300
2026-05-28,71200.0,73100.0,71200.0,72800.0,10646900
2026-05-29,71600.0,72500.0,70800.0,71200.0,5446700
2026-06-01,72900.0,73400.0,72100.0,72200.0,5972700
2026-06-02,74800.0,75600.0,73000.0,73000.0,17368000
2026-06-03,76500.0,77700.0,75000.0,75100.0,25278600
2026-06-04,76100.0,77200.0,75800.0,76700.0,11304700
2026-06-05,75000.0,76000.0,74300.0,76000.0,11218100
2026-06-08,72900.0,74500.0,72800.0,73700.0,10914200
