date,return,volatility
2015-01-06,0.00625695762149369,0.0165820136805064
2015-01-07,0.00621743918113359,0.015984522546467858
2015-01-08,-0.01038457459132047,0.015434727432594957
2015-01-09,0.00831629617611184,0.015209930003892853
2015-01-12,0.00619191049710465,0.014792936656060612
2015-01-13,0.00205586253239964,0.01434267797168353
2015-01-14,-0.00205586253239964,0.01386219739097378
2015-01-15,0.00205586253239964,0.013449675767396483
2015-01-16,-0.00411528149089335,0.013044838264828214
2015-01-19,-0.01036311797647648,0.01275825015303544
2015-01-20,0,0.01282330680008745
2015-01-21,0.00829890485307416,0.012474967765107588
2015-01-22,-0.00414084347352172,0.012317292433047002
2015-01-23,0.00414084347352172,0.012101363533001067
2015-01-26,0,0.011843815375927713
2015-01-27,-0.00829890485307416,0.011585104867748889
2015-01-28,-0.0020856697382463,0.011650707313469882
2015-01-29,0,0.011441661503139567
2015-01-30,-0.0083856214647362,0.0112212549078528
2015-02-02,-0.0021073694476108,0.011336435738132486
2015-02-03,-0.00847466098238847,0.011158899086020687
2015-02-04,-0.00212995239658475,0.011287686534541746
2015-02-05,0.0063762952232817504,0.011115542119065536
2015-02-06,0.00211628949912423,0.01101968344184174
2015-02-09,-0.00211628949912423,0.010839125070776164
2015-02-10,-0.00212098738976429,0.010712289439461122
2015-02-11,0.00845667499306657,0.010598740897072073
2015-02-12,0.00629579925342937,0.010655148238126712
2015-02-13,0.00417549194955313,0.010605949895060585
2015-02-25,0.01036311797647648,0.010497708761991307
2015-02-26,0.01025608523547916,0.01068228866007271
2015-02-27,-0.00408963138877283,0.010836139155289361
2015-03-02,-0.00616645384670633,0.010770874213220736
2015-03-03,0.00821309085511323,0.01080769591520672
2015-03-04,0.02224581861305097,0.010826892048017924
2015-03-05,0,0.012188316201966153
2015-03-06,0,0.011897523386037681
2015-03-09,-0.01612944831400931,0.011633768445550686
2015-03-10,0.01011136790640421,0.012375184683789366
2015-03-11,-0.00403218028518459,0.012320974658598157
2015-03-12,-0.00607918762121961,0.01210099904324092
2015-03-13,0,0.011986043864892089
2015-03-16,0.00405691746604297,0.011714009808860488
2015-03-17,0.01207253084796633,0.011491849199828976
2015-03-18,-0.00803227100145953,0.011669622211675107
2015-03-19,-0.00201798969133015,0.011708596303399432
2015-03-20,0.00604232206899979,0.011492428451556371
2015-03-23,-0.00806459222417643,0.011345444087006589
2015-03-24,-0.00609126315481844,0.011424814387901062
2015-03-25,0.00203434568877547,0.011383429130619786
2015-03-26,0.00203054944589631,0.011166733114629174
2015-03-27,-0.00203054944589631,0.010971110632197635
2015-03-30,-0.01639367427755722,0.010828696656626953
2015-03-31,0,0.011740594687170768
2015-04-01,-0.01456859551852396,0.011491624929768608
2015-04-02,0.00835115633739036,0.01209112954573915
2015-04-03,0.01444810615124225,0.011975754610144352
2015-04-06,-0.00616645384670633,0.012278110688266916
2015-04-07,0.00821309085511323,0.012148700882755215
2015-04-08,0,0.01202085705626559
2015-04-09,0,0.011745578782066602
2015-04-10,0.00611637029904166,0.011496137279800754
2015-04-13,0,0.011351292913334771
2015-04-14,-0.01021417966326154,0.011139628613986709
2015-04-15,0.00409780936421988,0.011397056867049353
2015-04-16,-0.0020466370084069,0.01120670741319233
2015-04-17,0.04409513069027149,0.011040779033116477
2015-04-20,-0.0098521571008483,0.016197456744752724
2015-04-21,-0.00995051796796531,0.015867611937070564
2015-04-22,0,0.015574957147468553
2015-04-23,0.00995051796796531,0.014995646930250616
2015-04-24,0,0.014667652960671735
2015-04-27,0.01960838720223101,0.014161726335483005
2015-05-04,-0.04163143601816266,0.014636395743478412
2015-05-05,0.01207253084796633,0.01852269096206528
2015-05-06,-0.00803227100145953,0.017977189991783066
2015-05-07,0.00603037561544717,0.01740109828061357
2015-05-08,0,0.016733001032793737
2015-05-11,-0.00401618502159273,0.01606310646300445
2015-05-12,-0.01011136790640421,0.015509480965779192
2015-05-13,0,0.015261179728427627
2015-05-14,0.00203054944589631,0.014706986263968326
2015-05-15,-0.00406489513467178,0.014196302220914515
2015-05-18,-0.00612866161867309,0.013803158397323647
2015-05-19,0.00816300730744856,0.013520131557136664
2015-05-20,0.03593212338282292,0.013252941925134504
2015-05-21,0.02898757376331673,0.016132435688327337
2015-05-22,-0.00956950528711075,0.01735384757211555
2015-05-25,0.03774023418118233,0.016902088104349785
2015-05-26,-0.0186919316925529,0.019180187854935644
2015-05-27,-0.00947879720151867,0.019148334726940212
2015-05-28,0.01369224239534538,0.018535726722078903
2015-05-29,-0.0088496785119343,0.01807168261396608
2015-06-01,-0.01567779933556323,0.0175227207350605
2015-06-02,-0.01363654477464138,0.017438135802971468
2015-06-03,0.01137670413929115,0.017216563446499404
2015-06-04,0.00451464915708577,0.01675294813980323
2015-06-05,0.00896867111228871,0.016105833012481436
2015-06-08,-0.01122347963402425,0.015635163705329143
2015-06-09,0,0.015441259498295754
2015-06-10,0.00674923016181061,0.014872619063709182
2015-06-11,0.00447424947221364,0.014431623125397659
2015-06-12,0.00667403008197986,0.013972460230174746
2015-06-15,-0.00221971038044088,0.01360872962228803
2015-06-16,-0.01117344435184897,0.013221500889135542
2015-06-17,-0.00224954646197872,0.01328969377224187
2015-06-18,0.00224954646197872,0.012931337190221787
2015-06-19,0.00671912465030999,0.012573022755019328
2015-06-22,0.01769964088796527,0.012341711290082606
2015-06-23,-0.00219559130284707,0.012893535452278221
2015-06-24,-0.00661503892434289,0.01256977760531061
2015-06-25,-0.00443469095923632,0.012431546912639485
2015-06-26,0.02847943020935162,0.01221471343899579
2015-06-29,0.01074137895953875,0.014161499725392296
2015-06-30,-0.00858392578996714,0.013954489414065347
2015-07-01,0.00858392578996714,0.013776446118595806
2015-07-02,0.00851051167286343,0.01350247472117784
2015-07-03,-0.00424638152584577,0.013251756300394829
2015-07-06,0.01058242319837887,0.0129500658582086
2015-07-07,0.00210276997217562,0.012860273973977121
2015-07-08,-0.01908849700590131,0.012507325182844921
2015-07-09,0,0.0134362937505579
2015-07-10,-0.00214357876218507,0.013034139228828099
2015-07-13,0.00641718019574888,0.012696561426306367
2015-07-14,0,0.012442981590159174
2015-07-15,-0.01071835353520178,0.012128873375748974
2015-07-16,0,0.012296679837968205
2015-07-17,0,0.011995925781342193
2015-07-20,-0.00431926706345997,0.011722970165345877
2015-07-21,-0.01307229512903696,0.011572928566034304
2015-07-22,0.0195444915704126,0.012014393551467172
2015-07-23,0.01069512655906912,0.012815256931260389
2015-07-24,0.01268519317055449,0.012746620824512542
2015-07-27,0.02898763127516623,0.012814406680922553
2015-07-28,-0.01646128038360039,0.014698501432924393
2015-07-29,-0.00624326873237812,0.015018826178258183
2015-07-30,-0.01260541617507549,0.014627857027408165
2015-07-31,0,0.014637267237346863
2015-08-03,-0.01705798571373584,0.01413383992324435
2015-08-04,0.01069512655906912,0.014588132432511272
2015-08-05,0.00847474826468008,0.0143362254786516
2015-08-06,-0.01273887841169774,0.014004842381586714
2015-08-07,0.01062698930168437,0.014097210310006224
2015-08-10,0.02505344857920022,0.013890535465638527
2015-08-11,-0.00413226725713045,0.015018627654045836
2015-08-12,-0.01459884730618199,0.01455580090457782
2015-08-13,-0.01268519317055449,0.014730786818453336
2015-08-14,-0.00426413014701765,0.014734310804159543
2015-08-17,-0.01290319285342711,0.014299854738120007
2015-08-18,0.00862044040291287,0.01436978287209459
2015-08-19,0.01090523518177377,0.014041300770093785
2015-08-20,-0.01310058984973494,0.013855404207519984
2015-08-21,-0.00661506967868774,0.01399427725475991
2015-08-24,-0.06394899361445106,0.01371405318105356
2015-08-25,0.01172385062661796,0.022552508331511498
2015-08-26,0.02758775257161083,0.021662648439992944
2015-08-27,0.00452463421640558,0.021918433873196527
2015-08-28,0.00898886412151434,0.020890542018479705
2015-08-31,-0.01124859110443665,0.020033580509361038
2015-09-01,-0.00226490723348327,0.019429455960841842
2015-09-03,-0.00911190708896292,0.018580683950343544
2015-09-04,0.00228605470173448,0.017999835360423943
2015-09-07,-0.00457671710751483,0.01723400906611435
2015-09-08,0.00685699427070751,0.016600333850662143
2015-09-09,0.00454557522403575,0.016017242417397028
2015-09-10,0.00226490723348327,0.015428874366070435
2015-09-11,-0.00453520575423205,0.014860997882168544
2015-09-14,-0.00684160856821414,0.014423735408214641
2015-09-15,0,0.014112752442450097
2015-09-16,0,0.013652935638617882
2015-09-17,0.00228605470173448,0.013232128486296553
2015-09-18,0.01809986776103045,0.012847605239943138
2015-09-21,0.01997844472110799,0.013363610738113771
2015-09-22,-0.00661506967868774,0.013994226945554909
2015-09-23,-0.00665961004079918,0.013714007689271543
2015-09-24,0.00444456263854498,0.013462840649327054
2015-09-25,-0.00444456263854498,0.013086923933687489
2015-09-28,-0.00894870680810022,0.01280733487688372
2015-09-29,0,0.012773142895365108
2015-09-30,0,0.012429280143995662
2015-10-01,0.00224494180647916,0.012116418047146832
2015-10-05,0.00892860719230626,0.011831837263265324
2015-10-06,0.02197884963078245,0.01177283958808888
2015-10-07,-0.01754408178066846,0.012908210625026355
2015-10-08,0.01318690763814167,0.013595949784848956
2015-10-09,0,0.0136000650849499
2015-10-12,0,0.013183793307815514
2015-10-13,-0.00657183795945393,0.012803614365181737
2015-10-14,0.02603165350923042,0.012639168110672491
2015-10-15,-0.00214352984147936,0.014137917063580334
2015-10-16,0.00214352984147936,0.013703269443888439
2015-10-19,0.00852904899901574,0.013277146224183132
2015-10-20,0.0042369927437047,0.013049264958599278
2015-10-21,-0.00636264953196885,0.012706200406499522
2015-10-22,-0.00212971605741252,0.012541798036951478
2015-10-23,0.00425537284567667,0.012248967781209265
2015-10-26,0.01055964572550038,0.011979800538508464
2015-10-27,0.00836811399308423,0.011996608453751011
2015-10-28,0.01652960042260787,0.011892026815391768
2015-10-29,0.0101935456696367,0.012395923906036966
2015-10-30,0,0.012344132069854854
2015-11-02,0.00404907817403454,0.012039034900810467
2015-11-03,0.05884006856123847,0.011785597494163557
2015-11-04,-0.00956924163030592,0.01984222299237306
2015-11-05,0.02843772984844328,0.019175479840770396
2015-11-06,-0.01886848821813735,0.019849190502752558
2015-11-09,-0.01923115254204255,0.0197572272673644
2015-11-10,-0.00975617494536429,0.019704537044425263
2015-11-11,-0.009852296443011,0.01905756662343182
2015-11-12,0.0483184735655584,0.018469797575584687
2015-11-13,0.02790879097135068,0.02205573970075375
2015-11-16,-0.00921665603872945,0.02229315306831826
2015-11-17,-0.03774022619806772,0.021415611567238004
2015-11-18,0,0.023124835655330446
2015-11-19,-0.00966191091173662,0.021994995736884668
2015-11-20,-0.00975617494536429,0.02115812531541278
2015-11-23,-0.02985274107383162,0.020391791514027455
2015-11-24,-0.00811417028913297,0.021298391498165058
2015-11-25,0.01816417413922089,0.020457425087239318
2015-11-26,-0.02020282173193521,0.02008343876745481
2015-11-27,-0.00204292456865573,0.02007395825683663
2015-11-30,-0.01234597545012761,0.019175189531939783
2015-12-01,-0.00207244917846693,0.0187057967677336
2015-12-02,0.00414095287734817,0.017907735722191735
2015-12-03,0.00206389383990845,0.01716624836674877
2015-12-04,-0.01244808982117007,0.016462053728658273
2015-12-07,-0.00838577042688726,0.01626174232420066
2015-12-08,0.03109036272805099,0.01585148356616101
2015-12-09,-0.01646134919725028,0.017398696052458827
2015-12-10,-0.00833324605577878,0.0173886647235837
2015-12-11,0.00417518886859724,0.01687586396659857
2015-12-14,-0.00417518886859724,0.016213907477247838
2015-12-15,0.01453809277303541,0.01565209135692078
2015-12-16,0.0061666965181697,0.015522386350209262
2015-12-17,0.00816306523240406,0.015009601445640883
2015-12-18,-0.00611618383923584,0.014604663653080989
2015-12-21,-0.00821357791133792,0.014246269779440894
2015-12-22,-0.00828148559278929,0.014018829894643288
2015-12-23,-0.00416660422838077,0.01381777860511623
2015-12-24,-0.00209000295186534,0.013461595882551013
2015-12-25,0,0.013084778115580432
2015-12-28,0.00625660718024612,0.012713288685758753
2015-12-29,0.0041490880539996,0.012452867914936506
2015-12-30,0,0.01216256590501661
2015-12-31,0,0.011874149113045162
2016-01-04,-0.01040569523424572,0.011612587571576427
2016-01-05,0,0.011822544861155743
2016-01-06,0.00209000295186534,0.011565836642077859
2016-01-07,-0.01896823059011687,0.011331961368203669
2016-01-08,-0.01500545598236335,0.012462911459847223
2016-01-11,-0.00867694127148688,0.01295778971933717
2016-01-12,0.02155268119643771,0.012890454678648475
2016-01-13,-0.01071833619190165,0.01377208818962574
2016-01-14,-0.00431947192189241,0.013744927960210861
2016-01-15,-0.00216693169904047,0.013400167674125659
2016-01-18,-0.02637526956922187,0.013030302374547218
2016-01-19,0.00444456263854498,0.014820512988336572
2016-01-20,-0.00444456263854498,0.014328113020873638
2016-01-21,0,0.01393487100610129
2016-01-22,-0.00222943509176154,0.013490054831695946
2016-01-25,0.05006481731949464,0.013113484123804834
2016-01-26,-0.02580805404211439,0.018700213017248224
2016-01-27,0.00867694127148688,0.019407464279538118
2016-01-28,-0.00650057763563793,0.01865499217882662
2016-01-29,0.00865798136868711,0.017966063609041766
2016-02-01,0.00430113019708322,0.017327723156487725
2016-02-02,-0.00862060211897564,0.016632713547217796
2016-02-03,0.00862060211897564,0.016199948919741285
2016-02-04,-0.00214825263520168,0.01570782082724603
2016-02-05,0.00856545863002011,0.015142718740393428
2016-02-15,-0.00427367615333906,0.014741367259340155
2016-02-16,0.01276604174272044,0.014306581246542466
2016-02-17,0.00421981063126075,0.014203956627828111
2016-02-18,0.01255237465526804,0.013759547590213833
2016-02-19,-0.00835052648231382,0.013702627774044381
2016-02-22,0.01042716535784649,0.013537575554595392
2016-02-23,-0.00833324605577878,0.013377177010938266
2016-02-24,0,0.01324502114419255
2016-02-25,-0.00419292512448699,0.012859489466590886
2016-02-26,0.00209900582241928,0.012592969268326848
2016-02-29,0.0020939193020677,0.012263912453007987
2016-03-01,0.00833324605577878,0.011964731122518231
2016-03-02,0.01032023779996471,0.011861876025954295
2016-03-03,0.00205130543546161,0.011877653961894783
2016-03-04,0.00408980596182395,0.011614022192617948
2016-03-07,-0.00819663333755826,0.011402224932415245
2016-03-08,-0.01242277304687355,0.011483164006413539
2016-03-09,0,0.011878410602393887
2016-03-10,0.00415805718718154,0.011616448942658654
2016-03-11,0.00620484671725662,0.011405809431121544
2016-03-14,0.00411539108270808,0.011273339429072481
2016-03-15,-0.00411539108270808,0.01109563272830769
2016-03-16,0,0.011003457988877424
2016-03-17,0,0.010825938002978767
2016-03-18,0.0163602421878064,0.010666162192985534
2016-03-21,-0.00203048043723264,0.011346732820248971
2016-03-22,-0.01021437066786568,0.011166431498877217
2016-03-23,0,0.01142029060124138
2016-03-24,-0.00617928492261654,0.011201946811917603
2016-03-25,-0.01038419598126161,0.011189924341103438
2016-03-28,0.0020851859167319,0.011453962614240887
2016-03-29,-0.01047095634361916,0.011230786131712585
2016-03-30,0,0.011496197656122175
2016-03-31,-0.00845680337496546,0.011270539841928526
2016-04-01,-0.00638986916360373,0.011384369556531038
2016-04-04,0,0.011362700762203875
2016-04-05,0.00426421237533958,0.011149930024663928
2016-04-06,0.00847483867484832,0.010987801662243063
2016-04-07,0.0084033889634032,0.010999782271123495
2016-04-08,-0.00419292512448699,0.011006680830013724
2016-04-11,0.00628292807635233,0.010926956747723461
2016-04-12,-0.00418392225393304,0.010847767725165177
2016-04-13,-0.00209900582241928,0.010784865843775634
2016-04-14,-0.00210284235053492,0.010663236383462785
2016-04-15,-0.00633600476699847,0.010554377362203365
2016-04-19,-0.00424645539623114,0.010625999469271275
2016-04-20,0.00212565678826415,0.010589899519538915
2016-04-21,0.0042369927437047,0.010452659987890956
2016-04-22,0.01051557810628267,0.010361989322637842
2016-04-25,0.00209000295186534,0.010574712030403374
2016-04-26,0,0.010438769970088208
2016-04-27,-0.00418392225393304,0.01031849969248321
2016-04-28,0.01456811823519466,0.010314371844751865
2016-04-29,0.00412376298234384,0.01087140502810249
2016-05-04,-0.01034135473522468,0.010734509285663938
2016-05-05,-0.00625660718024612,0.011057491200912622
2016-05-06,-0.00629576747502191,0.011065909294877248
2016-05-09,-0.00633600476699847,0.011075421982796646
2016-05-10,0.00211619413573771,0.011085969055926258
2016-05-11,0.00842165880421497,0.010898856031863502
2016-05-12,-0.00630946966133549,0.01091830220806028
2016-05-13,0,0.010945567331883831
2016-05-16,-0.00211218914287947,0.010773809415653967
2016-05-17,0.00632265298179568,0.010653643472300208
2016-05-18,0.00209900582241928,0.010605633856700582
2016-05-19,0,0.010466595027051953
2016-05-20,0.00418392225393304,0.010343446989098708
2016-05-23,-0.00209000295186534,0.010263175778262168
2016-05-24,-0.0020939193020677,0.010196555955974287
2016-05-25,0,0.010137253994672515
2016-05-26,-0.00420184817295421,0.010048574103131558
2016-05-27,0.01388147745315748,0.010076192772958216
2016-05-30,0.00243630302542285,0.01060550684589732
2016-05-31,-0.0073262150379314,0.010469299775415069
2016-06-01,0,0.010609705866831996
2016-06-02,0,0.010471852941911868
2016-06-03,-0.00245400953024876,0.010348161804443272
2016-06-06,-0.00739825398557769,0.010281892212041685
2016-06-07,0.00247220973434103,0.010450639577633977
2016-06-08,0.00492604425123666,0.010330728864896159
2016-06-09,-0.00492604425123666,0.010271109588631927
2016-06-10,0,0.010304630922814516
2016-06-13,-0.00247220973434103,0.010198321403294902
2016-06-14,0.00247220973434103,0.010148865688048594
2016-06-15,-0.00495054643993952,0.010060585603309124
2016-06-16,0.00247833670559849,0.010120072417480759
2016-06-17,0,0.010034913873909136
2016-06-20,0.05536925569113826,0.009957132144094546
2016-06-21,0,0.01811199343231251
2016-06-22,-0.00705072649359372,0.01733791067773964
2016-06-23,-0.01186241205494553,0.01677662576516364
2016-06-24,-0.02415573712298702,0.01650721337630922
2016-06-27,0.00730802615375481,0.017362684003237976
2016-06-28,0,0.016730659561791816
2016-06-29,0.01923129919725674,0.016060945074551414
2016-06-30,-0.00477298346022614,0.01624832573005067
2016-07-01,0.0023893952322016,0.015700482763225575
2016-07-04,0.01421792529987264,0.01511173331812084
2016-07-05,-0.00708358331481484,0.015018322976525975
2016-07-06,0.00236710589027921,0.014662542237911328
2016-07-07,0.02336530321110253,0.014157456519220719
2016-07-08,0.00690435797090849,0.015036356102756316
2016-07-11,-0.02320287642320195,0.014585929585399515
2016-07-12,0,0.015646643235815622
2016-07-13,0.00701774086276607,0.01506163133488586
2016-07-14,0.00232798260530842,0.014612553016692037
2016-07-15,-0.00934572346807449,0.01411132284386076
2016-07-18,0,0.01396061975348292
2016-07-19,-0.01656823263414608,0.013513625292248253
2016-07-20,-0.00718571925229483,0.014008555240751638
2016-07-21,0,0.013753172824177685
2016-07-22,-0.00723772775738851,0.013323796056730302
2016-07-25,-0.00485419157915778,0.013138985071195994
2016-07-26,-0.00487809853414589,0.012868961490810875
2016-07-28,0.00973229011330367,0.012625751166867502
2016-07-29,-0.00729049460458064,0.012523434305038524
2016-08-01,0.00243630302542285,0.012424608495130725
2016-08-02,-0.01224015583669668,0.012113223011641265
2016-08-03,-0.00246611298272014,0.012405039368532187
2016-08-04,-0.00247220973434103,0.012132430134499222
2016-08-05,0.00247220973434103,0.011885782484697323
2016-08-08,0.00246611298272014,0.011624540063074444
2016-08-09,0.00736205730255079,0.011387981065791673
2016-08-10,0.00487809853414589,0.011302639089158297
2016-08-11,0.01688824335663952,0.01113997981009441
2016-08-12,-0.00479632402009322,0.011797651736304832
2016-08-15,0,0.01165830785619275
2016-08-16,0.02609885780083409,0.01141714745912059
2016-08-17,0.01164123690652196,0.013194434022447327
2016-08-18,-0.00231740943458547,0.013141580469512698
2016-08-19,-0.01637455396553022,0.012797927540946713
2016-08-22,0.00241264851235811,0.013379748485149404
2016-08-23,0.004807575644584,0.012983292009880475
2016-08-24,0.00716846600230347,0.012658084850396345
2016-08-25,0.00947892866435751,0.012434936339015271
2016-08-26,0.01405170534519051,0.012339497609262864
2016-08-29,-0.00934583049517812,0.012560875194836152
2016-08-30,0,0.01257990075219365
2016-08-31,0.03005996518284526,0.012253390319688659
2016-09-01,0.01357482419076028,0.014434428216620524
2016-09-05,0,0.014371225786593916
2016-09-06,-0.00676417107179894,0.013889805689937064
2016-09-07,-0.0022652058498096,0.013626338727452166
2016-09-08,0.03344802539371017,0.013238476746043493
2016-09-09,0.0021906738930788,0.015711682511900683
2016-09-12,-0.01543595674735343,0.015120871960749292
2016-09-13,0.00443458224385828,0.015296328090413706
2016-09-14,0.00661521712705948,0.014764418905360973
2016-09-15,-0.01550433871437384,0.014328780925471534
2016-09-16,0.00445453934345607,0.014611128102139355
2016-09-19,0.00664441968207896,0.014136446667304533
2016-09-20,0.00769680000012762,0.013757055988191037
2016-09-21,-0.00329142031128881,0.013448862664188726
2016-09-22,0.02388813696115122,0.01310081365027663
2016-09-23,0.01702182573023236,0.014227126996899778
2016-09-26,0.00840338256745099,0.014453741679238716
2016-09-27,0,0.014108584115430997
2016-09-28,0.00208966718474812,0.013649117559148492
2016-09-29,-0.0115485035006948,0.013227317638076701
2016-09-30,-0.01489394032191171,0.013322457658393731
2016-10-03,0,0.013684405888685676
2016-10-04,0.00321021630654883,0.013260904173772525
2016-10-05,0,0.012882849244987239
2016-10-06,-0.01507030310603596,0.012529211814684143
2016-10-07,-0.02303984133137859,0.013020644669988727
2016-10-10,-0.03271567170031453,0.014349399356522541
2016-10-11,0.02043186622145931,0.016797594614459392
2016-10-12,-0.01585552789335054,0.016999191857318886
2016-10-13,0.00455611380060538,0.016986598764239358
2016-10-14,-0.0034149554715519,0.016321933250050217
2016-10-17,-0.01031518997122482,0.015732547056352967
2016-10-18,0.00459769331406256,0.015473920329247146
2016-10-19,0.00571749665716225,0.01493038636824023
2016-10-20,-0.00801370096854547,0.014455985293985174
2016-10-21,-0.00230148900267934,0.014197579059885853
2016-10-24,-0.00461924703039962,0.01376085721726156
2016-10-25,0,0.013424487466166595
2016-10-26,-0.00464015231250591,0.013023354725600305
2016-10-27,0.00464015231250591,0.012756628345337839
2016-10-28,0.00921694034446218,0.012448428340068667
2016-10-31,-0.00229620431138322,0.01233791347169317
2016-11-01,-0.00460849809378238,0.0120677255776602
2016-11-02,-0.01629822074698062,0.01189349907876734
2016-11-03,-0.0141848035143699,0.012610295219191743
2016-11-04,0.0035653255178083,0.013005898559816247
2016-11-07,0.01530341801326606,0.012655306183854166
2016-11-08,0.00116737842207825,0.012939250195373446
2016-11-09,-0.01528553465999138,0.012576478926612894
2016-11-10,0.01177887514362829,0.013082034953285044
2016-11-11,0.00700117157275848,0.013050355084703247
2016-11-14,-0.00583095386151022,0.012783131102924892
2016-11-15,0.01047110617401614,0.01258690831288097
2016-11-16,-0.003478306382382,0.012530166636565641
2016-11-17,-0.01050767642530203,0.012272526984130602
2016-11-18,0.01166849202825481,0.01240669423322167
2016-11-21,0,0.01244488883775034
2016-11-22,0,0.012130607236533923
2016-11-23,0.01953003328467417,0.011845144165274478
2016-11-24,0.00905984626020739,0.012673229011255553
2016-11-25,-0.00905984626020739,0.012531232194465987
2016-11-28,-0.01029180647216598,0.012535176176172037
2016-11-29,-0.00807854539096908,0.012621768231765182
2016-11-30,0.00462426982202934,0.012556011636999258
2016-12-01,-0.00346646046413923,0.012266000812021758
2016-12-02,-0.0058037751693778,0.01203336483925831
2016-12-05,-0.00818220763830623,0.011912707498509369
2016-12-06,-0.00706735888881837,0.011932670267105216
2016-12-07,-0.00473922145647698,0.011885992511907086
2016-12-08,0.00355665523671788,0.011735295724491113
2016-12-09,0.01526747376911963,0.01150202979667417
2016-12-12,-0.01645176488175082,0.011943898396377349
2016-12-13,-0.00952385043238734,0.012669094458439596
2016-12-14,0.0047732631392261,0.012687347281908415
2016-12-15,-0.00357786423352024,0.012388521987717796
2016-12-16,0.00595608740259479,0.01214743739036631
2016-12-19,0.01415123926771499,0.01193209152741156
2016-12-20,-0.00351921419710699,0.012215365454717582
2016-12-21,-0.00117593647723879,0.01198923670427295
2016-12-22,0.00117593647723879,0.011730578486818544
2016-12-23,0.0023474112402031,0.011478033733759292
2016-12-26,0.00117180295690388,0.011254486746601497
2016-12-27,0.01048351452737428,0.011047544796953447
2016-12-28,0.0103747497023523,0.011170665236172477
2016-12-29,-0.00344623413462308,0.011271629628961524
2016-12-30,0.01257868626333724,0.011137643251072598
2017-01-03,0.01913404244209893,0.011400165742327079
2017-01-04,0.00887884865400501,0.012260357623563126
2017-01-05,-0.0033204633725461,0.012152685483905561
2017-01-06,-0.00333132232160693,0.011926689009937456
2017-01-09,0.00554625655247953,0.01172310979118671
2017-01-10,0.01754425164392259,0.011537057867703543
2017-01-11,0.00217144730462592,0.01219900555773325
2017-01-12,-0.00325884229117967,0.011906288079269408
2017-01-13,-0.02311602471372431,0.011702560984511758
2017-01-16,-0.02024819389807497,0.013316073736535816
2017-01-17,0.00904990754564494,0.014241671110934025
2017-01-18,-0.01360602134625033,0.013943717888644548
2017-01-19,0,0.014112562614599805
2017-01-20,0.0090913568215516,0.013652761759925535
2017-01-23,0.00564010172215745,0.013413496426300521
2017-01-24,0.00560857150474092,0.013069870792281954
2017-01-25,0.00890851147571325,0.012756772581873008
2017-02-03,-0.00890851147571325,0.012598753509966355
2017-02-06,-0.00898889631840305,0.01258546068817762
2017-02-07,0.00450439416330361,0.01257872928626149
2017-02-08,0.00224476492039116,0.012283999116387485
2017-02-09,-0.00112185513660456,0.01198398096495044
2017-02-10,-0.00224697913342808,0.011724987039489322
2017-02-13,0.00784289562401241,0.011512347344663184
2017-02-14,0.03509160463859651,0.011435016496844167
2017-02-15,-0.00865823140735955,0.014695509220192852
2017-02-16,-0.01533441420570191,0.01444704712715309
2017-02-17,0,0.014698959554587354
2017-02-20,-0.00553397982105075,0.014190460860046364
2017-02-21,0.00773904527101798,0.01384740284908005
2017-02-22,0.0087719579498593,0.013532383132955102
2017-02-23,0.00435739080587538,0.013290315397535097
2017-02-24,0,0.012927997809652609
2017-02-27,0.01188571572307317,0.012570353390075305
2017-02-28,-0.01515195260752833,0.012603941095356126
2017-03-01,-0.00327664025597229,0.013092350657870242
2017-03-02,-0.00548550828951555,0.012776391591152854
2017-03-03,0.0043907712243687,0.012566180531044543
2017-03-06,0.00655021921902054,0.012270220914673866
2017-03-07,-0.00326999581932163,0.012062612966980451
2017-03-08,0,0.011843899374937246
2017-03-09,-0.00657164371098772,0.011585180964628556
2017-03-10,0.01092903451686311,0.011550574748338975
2017-03-13,-0.00544953692945604,0.011641485974688491
2017-03-14,-0.0010933402109714,0.011546209526619269
2017-03-15,-0.00328791341256184,0.011328603757246633
2017-03-16,0.00328791341256184,0.011183737347719118
2017-03-17,0.00436650532675386,0.010999964100009765
2017-03-20,0.01513547425796169,0.010855367692924625
2017-03-21,0,0.01138220198540186
2017-03-22,-0.01078765513966217,0.011167541747966098
2017-03-23,0.04038803055604312,0.01146700025559198
2017-03-24,-0.00626940170896617,0.015715671792294647
2017-03-27,-0.00209872559127966,0.015263784599159435
2017-03-28,-0.00421042238590274,0.014733970739689186
2017-03-29,0.00210737905903357,0.014297957926821482
2017-03-30,-0.00845677924240995,0.013821470758934763
2017-03-31,0.00423737752666575,0.013650043348866492
2017-04-03,-0.0192106741104503,0.013253742086470486
2017-04-04,0.01284809848561074,0.014069891661495759
2017-04-05,-0.00962061416989712,0.013998236801002215
2017-04-07,0.00962061416989712,0.013875888231444884
2017-04-10,0,0.013639849890753385
2017-04-11,-0.00106444108542014,0.013220164277035758
2017-04-12,0.01269863705462803,0.012847740826502892
2017-04-13,-0.00632930677128129,0.012904524418046622
2017-04-14,-0.02572480683361355,0.012718427606630845
2017-04-17,-0.00762928939771079,0.014483031820648888
2017-04-18,0.00654287714042745,0.014202963398423361
2017-04-19,0,0.01381449883079992
2017-04-20,-0.00326623688445515,0.013379897540476773
2017-04-21,0,0.013037417546649374
2017-04-24,-0.00218330004500089,0.012670099211942393
2017-04-25,-0.00218807727611825,0.012366543459368492
2017-04-26,0.00763761420557429,0.012091287739556684
2017-04-27,0.01081107735758202,0.011943899906984806
2017-05-03,0.01069525253538827,0.011980537161344394
2017-05-04,0,0.012005651736224436
2017-05-05,0.00212519809817379,0.011731789624608906
2017-05-08,-0.00212519809817379,0.011482364930636167
2017-05-09,0.02728386738145971,0.011290745518400118
2017-05-10,-0.00414955973974251,0.013277555829178292
2017-05-11,0,0.012970332769557022
2017-05-12,-0.00208115967401845,0.012608939261068599
2017-05-15,-0.00417516711869758,0.01230889110238488
2017-05-16,-0.00629600350841741,0.012094967103637328
2017-05-17,0.00629600350841741,0.01199105221103695
2017-05-18,0.00208966718474812,0.011802320754005677
2017-05-19,0.01038455996217102,0.011546006581774302
2017-05-22,0.00206388301890392,0.011602563427837467
2017-05-23,0.00719060368451351,0.011365015359185736
2017-05-24,0.00510468592976742,0.011274839519395613
2017-05-25,0.01833402642068371,0.011121121918217342
2017-05-26,-0.01180652647457058,0.011939123663589629
2017-05-29,0.01180652647457058,0.0122179713446038
2017-05-30,0.0093457646904298,0.012287644636215553
2017-05-31,0,0.012200982173931008
2017-06-01,0.01041082975086915,0.01190902191709813
2017-06-02,-0.00461374973313866,0.011924873007521571
2017-06-05,0,0.011765326761126045
2017-06-06,0.02398739553421514,0.011514017521489449
2017-06-07,-0.00565902313195465,0.012967431504148957
2017-06-08,0.00339946668351665,0.012745582400810425
2017-06-09,0.02126524506592453,0.012415954738360668
2017-06-12,-0.01001660816800331,0.013346051486569713
2017-06-13,0.01443671640906707,0.013319843205396318
2017-06-14,-0.00331329125431878,0.013448290350068599
2017-06-15,0.00441522947494732,0.013100875764622402
2017-06-16,0.00658616565502612,0.012756652334797405
2017-06-19,0.01304352579992773,0.01250299397811308
2017-06-20,-0.00324486072147323,0.012625998511775116
2017-06-21,0.02883275595024059,0.012352572454867566
2017-06-22,0.00210298702780242,0.014320353612880195
2017-06-23,-0.00315610031979929,0.013841977687200548
2017-06-26,-0.01593258465364222,0.0134553106554588
2017-06-27,-0.02164572308305601,0.013896480770610594
2017-06-28,0.01412295038473843,0.014888315805200301
2017-06-29,0.00323088190685183,0.014812725852393594
2017-06-30,0.00749876361659573,0.014303122251139128
2017-07-03,-0.00965146871248734,0.013937353843092228
2017-07-04,0.0043012035687191,0.013823360754240314
2017-07-05,0.00214339231863824,0.01341313978135806
2017-07-06,0.02537148396699784,0.013011960139386353
2017-07-07,0.0145079138148656,0.014346219380531522
2017-07-10,-0.0082644227963744,0.014358542142246617
2017-07-11,-0.01252629001204752,0.014122616124353428
2017-07-12,0.00732602397914128,0.014184763287657819
2017-07-14,0.01552028633872026,0.013823618777969816
2017-07-17,-0.01447806746052826,0.013975771433162214
2017-07-18,-0.00417540872620847,0.014213874438238353
2017-07-19,-0.01900813590440542,0.013822477521862515
2017-07-20,-0.00213424256472904,0.014524614960778726
2017-07-21,-0.0129032676828622,0.014056902837438405
2017-07-24,0.0064722362559646,0.014155773927947042
2017-07-25,0.00429189079146574,0.01376935776297123
2017-07-26,0.02328151910456633,0.013363656100446087
2017-07-27,0.00833345588092271,0.01436809087523233
2017-07-28,0.00723507739090045,0.014028025993146636
2017-07-31,-0.0041279294845129,0.013677959211991135
2017-08-01,0.01335411530646091,0.01333325706592994
2017-08-02,0.00813004055157762,0.013379490669920575
2017-08-03,0.01407063169907552,0.013124477185923335
2017-08-04,0,0.013248645675677923
2017-08-07,-0.00500255648248781,0.012862797617225431
2017-08-08,-0.01821905398837486,0.01262489144839442
2017-08-09,-0.01129957603322928,0.013433286474932402
2017-08-10,0.01027743526347535,0.013485666804710994
2017-08-11,0.01118484119661467,0.01332253366793044
2017-08-14,-0.0050684006592867,0.013227890550649811
2017-08-15,-0.00611644053732796,0.012957339985558529
2017-08-16,-0.00615376142651058,0.012756282131181806
2017-08-17,-0.00421043658035635,0.01257712591469257
2017-08-18,0.00210735401603479,0.012338273839286635
2017-08-21,0.00524935672640047,0.012032370320208806
2017-08-22,-0.01370587388516675,0.011807464255510184
2017-08-23,0.00212068153871136,0.012273909033400417
2017-08-24,0.01053750716504886,0.0119739786571473
2017-08-25,-0.00420167154499395,0.011990097085378073
2017-08-28,0.00210316264026921,0.011808728375976072
2017-08-29,0.00314619408613126,0.011551897298863885
2017-08-30,0.00104650894494007,0.011330075145982998
2017-08-31,0.01453806736052776,0.011115836835514932
2017-09-01,0.00205992183777325,0.011547476933134978
2017-09-05,-0.00205992183777325,0.011315164976596041
2017-09-06,-0.00620455742183168,0.0111386719640725
2017-09-07,-0.00624353314890235,0.011135118033497073
2017-09-08,-0.00418417091614031,0.011133991476592463
2017-09-11,-0.00736453126241976,0.011040328315118399
2017-09-12,0.01571535948791336,0.011113098892182876
2017-09-13,0.01342291256089289,0.011656295078073918
2017-09-14,-0.00823878828390434,0.011916702618748571
2017-09-15,-0.00310724843743948,0.011939682148086668
2017-09-18,0.00310724843743948,0.011728281311205221
2017-09-19,0.00103352887024499,0.01148900544941542
2017-09-20,0.0051519954759911,0.011259474164431925
2017-09-21,0.01529846291073333,0.0111086462089034
2017-09-22,0.00101180371651921,0.01161221147831938
2017-09-25,-0.01220763389986245,0.011370942287577372
2017-09-26,0.00306588864992463,0.01176307001542844
2017-09-27,0,0.011519934113662651
2017-09-28,-0.00102094478706682,0.011291996458115737
2017-09-29,-0.00409431265257964,0.011098085077752916
2017-10-02,-0.01134603672134382,0.011004860325321709
2017-10-03,-0.00728793571473396,0.01137388031737373
2017-10-04,0.00417100218263222,0.011402816078441224
2017-10-05,0.00518950489671432,0.011213423715983654
2017-10-06,0.00927346535673123,0.011068360312183537
2017-10-09,0.00102528749069108,0.011114695054776186
2017-10-10,0.01019376882327094,0.010921469106163161
2017-10-11,0.01209695300656399,0.011041382533796424
2017-10-12,0.0218045110457794,0.011279504783015624
2017-10-13,0.00391388501590128,0.012489096198490066
2017-10-16,0.00389870037768602,0.012191084801103352
2017-10-17,0.00194373902687772,0.011920506511182035
2017-10-18,-0.01960854686589996,0.011652250396282707
2017-10-19,0.0019782702926143202,0.012802305035938693
2017-10-20,-0.00594651461281614,0.01245381816590917
2017-10-23,-0.02008099728670664,0.012296065547552975
2017-10-24,0,0.013383444684822781
2017-10-25,0.00808074518229773,0.01298586833458933
2017-10-26,-0.00201397675654213,0.012767217555399148
2017-10-27,0.01202414796074435,0.012451276145515467
2017-10-30,-0.00399200638753427,0.012508137353064311
2017-10-31,0.00796798874870141,0.012268643598016112
2017-11-01,0.00790522655086256,0.01211732761879531
2017-11-02,-0.00592288369162119,0.011978858210908428
2017-11-03,0.00985222244543493,0.011869446696986075
2017-11-06,0.00781258539358731,0.011856745796905668
2017-11-07,-0.00389870037768602,0.011741369692291038
2017-11-08,0.03455232953519349,0.011574475071345885
2017-11-09,-0.00757569399931767,0.014695419832293114
2017-11-10,-0.0076335235162972,0.014392433999849871
2017-11-13,0.03390149569410816,0.014121324851942391
2017-11-14,-0.00185352635042868,0.01644910155294354
2017-11-15,0.05416473073278993,0.015820222001480155
2017-11-16,0.00175588686205152,0.021256711556163828
2017-11-17,-0.00527693715861943,0.0202542520511384
2017-11-20,0.02094322818194349,0.019405408855465253
2017-11-21,-0.01216353982474771,0.019344230142028514
2017-11-22,0.01388906068961581,0.01884922851706659
2017-11-23,-0.00692035111389444,0.01836740004771673
2017-11-24,0.00519483024902633,0.017716143052960563
2017-11-27,0.00516791790084347,0.01700625875278938
2017-11-28,-0.01210052721096666,0.016350949312064808
2017-11-29,0.03082450564580341,0.016139463505996782
2017-11-30,-0.0152933908549997,0.01759648588391095
2017-12-01,0,0.017475174756538356
2017-12-04,0.00682574484847542,0.016748761150745622
2017-12-05,-0.02584110459160982,0.016152723873673426
2017-12-06,-0.00876409772992303,0.01726590693922387
2017-12-07,-0.01240083832115246,0.016783329205765498
2017-12-08,-0.0107526845361292,0.016547159244535547
2017-12-11,-0.03670130074007005,0.01623406614054034
2017-12-12,0.00373126270244483,0.01885838030200194
2017-12-13,0.01845098949656787,0.018040872723550018
2017-12-14,0.02170031347173662,0.017935319155699018
2017-12-15,0.01067642236261434,0.01810936324158786
2017-12-18,-0.00354608970603109,0.01753639590930617
2017-12-19,-0.01973161056229955,0.01685366178220066
2017-12-20,0.01973161056229955,0.01719561176319305
2017-12-21,0.0017746504871301,0.017288262813837305
2017-12-22,0.01233487838535651,0.016573764688952924
2017-12-25,0.00871851814088309,0.016217944160402568
2017-12-26,-0.00871851814088309,0.015727935844413673
2017-12-27,-0.00702987979203406,0.015383227777753087
2017-12-28,0.00877968835719578,0.01499171652478
2017-12-29,-0.00174980856516171,0.014612604683345585
2018-01-02,0.04620147262967222,0.014130886999973717
2018-01-03,0,0.018595970048689316
2018-01-04,0.01986831920150855,0.01778612035419173
2018-01-05,-0.0165293665195545,0.01782101525677328
2018-01-08,0.01488858933615411,0.017768910155326754
2018-01-09,0.01951311174378389,0.017446500648124273
2018-01-10,-0.0097090853906927,0.017491515928982404
2018-01-11,0,0.017034305362571986
2018-01-12,-0.02136496446938274,0.0163413327701143
2018-01-15,0.01320171529969194,0.0169166874791969
2018-01-16,0,0.016576401527868767
2018-01-17,-0.03333629317846487,0.015918576856606078
2018-01-18,0,0.018098943552625743
2018-01-19,-0.00169670259048082,0.01732583054386923
2018-01-25,0.03667114759517709,0.016626704423846884
2018-01-26,-0.00492215200372569,0.018805741002422785
2018-01-29,-0.00825774834587633,0.01805784232445284
2018-01-30,0.05955067285627358,0.017484340697325174
2018-01-31,-0.01733676834758135,0.023409149450784303
2018-02-01,-0.0208841242597888,0.022851446097782224
2018-02-02,-0.00978803172553277,0.022596299728502064
2018-02-05,-0.06606979183118078,0.021717302019038702
2018-02-06,-0.05212318580103847,0.027962250233493652
2018-02-07,0.04332812074772363,0.030415495838795232
2018-02-08,-0.02504607438147132,0.031128592739113076
2018-02-09,-0.00362961588730037,0.030368605917208826
2018-02-12,0.03747075532208654,0.02878958826614446
2018-02-13,0.03273349865271591,0.029114495610431262
2018-02-21,0.00675669219180186,0.028967487976609974
2018-02-22,-0.01697833697392781,0.027492555740408504
2018-02-23,0.03532762731335026,0.026558343597981964
2018-02-26,-0.00165453755471389,0.0269514370503385
2018-02-27,-0.0099834709995541,0.025575306465622713
2018-03-01,0.01658431902401425,0.02447740038775714
2018-03-02,0.00492215200372569,0.023651558756208255
2018-03-05,0.0065250973434594,0.022508289077652975
2018-03-06,0.02884804947527541,0.021471087671682116
2018-03-07,-0.01753041924360054,0.0218733327102598
2018-03-08,0,0.021473839574460783
2018-03-09,-0.00969284767583289,0.02045804440692625
2018-03-12,-0.0032523334837613,0.01974588256446528
2018-03-13,-0.02139995012604245,0.018889988208676992
2018-03-14,0.01158025170677667,0.01912763313503217
2018-03-15,-0.00329475748003105,0.0185077970737923
2018-03-16,-0.00828549422674562,0.017745209287740073
2018-03-19,0.00663394123703042,0.017199547273341106
2018-03-20,0.01313630215783412,0.01656211676023545
2018-03-21,-0.00490599151059356,0.016252227143963665
2018-03-22,-0.01486425188427098,0.015708036816986837
2018-03-23,-0.0252748272027361,0.015765702787225073
2018-03-26,0.0101868064120687,0.01687584780055673
2018-03-27,0.00505465541718841,0.01638816368590378
2018-03-28,-0.01013537851119572,0.01577949782148392
2018-03-29,0.01013537851119572,0.015505889684627107
2018-03-30,0.01996743828220282,0.01513898284186888
2018-04-02,0.01309342814523795,0.015512796466059088
2018-04-03,-0.00488974923292317,0.015304571215423127
2018-04-04,0.0081363080485044,0.014840050598064496
2018-04-05,0.02085093521295711,0.01444929339678624
2018-04-06,-0.00477304861413507,0.015007684264724647
2018-04-09,0.01110222088299828,0.014565130861458768
2018-04-10,0.01564989228076818,0.014337193391905066
2018-04-11,-0.02197906454963139,0.01443715081066021
2018-04-12,0.00947870970822428,0.015376497100292484
2018-04-13,-0.02547905398217231,0.014991895238914187
2018-04-16,-0.01462224709804971,0.016265084759261313
2018-04-17,0.01462224709804971,0.016239983032514015
2018-04-18,0,0.01605415437995928
2018-04-19,-0.02119057789982825,0.01543697628510691
2018-04-20,0.00983617048614071,0.01612744886918782
2018-04-23,-0.055336914086996813,0.01569068822915415
2018-04-24,-0.02797374764013405,0.021864437784832297
2018-04-26,-0.02513587693673003,0.022358660489822477
2018-04-27,0.03571781268867191,0.02251561236817383
2018-05-02,0,0.02350912301016704
2018-05-03,0.01739181188819216,0.022353079404725376
2018-05-04,0.01369872946428785,0.02175419803154481
2018-05-07,0.01351379921708684,0.021012034784522796
2018-05-08,-0.01011789928343631,0.020322869086610823
2018-05-09,-0.01022164478212595,0.019640561112103248
2018-05-10,-0.00171395343291713,0.01902033429757291
2018-05-11,0.02037427413575798,0.01819425917301663
2018-05-14,0.03468564898328274,0.018223773509979033
2018-05-15,-0.0032523334837613,0.019804839832571405
2018-05-16,-0.01476600888901202,0.018944602165930333
2018-05-17,0.00165155298971519,0.018646626715944706
2018-05-18,0.00329475748003105,0.017830691070646266
2018-05-21,0.0032840001774943,0.01708507371544565
2018-05-22,-0.02154173021235195,0.016395933131352965
2018-05-23,0.01496297255482659,0.016981889483042988
2018-05-24,-0.01831885960022461,0.016742326301823842
2018-05-25,-0.03090374266021278,0.016967809921373228
2018-05-28,-0.07206504424058124,0.018586614998566106
2018-05-29,0.04091002993038373,0.027130464796443612
2018-05-30,-0.04200963416025161,0.028034728171986222
2018-05-31,0.01202880906089731,0.029193517584236574
2018-06-01,0.00973482547487591,0.02782625224345153
2018-06-04,0.01707627663736133,0.026489946899626544
2018-06-05,0.01157300630013225,0.02552449847984766
2018-06-06,0.01453812360486495,0.024405681766826545
2018-06-07,-0.01453812360486495,0.023487612146277658
2018-06-08,0.00313310615157114,0.022758576610719273
2018-06-11,-0.00942905822996031,0.021658531170912456
2018-06-12,-0.02558756836920572,0.020838915109327158
2018-06-13,0.01074102696953005,0.021228651644069806
2018-06-14,-0.00428242386923116,0.020404824021304765
2018-06-15,-0.00214856043927724,0.01952102337857267
2018-06-18,-0.02394004088217549,0.018663897384124575
2018-06-19,-0.02002270078094348,0.019178815252183075
2018-06-20,0.02002270078094348,0.01925850515112841
2018-06-21,-0.02227269523384834,0.019140971367050976
2018-06-22,0.0134231425820559,0.01942857010236208
2018-06-25,0.00221959770112256,0.018870587434960052
2018-06-26,-0.01339274583027361,0.018040205766197158
2018-06-27,-0.00450484400297135,0.017741980834945277
2018-06-28,-0.04148053573925914,0.017066071332073045
2018-06-29,-0.02381048016534137,0.020256755687575855
2018-07-02,-0.0318266018420168,0.020548840745144452
2018-07-03,-0.03030530003661091,0.021661415005488474
2018-07-04,0.02531779348670326,0.022430988768079755
2018-07-05,-0.01257893863923698,0.022392783921064592
2018-07-06,0.03238158652442635,0.02165464837809188
2018-07-09,-0.01605964762460487,0.022400362382887326
2018-07-10,0.00620734098901465,0.021855552993886036
2018-07-11,-0.03015298757581774,0.020858744523512208
2018-07-12,-0.0102564270931893,0.021729162369006096
2018-07-13,0.04534766164168857,0.02093804586279192
2018-07-16,0.00736194507493692,0.023481410153354
2018-07-17,0.02415590640948117,0.02239252417757592
2018-07-18,0.02358598426699032,0.022262380601234928
2018-07-19,-0.00936783541642327,0.022100546848009432
2018-07-20,-0.02140375735221766,0.021243798660363314
2018-07-23,0.0095694598922229,0.021203556536659337
2018-07-25,0.00947867646289957,0.020341086849536612
2018-07-26,0.00353158169667899,0.01954199322286055
2018-07-27,0.01747276762606198,0.01867237116130524
2018-07-30,0,0.018429395595803404
2018-07-31,-0.01161452422683595,0.017631813420726266
2018-08-01,-0.01886850155880459,0.017264484721654684
2018-08-02,0.01652926033552759,0.0174740600437869
2018-08-03,-0.00234472610574698,0.017289184227300962
2018-08-06,-0.00824987927739329,0.016602573125486617
2018-08-07,-0.0071260243397190904,0.01615529653554476
2018-08-08,0.01302566684732653,0.015698819716256116
2018-08-09,0.00703420409880983,0.01546765688423967
2018-08-10,0.00698476964257466,0.01498419596816766
2018-08-13,0.00808790937878534,0.014540797031253216
2018-08-14,0.0193736526190893,0.01417526262396069
2018-08-15,-0.01135070681106142,0.014624951474527637
2018-08-16,0.00466195752502329,0.014546205692691615
2018-08-17,0.01156068568510448,0.01408092538548977
2018-08-20,0.0045871824419521,0.013928224523844502
2018-08-21,0,0.013514388557819352
2018-08-22,0.00797737172844748,0.013105489137874859
2018-08-23,0.00791409437618284,0.012870745871584158
2018-08-24,0.00112555019073745,0.012656432026973226
2018-08-27,-0.00112555019073745,0.012318813899615168
2018-08-28,-0.00451469805070026,0.01202861045723529
2018-08-29,0,0.011854792762191866
2018-08-30,-0.00113177709642364,0.011595049903877545
2018-08-31,0.00113177709642364,0.011373321416701306
2018-09-04,-0.00226497974404971,0.011154866123797685
2018-09-05,-0.01830700079200653,0.01099930601153727
2018-09-06,-0.0221842422318943,0.012111579668404884
2018-09-07,0.01523158658696388,0.013508252960510926
2018-09-10,-0.01052020908066886,0.013676271577221445
2018-09-11,0.01400254273537804,0.013646499596591519
2018-09-12,-0.00232030562530205,0.013703025359160374
2018-09-13,0.0080972605034475,0.013309552063996899
2018-09-14,0.02615269019505817,0.01305994143402714
2018-09-17,-0.01015232229097584,0.01448917234295394
2018-09-18,0.01574838269585221,0.014347587151915262
2018-09-19,0.01440471926804498,0.014454068788487309
2018-09-20,0.00985238565621138,0.014446624105720755
2018-09-21,0,0.014166210107143673
2018-09-24,0.0043477122306772,0.013701906771255925
2018-09-25,-0.0043477122306772,0.013303121682975145
2018-09-26,0.00326246930913498,0.012999978343107267
2018-09-27,0.0032520652138448,0.012645668949690745
2018-09-28,0.00216234188851238,0.012323052786878091
2018-10-01,-0.00650062315622612,0.012018892672762462
2018-10-02,-0.01533438748386117,0.011933226930956792
2018-10-03,0.00440517138900986,0.012541727429410125
2018-10-04,0.0076628510289058404,0.01224833012983245
2018-10-05,-0.0054674172505198,0.012085924879725827
2018-10-08,-0.01324513812894245,0.0119447953518139
2018-10-09,-0.00668897826270686,0.012348401690547104
2018-10-10,0.01333351122425341,0.012237059014703186
2018-10-11,-0.05910812172100499,0.01241502541556002
2018-10-12,0.02543488465611965,0.020759997403109926
2018-10-15,-0.01843377276356506,0.020926712723321778
2018-10-16,0.00579719492547781,0.020686537762003413
2018-10-17,0.0080598932865179,0.01976627658865053
2018-10-18,0,0.01896750573891348
2018-10-19,-0.01385708821199571,0.01813044838649942
2018-10-22,0.00348233365470918,0.01785345424724634
2018-10-23,-0.0222622272623969,0.017108048214551627
2018-10-24,-0.00952384320965116,0.01766720592521048
2018-10-25,-0.01810559323710947,0.017185127425627573
2018-10-26,-0.00610860453407369,0.017337007087496817
2018-10-29,0.00488977278080327,0.016741736207177373
2018-10-30,0,0.016101983036613237
2018-10-31,0.02290662622047712,0.01548105623782428
2018-11-01,-0.00119266696487585,0.016101992368804004
2018-11-02,0.02358586692546005,0.015491614073391523
2018-11-05,-0.0081918734540114,0.016183828679960117
2018-11-06,-0.00944528191256743,0.015771572725271635
2018-11-07,-0.00714280267695599,0.01546051346619823
2018-11-08,0.00714280267695599,0.015066842062894492
2018-11-09,-0.02158346653177822,0.014621287331300813
2018-11-12,0.01682742193777287,0.015484060235388081
2018-11-13,-0.00717712916968515,0.015541003223942246
2018-11-14,0.01430288983313943,0.01514152011154058
2018-11-15,-0.00118411868390033,0.015050685943732678
2018-11-16,0.01294889515233421,0.014524637215965275
2018-11-19,0.00931333211006268,0.014410373983358983
2018-11-20,0.00577695487814544,0.014108229644914724
2018-11-21,0,0.013706292198667256
2018-11-22,0,0.013280918722873977
2018-11-23,-0.0080972605034475,0.012892255975847053
2018-11-26,-0.01403515123103815,0.012798279901806191
2018-11-27,0.00704212474627752,0.01315400971552808
2018-11-28,0.00116904093033021,0.012878394765260686
2018-11-29,0.00233362189836583,0.01252100545882299
2018-11-30,0,0.012200049014637641
2018-12-03,0.04556593324717006,0.011908174739947987
2018-12-04,0.00111309350222299,0.017031345191668486
2018-12-05,-0.007817020553329,0.016335421799230934
2018-12-06,-0.00449433633771967,0.015892543047267425
2018-12-07,0.01564287277246912,0.015366175909890558
2018-12-10,-0.02015757082316938,0.015345992585184282
2018-12-11,-0.00339939632548258,0.015939849364794492
2018-12-13,0.01240843071390251,0.015381117216803943
2018-12-14,-0.01014081148484358,0.015145282448005157
2018-12-17,-0.02639285908456301,0.014935275292084878
2018-12-18,-0.0235305148915117,0.016338032174659747
2018-12-19,0.00237809419402168,0.01714902999256993
2018-12-20,-0.00118826510039227,0.016447744846514144
2018-12-21,0.01064456311154238,0.01581016168215415
2018-12-24,-0.01183439220517179,0.015439228999069583
2018-12-25,-0.0119760479526576,0.015305275089850598
2018-12-26,-0.00241259363088275,0.015195128634318706
2018-12-27,0.00961541965771317,0.01467666299060435
2018-12-28,0.00952384320965116,0.014363126174943484
2019-01-02,-0.02398205911118545,0.01407516398734209
2019-01-03,-0.00975598186964887,0.015325379113760034
2019-01-04,0.00732595254475043,0.015075003377282037
2019-01-07,0.01688824522643273,0.01463470731653504
2019-01-08,0.00477322192582718,0.014798778292551294
2019-01-09,0.00947878083023034,0.014314414779636521
2019-01-10,-0.00591375693195495,0.01402901986215064
2019-01-11,0.00118559738554857,0.013715786312643715
2019-01-14,0.00708377092134782,0.013285694916864276
2019-01-15,0.0070341651613166,0.01299911228944713
2019-01-16,-0.00585825155564556,0.012737971603407172
2019-01-17,-0.01301030581084283,0.01254746605973191
2019-01-18,0,0.01284669176757645
2019-01-21,0.01183439220517179,0.012496269916022812
2019-01-22,-0.00353546390062398,0.012535055123398425
2019-01-23,0,0.012278649460833017
2019-01-24,0.00235846338533285,0.011979548649039688
2019-01-25,-0.00117861085965031,0.011708559268493013
2019-01-28,-0.00710068663620866,0.011476644248307522
2019-01-29,0.00945629801115011,0.011483035274740106
2019-01-30,0.01633659333992909,0.011491672549452207
2019-01-31,0,0.012037475188042992
2019-02-01,-0.01398636961024379,0.011760650600630706
2019-02-11,0.03573875804121762,0.012260935831767192
2019-02-12,-0.0056786827945352,0.015387533295404633
2019-02-13,0.01469780243788498,0.014942533220529585
2019-02-14,-0.00675670222698876,0.014901165781174267
2019-02-15,-0.00113064031993737,0.01454202252821763
2019-02-19,0.00451469805070026,0.014057273988465463
2019-02-20,0.01008414070771657,0.01363086096333126
2019-02-21,-0.00111543580661432,0.01344266332476583
2019-02-22,0.00888905156547892,0.013051410934043358
2019-02-25,0.00661509051919217,0.012862473190372953
2019-02-26,-0.00661509051919217,0.012599679170477772
2019-02-27,-0.00221488369411204,0.01245834393769679
2019-02-28,-0.02015757082316938,0.012175088402714895
2019-03-01,0.00900903438841993,0.013294680489995138
2019-03-04,0.00892880629749726,0.01308698954449435
2019-03-05,-0.00222487924639125,0.012896341936639515
2019-03-06,-0.006703927051106,0.012572942347451113
2019-03-07,0.00335761661992428,0.012438757844447085
2019-03-11,-0.00560225990851925,0.012136473430823708
2019-03-12,0.04396329277763478,0.011996018063600811
2019-03-13,-0.00647264147842108,0.016762206257371026
2019-03-14,0.00108158475398489,0.016227811602895558
2019-03-15,-0.00541986602169863,0.015593729263179753
2019-03-18,0.00433828126771373,0.01512178208714396
2019-03-19,-0.01088143917853479,0.014602548204230008
2019-03-20,-0.00548548100065637,0.014495155143223396
2019-03-21,-0.0077305513966781,0.014122502254860754
2019-03-22,-0.0011093192490037,0.013882560539066242
2019-03-25,-0.01453355352346541,0.01345320710928854
2019-03-26,0.00785195295764396,0.013764775265852137
2019-03-27,0.00557118967757297,0.013461843549525758
2019-03-28,0.00332775023527176,0.013112010068562066
2019-03-29,0.00772195411528464,0.01274861396316475
2019-04-01,0.00657189424194726,0.012538413897556312
2019-04-02,0.00435732185290405,0.012305321009168492
2019-04-03,0.02575225763121302,0.012032962897219807
2019-04-04,0.01263173123333416,0.01362144693166158
2019-04-05,0,0.013585048219106624
2019-04-08,0,0.01317006657670973
2019-04-09,-0.01051535321561658,0.012791089814482206
2019-04-10,-0.00849238522197026,0.012863019579634928
2019-04-11,0.00212996793652564,0.01279506775101002
2019-04-12,0.02521144749778692,0.012448087757176608
2019-04-16,-0.00624357297834698,0.013873964202368552
2019-04-17,0.01244834041154518,0.01358906485636898
2019-04-18,0,0.013544200182897977
2019-04-19,-0.00103151234130471,0.013132732287177765
2019-04-22,-0.01141682807024047,0.01276759006218337
2019-04-23,0,0.012908805836116912
2019-04-24,0.01347865977479401,0.012552863620746983
2019-04-25,0.00513599212935389,0.012702323816260118
2019-04-26,0.01525202357960608,0.012410828487319987
2019-05-02,0.00603629059245847,0.012723209128171983
2019-05-03,0.00300447311076368,0.012454920036158525
2019-05-06,-0.02531782579371899,0.012146529013086224
2019-05-07,0.01929969845666335,0.01398054425869953
2019-05-08,-0.00100653064873768,0.014450612397512094
2019-05-09,-0.02137486252860476,0.013971947098551294
2019-05-10,0.00819679902202708,0.014918561553921945
2019-05-13,0.01015250618367069,0.014523048748091778
2019-05-14,0.01404212614171385,0.014249904774282424
2019-05-15,0.00397616410238121,0.014239696648210745
2019-05-16,-0.01499273292118807,0.013788163279343391
2019-05-17,0.00708116894310961,0.01409610516572066
2019-05-20,0.01783759153593145,0.01373456656276245
2019-05-21,0.01426238570862636,0.01409920196900156
2019-05-22,-0.01426238570862636,0.014122038593614055
2019-05-23,0.00989547181532835,0.014323104376992187
2019-05-24,-0.00219038286833317,0.014056721310454393
2019-05-27,-0.00770508894699517,0.013629942901603293
2019-05-28,-0.00887914898795472,0.01343788812921703
2019-05-29,-0.01686385607011686,0.013330721295283763
2019-05-30,0.01015221268525046,0.013882243222159456
2019-05-31,-0.01015221268525046,0.013672222470984442
2019-06-03,-0.01369875657876207,0.01361859744218354
2019-06-04,-0.0046082084699428,0.013836143632581312
2019-06-05,0.00690453467237262,0.013492516341893749
2019-06-06,0.02043203216324229,0.013180306249947977
2019-06-07,0.01560773399611825,0.013888177040945452
2019-06-10,-0.00221501283600389,0.014039411021275622
2019-06-11,0.00221501283600389,0.013614599439577029
2019-06-12,-0.00332417493655334,0.013196501811395298
2019-06-13,-0.01116094816122448,0.012872280609736306
2019-06-14,-0.00337244227978672,0.012981406990928762
2019-06-17,-0.00791422510861039,0.01267832996900202
2019-06-18,0,0.0125970588117084
2019-06-19,0.01352880689659663,0.012269000558683574
2019-06-20,0.0166580972606507,0.012458025210871181
2019-06-21,0,0.012891190021082174
2019-06-24,-0.00552188248383522,0.012536811654127452
2019-06-25,0.02946187612705131,0.012352037376883465
2019-06-26,-0.00755527363359576,0.014416016406146636
2019-06-27,-0.01638472000962032,0.014138831724230846
2019-06-28,0.00220014496205678,0.01452764721250312
2019-07-01,0.03456075508169931,0.014032629196464719
2019-07-02,-0.00425547739516218,0.016485704439410952
2019-07-03,-0.00213445897497877,0.01590381038276151
2019-07-04,0.0031998927564345,0.015322692900370641
2019-07-05,-0.00748252726661746,0.014771171176436166
2019-07-08,-0.00645835682638029,0.014456602890871527
2019-07-09,0.00967226106052798,0.014125943160479704
2019-07-10,0.00639674733189465,0.013867912735864431
2019-07-11,-0.0010637050323794,0.013504972936164272
2019-07-12,0,0.013107595732119353
2019-07-15,0.00636277269023821,0.012734100158895194
2019-07-16,0,0.012475137409313608
2019-07-17,-0.00529906765785881,0.012158108315166713
2019-07-18,-0.00532801705585939,0.012002352032051057
2019-07-19,0.02947609931313977,0.011863858112990634
2019-07-22,0.00310715122662763,0.01405023186915858
2019-07-23,0.00926394394152119,0.013602875480095408
2019-07-24,-0.00410687094055539,0.01337662692289665
2019-07-31,-0.00412357496282922,0.013058874011919432
2019-08-01,-0.00103349803813657,0.012771235896547163
2019-08-02,0.00926394394152119,0.012438411428353684
2019-08-05,0.00408984440875137,0.012331374648699333
2019-08-07,0.01519015513247623,0.012051231641249088
2019-08-08,0.01099485160039748,0.0124076074342825
2019-08-09,0.01577920805823041,0.012402435644609808
2019-08-12,0.02321215823873501,0.01276254175560796
2019-08-13,0.00381645263625962,0.01386669320811725
2019-08-14,0.01324519720762751,0.01344450316804168
2019-08-15,0.01520970453193193,0.013470081828910326
2019-08-16,-0.01904839480905451,0.013641100027658394
2019-08-19,0.00766312176551764,0.014376289130110879
2019-08-20,0.03007729251790003,0.014009815345926841
2019-08-21,-0.0074351185356658,0.01578949604592391
2019-08-22,-0.01125690093869735,0.015378770388308437
2019-08-23,0.02607206227730962,0.015213515564265916
2019-08-26,-0.01295111577188379,0.016235043766786843
2019-08-27,-0.0169017921550818,0.016092201942238555
2019-08-28,-0.01334609780148277,0.016273392089680008
2019-08-29,0.01145045764339869,0.01615391588912002
2019-08-30,0.00756130226084827,0.0157910274537132
2019-09-03,0.0112361300523176,0.015296768728490319
2019-09-04,-0.00935465239943056,0.015004192449886303
2019-09-05,-0.01134233446788357,0.014763127684833205
2019-09-06,0.00568735232903172,0.014668812669220441
2019-09-09,0.01687000716155573,0.014215948953239946
2019-09-10,0.003710700345664,0.014430975495900254
2019-09-11,0.0018502503288964,0.013959265415336878
2019-09-12,0.04340636743405568,0.013509956483023718
2019-09-13,0.00529561686834512,0.017648691478976415
2019-09-16,0.01572083098212395,0.01694590528458866
2019-09-17,-0.00173451897795473,0.016760349924363895
2019-09-18,-0.02105361263849836,0.016105400844187406
2019-09-19,0.02451974253319555,0.016682310165806496
2019-09-20,0.00689670839950196,0.017297860313422057
2019-09-23,-0.02964476716671349,0.01665954101593651
2019-09-24,-0.00532390779054026,0.018167961659780178
2019-09-25,0.02112755496237639,0.017480982195609958
2019-09-26,0.00521280067863294,0.01765987416921678
2019-09-27,0.01376974405168951,0.016954655242285465
2019-09-30,-0.01376974405168951,0.016643763662553653
2019-10-01,0.01376974405168951,0.01651451411305315
2019-10-02,-0.02247296711559343,0.016246877961646075
2019-10-03,0,0.016954451204525864
2019-10-04,-0.00701760791822003,0.01626757675467059
2019-10-07,-0.02315322460830415,0.015796807647122643
2019-10-08,0.01075264849570345,0.016650191980872992
2019-10-09,0.00533327547827156,0.016207851233134538
2019-10-10,0,0.015619246331619272
2019-10-11,0.00177168376598402,0.015036411924478769
2019-10-14,0.02101644785046907,0.014497832965538601
2019-10-15,-0.00521280067863294,0.015066150738737112
2019-10-16,0.00174065315502502,0.014632999244258092
2019-10-17,-0.01401061307487516,0.01412720884943673
2019-10-18,0.00702965058782112,0.01430655161248358
2019-10-21,-0.01056333783980711,0.013924341818886276
2019-10-22,-0.00354602284223126,0.013869869641123073
2019-10-23,0.00177433907624724,0.013490941395229461
2019-10-24,0.03141645093269751,0.013081255476460064
2019-10-25,-0.00344245611703009,0.015271839343813688
2019-10-28,0.00172266197367854,0.014769357362079592
2019-10-29,-0.00344820151162217,0.014252338010319526
2019-10-30,-0.00172871274452823,0.013837101762755585
2019-10-31,0.00172871274452823,0.013420943209267516
2019-11-01,0.01030942039041882,0.013017129606060758
2019-11-04,0.02364977335919782,0.01290473125690861
2019-11-05,-0.00167085231384689,0.014037360271476078
2019-11-06,-0.00502946558022365,0.013603027680544685
2019-11-07,0,0.013295639568618055
2019-11-08,0.00167926990637212,0.012905694364846707
2019-11-11,0.00668892962542599,0.012546757973982824
2019-11-12,0.01652938471486997,0.012316936101067443
2019-11-13,-0.00823054017634561,0.012758281972217329
2019-11-14,-0.03704108274227735,0.012686424240361349
2019-11-15,0.00513243992083367,0.01633236975008701
2019-11-18,-0.01894974828930351,0.015729681388679164
2019-11-19,0.01381730836846983,0.016146970547731863
2019-11-20,-0.02606599182698588,0.01591909693417044
2019-11-21,-0.0141845103241831,0.01710050608123889
2019-11-22,0,0.01695199864568763
2019-11-25,0.01065734660243933,0.016265311692945886
2019-11-26,0.00879488469320577,0.015853254451989332
2019-11-27,-0.0017527611723728801,0.015397880055641825
2019-11-28,-0.01769947012327222,0.01485147991067783
2019-11-29,0.00711720968985396,0.015267919557210552
2019-12-02,-0.03243504289184074,0.01480416073492696
2019-12-06,0.00729923829110745,0.017100408354312424
2019-12-09,0.00543965086385433,0.01648929509273902
2019-12-10,0.00361022976290392,0.015880367362861487
2019-12-11,0.01785760773995903,0.01528895846226896
2019-12-12,0.00881057666743423,0.01545370530314171
2019-12-13,0.0017527611723728801,0.015034265331747345
2019-12-16,-0.01056333783980711,0.014495797646707173
2019-12-17,-0.01966114310951816,0.014379322206438956
2019-12-18,0.00180353536955912,0.015065763291795702
2019-12-19,0.0053906779079007,0.014524919082650876
2019-12-20,0.01246692983205832,0.014077169326245994
2019-12-23,-0.00710495924425558,0.013980154107435243
2019-12-24,0.00533327547827156,0.013723714356799263
2019-12-25,0.01931598409284518,0.013344396786816102
2019-12-26,-0.00174065315502502,0.013909101274974472
2019-12-27,0.0034782817006782,0.013486933155836371
2019-12-30,0.01721211974365033,0.01309264439727509
2019-12-31,-0.00513243992083367,0.013487850186198252
2020-01-02,0.00513243992083367,0.013195061552548425
2020-01-03,-0.01721211974365033,0.012858230978156287
2020-01-06,-0.0104713522050801,0.013518303499395517
2020-01-07,0.01911439635592771,0.013503000480445488
2020-01-08,-0.02262935615501682,0.014023750536111164
2020-01-09,0.01398631200416922,0.015112955911574572
2020-01-10,-0.00173762854565318,0.015003753047359718
2020-01-13,-0.00698096248705404,0.01448936843049697
2020-01-14,-0.0017527611723728801,0.014178415920927726
2020-01-15,0,0.013733387916671258
2020-01-16,0.01739173438224917,0.013305699648078262
2020-01-17,-0.00692038217716906,0.013687976646349697
2020-01-20,-0.0034782817006782,0.013451416256177993
2020-01-21,-0.03366125491179517,0.013108205654464893
2020-01-22,0.01785760773995903,0.01603275268265534
2020-01-30,-0.03237699163117646,0.016107801259524584
2020-01-31,-0.0506200404151933,0.018106027911348688
2020-02-03,-0.00966185332724123,0.02259134139555295
2020-02-04,0.00580837070561202,0.021707776294966754
2020-02-05,0.00385348262162921,0.020714219356475615
2020-02-06,0.03030529574775187,0.019763651541747872
2020-02-07,-0.00561276582223513,0.020555932968689416
2020-02-10,-0.01322017547835052,0.019693322011193462
2020-02-11,0.01883294130058566,0.01922660087190967
2020-02-12,0.00928536886456221,0.01902315452203026
2020-02-13,0.0036899576577003,0.01832124031838556
2020-02-14,0.00367629085598864,0.017543083439760902
2020-02-17,-0.00551961851997617,0.016823316477251615
2020-02-18,0.03267084398450493,0.016250934643851637
2020-02-19,-0.0053715702872843,0.01793573204601103
2020-02-20,0.00179353391106396,0.01726857296938288
2020-02-21,-0.01991006179911814,0.01655562153064336
2020-02-24,-0.04105064588669194,0.01695441371586188
2020-02-25,0.02817101975491631,0.020102533095035822
2020-02-26,0.01834912939623478,0.02061848594472045
2020-02-27,0.01801859491087931,0.020241117632263217
2020-02-28,-0.01620215485307596,0.01987855491487947
2020-03-02,0.01083058456579166,0.019584992517165837
2020-03-03,0.00358415239135823,0.018895679850484303
2020-03-05,-0.0235304153060607,0.01807382537650988
2020-03-06,-0.01104989110512733,0.018628458550230327
2020-03-09,-0.07097889909858601,0.018137843318412523
2020-03-10,0.02745262477673371,0.026628655361716356
2020-03-11,-0.01756151563415287,0.026312889542309262
2020-03-12,-0.05461411999632837,0.025510472648862925
2020-03-13,0.00103902355561835,0.028813432332410214
2020-03-16,-0.01148837664631052,0.027303686782812912
2020-03-17,0.01873101547364974,0.02613303865578003
2020-03-18,-0.00206388075202035,0.02528244501773613
2020-03-19,-0.0145683721721479,0.024021612621603267
2020-03-20,0,0.023248839163861765
2020-03-23,-0.07169204079767155,0.02211053068831461
2020-03-24,0.00224979276654657,0.029306589137225097
2020-03-25,0.03315206740857412,0.027766591080422145
2020-03-26,-0.03991650067846919,0.027807566808909216
2020-03-27,-0.02520178980564935,0.02876114301012152
2020-03-30,-0.0646933364485669,0.028235647100604912
2020-03-31,0.01717835544152457,0.032497205359411536
2020-04-01,0.02877917220798664,0.031076667529893947
2020-04-03,0.05294671268967832,0.03042076922582181
2020-04-06,0.06299562804713688,0.03225077956063794
2020-04-07,-0.00421932067589381,0.03508904767708761
2020-04-08,-0.00955927612645624,0.033213193519071066
2020-04-09,0,0.03156437977254818
2020-04-10,-0.00965141986084283,0.02987939458606793
2020-04-13,0.00215262694320195,0.02846185390316405
2020-04-14,0.06252044312085481,0.02697637769983843
2020-04-15,0.01204839847856043,0.030819380100738616
2020-04-16,0.00398408868444377,0.029339334510761383
2020-04-17,0.01773432641270034,0.027806826634769206
2020-04-20,0.00195122998653474,0.026768216267393747
2020-04-21,-0.03976654068513063,0.025393060233560867
2020-04-22,0.03586026596894776,0.02669105818287067
2020-04-23,-0.00195876642689185,0.02712043174872171
2020-04-24,0,0.025735865201014924
2020-04-27,-0.00589986015130072,0.024430110761627877
2020-04-28,0,0.023293287442437718
2020-04-29,0.00197045403772122,0.02215194651777485
2020-05-04,-0.00592304857380021,0.021087787709820054
2020-05-05,0.00788973576002405,0.020193810544696125
2020-05-06,0.03854039526256159,0.019357771358420924
2020-05-07,0.01127826813848109,0.021246714200258855
2020-05-08,0.00373136639980131,0.020441791954797756
2020-05-11,0.00557107296893732,0.019509381836748406
2020-05-12,0.00738004280294646,0.018671256175827274
2020-05-13,0.06088901813396319,0.017937918073591262
2020-05-14,-0.01325858879159014,0.023971168570489313
2020-05-19,0.0203256493491164,0.023135910766849892
2020-05-21,-0.0080806755367,0.022648258499290308
2020-05-22,-0.01739169754244507,0.021703115556355634
2020-05-25,0,0.021310752949280583
2020-05-26,0.00719796139933315,0.02030636539262955
2020-05-27,-0.01652952352103653,0.019444012377748576
2020-05-28,0,0.01921793664551776
2020-05-29,-0.00104194180010885,0.01836265568027389
2020-06-01,0.00727264849853703,0.017577772161751434
2020-06-02,-0.00623070669842817,0.016927507033749914
2020-06-03,0.01345103869949859,0.01637046657532243
2020-06-04,-0.00515212418430621,0.016097857582585126
2020-06-05,0.00617937133653967,0.015574197028474587
2020-06-10,0.00205123766930448,0.01505741672934738
2020-06-11,-0.05908901019162727,0.014518285164686675
2020-06-12,0.02150624001196099,0.021931590800576998
2020-06-15,-0.02150624001196099,0.02164498478343165
2020-06-16,0.01295906481358599,0.021568522608651282
2020-06-17,-0.00537918229991163,0.02080782812321128
2020-06-18,0.00537918229991163,0.01992025363590725
2020-06-19,0.008547175198375,0.019048402714596534
2020-06-22,0,0.018319966729032616
2020-06-23,0.01163408220868333,0.01753046766193795
2020-06-24,-0.00738768494565711,0.017051225397661955
2020-06-25,-0.00851090334031567,0.01652758242111342
2020-06-26,0.00106783266941867,0.01609913126598002
2020-06-29,-0.01722317309453558,0.015475088613116807
2020-06-30,-0.00872416974909739,0.015763195630454887
2020-07-01,0.01197618491682916,0.015415459231458026
2020-07-02,-0.00108296623574055,0.015151525616408028
2020-07-03,0.00216465927811881,0.014616006971702063
2020-07-06,0.01182163221500687,0.014113499305441646
2020-07-07,0.0137935684450845,0.013972843863293637
2020-07-08,0.00525480658031263,0.0139764981519666
2020-07-09,0.01353477161833538,0.013573019236291558
2020-07-13,0.00618564479168526,0.013604243332458977
2020-07-14,-0.00205766544486607,0.01325878689689717
2020-07-16,0.00102926523958579,0.012899340094102815
2020-07-17,-0.0103413220202615,0.01254014231545128
2020-07-20,-0.01466002181628312,0.01262966304574148
2020-07-21,0.00840352325574755,0.013067006053733562
2020-07-22,-0.00840352325574755,0.012854328800455107
2020-07-23,0.00735682597100151,0.012782096729183425
2020-07-24,-0.03951373665253221,0.012554032509818503
2020-07-27,-0.04911730488495003,0.01670529424689062
2020-07-28,0.04475047921923369,0.02133405309990115
2020-07-29,-0.0254861561060018,0.023708680946643062
2020-07-30,0.0133781459292912,0.023738496524582826
2020-07-31,-0.01450124441780431,0.022822701782937053
2020-08-03,0.03097608026023124,0.022148952645073893
2020-08-04,0.01406183165056163,0.022676811347600433
2020-08-05,0.00962053771466564,0.02187590364219792
2020-08-06,-0.00426450607728945,0.02096410741930765
2020-08-07,0.00638995869332248,0.02003890298634271
2020-08-10,0.00212094464699319,0.01917792544702212
2020-08-11,-0.00424639726302622,0.018324724797715575
2020-08-12,0.01058217566231611,0.017596914821608637
2020-08-13,0.00942912919620475,0.017063732393637877
2020-08-14,-0.00313324028646988,0.01652859622388577
2020-08-17,0.00426430378447229,0.015916456582969436
2020-08-18,-0.00319659553401407,0.01533149450208714
2020-08-19,0,0.014818211441946625
2020-08-20,0.0042598606879185,0.01429994275386197
2020-08-21,0.00741146555361638,0.013848068098509364
2020-08-24,0.02191012436686357,0.013520794337301438
2020-08-25,0.00822185715170498,0.014337918862530809
2020-08-26,-0.00925457265055129,0.013996190848409114
2020-08-27,0.02951870758074548,0.013852146838581289
2020-08-28,0.0010026916625847,0.015585482466221316
2020-08-31,-0.00804833840045304,0.015001929281488831
2020-09-01,0.00804833840045304,0.01469259305416359
2020-09-03,0.00996999607527904,0.01431179281596793
2020-09-04,-0.00796799211324383,0.014050158946074871
2020-09-07,-0.03045941721979339,0.01382947698761479
2020-09-08,0.02040907485730514,0.016049865238652594
2020-09-09,-0.00607923715029734,0.016344395496963492
2020-09-10,0,0.015831189361276563
2020-09-14,0.00203036589547522,0.015231559606990049
2020-09-15,0.01409921361731036,0.014678273795645503
2020-09-16,0.0099502460890406,0.014624141609478057
2020-09-17,-0.0099502460890406,0.014331388507619102
2020-09-18,0.02371645182208937,0.014193969861460879
2020-09-21,0,0.015107669296875648
2020-09-22,0.0019513112560503,0.014565861848407937
2020-09-23,-0.00390625742522665,0.01406640811455087
2020-09-24,-0.01181125956387241,0.01368014238247793
2020-09-25,0.00592311321511829,0.013740937453947399
2020-09-28,0.00588814634875412,0.013375574229480588
2020-09-29,-0.01776957350499586,0.013042263432588358
2020-09-30,-0.00399193214791715,0.01373307172203238
2020-10-01,0.01587335930415889,0.01337921270362359
2020-10-02,-0.0098915583032344,0.013616701553919862
2020-10-05,0.00396844508811611,0.01355238368828754
2020-10-06,0,0.013159907666692146
2020-10-07,-0.00198225397579676,0.012781821125863999
2020-10-08,0.01379351353966917,0.01246391755901149
2020-10-09,-0.00588814634875412,0.012648849234552572
2020-10-12,0.00196657021809443,0.012468636898588233
2020-10-13,-0.00393710624104315,0.01215006492222591
2020-10-14,0.00589981665006078,0.01194368084927658
2020-10-15,0.0039138118908184,0.01174661130855151
2020-10-16,0.03831897785764049,0.011518541284527142
2020-10-19,0.00187784960431081,0.01535065752443564
2020-10-20,-0.00187784960431081,0.01478715966488119
2020-10-21,-0.00754738457133541,0.014292971171763926
2020-10-22,0.02247287328684422,0.014027313286594041
2020-10-23,-0.00185339928284022,0.014825540728045272
2020-10-26,-0.02061947400400399,0.014327756844286919
2020-10-27,-0.01334607580374225,0.015128244964933764
2020-10-28,-0.02723914602344201,0.015135518066887716
2020-10-29,0.00393710624104315,0.01661255708995411
2020-10-30,0.01171880211349041,0.01596773867102168
2020-11-02,0.00387579855323316,0.015636367921894462
2020-11-03,0.02105351491941753,0.015068034929061436
2020-11-04,0.00378072580052979,0.01555774338261487
2020-11-05,-0.01904794445637492,0.014994413170727468
2020-11-06,0.00766270112095668,0.015524708398323614
2020-11-09,0.01890408160416257,0.015056674703154473
2020-11-10,-0.00751883826874433,0.015342650980621883
2020-11-11,0,0.014976399278493719
2020-11-12,0.00938974765455746,0.014445236423428797
2020-11-13,0.00559198869061816,0.014143259737969156
2020-11-16,-0.0093372279700592,0.013733462398956826
2020-11-17,0.01304763911119799,0.013622095671894135
2020-11-18,0,0.013613639149334207
2020-11-19,0.02016576844444984,0.013196201935757013
2020-11-20,0.00181315495107803,0.013872774246259956
2020-11-23,0.0126013539358567,0.01343063054715475
2020-11-24,-0.00538118334729986,0.013413602147905872
2020-11-25,-0.00722017058855684,0.013137334219753662
2020-11-26,0.0090172003867579,0.012970646610771434
2020-11-27,0.0089366165831084,0.012795998326672869
2020-11-30,-0.01433709070772693,0.012635308586032644
2020-12-01,-0.00361672626213938,0.013041505704728387
2020-12-02,0.00722017058855684,0.01273985153655133
2020-12-03,0,0.012510669896300007
2020-12-04,0.00179702979820106,0.012190419077328504
2020-12-07,0,0.011896438397635855
2020-12-08,0.0089366165831084,0.011632785202902693
2020-12-09,0.02286828761694614,0.011596148355029163
2020-12-10,-0.01754440245038679,0.0128813280129626
2020-12-11,0.0088105553630271009,0.013573372467439494
2020-12-14,0.00350279431113342,0.013329037614513414
2020-12-15,-0.00877977450665312,0.012948911612232071
2020-12-16,0.00702991104630079,0.012888725956225944
2020-12-17,-0.0105634862138082,0.01263802665340942
2020-12-18,0.00705470813410258,0.012731708408226745
2020-12-21,0.01048969431628421,0.012497112105575858
2020-12-22,0.01038072266785405,0.012451356448533787
2020-12-23,-0.01038072266785405,0.012404279436087143
2020-12-24,-0.00873384708735969,0.012513047226032983
2020-12-25,0.0104713881882521,0.012498544451920729
2020-12-28,0.00519482060345133,0.01245155550140203
2020-12-29,0.01201739909623889,0.012185077139841472
2020-12-30,-0.00856903813272858,0.01227316429646434
2020-12-31,0.01706519339666989,0.012275650340539686
2021-01-04,0.01844144071043985,0.012774508416367309
2021-01-05,0.04068904935162898,0.013335779343976891
2021-01-06,-0.00479624955536017,0.01702686158226065
2021-01-07,0.00160135630973279,0.016415937647461055
2021-01-08,0.01271885442893605,0.015767744460061017
2021-01-11,0.02187588651737115,0.01551149947099294
2021-01-12,0.01685864752790955,0.0160211942223832
2021-01-13,0.01058197752791123,0.016018591569014595
2021-01-14,-0.00150489232605011,0.015625481155679435
2021-01-15,0.003007592464634,0.015057071640772473
2021-01-18,-0.00451468348171424,0.014525080320351718
2021-01-19,-0.06705548605689593,0.014116605780545433
2021-01-20,0.02075095782683433,0.02347336380630897
2021-01-21,0.03569031958028468,0.02298202762121531
2021-01-22,0.01962328481847386,0.023902604358123046
2021-01-25,0.0014936532836618,0.023298693230534708
2021-01-26,-0.01503795751250969,0.022154845793748063
2021-01-27,-0.04651990604481426,0.021570749758777645
2021-01-28,-0.072400000634415193,0.024499598348001878
2021-01-29,0.06762664532601015,0.031075302239944924
2021-02-01,0.01267846750822698,0.03481165752476724
2021-02-02,0.03861479384499233,0.033076987504921905
2021-02-03,0.05884054385896675,0.03300476092187317
2021-02-04,0.03509134475246078,0.03515558479142852
2021-02-05,0.00550201784750648,0.03457276259429449
2021-02-08,-0.02219226404137764,0.032718018259737705
2021-02-17,0.08852962653375229,0.03164010907146134
2021-02-18,0.00384369739462542,0.038668928460280014
2021-02-19,-0.02067258555791973,0.03654317272835918
2021-02-22,0.00260768514899112,0.035078276538469046
2021-02-23,-0.01707211614610671,0.033171554535350804
2021-02-25,0.00922881315806378,0.03179460860000434
2021-02-26,0,0.030178034743180888
2021-03-01,0.0220645060023461,0.02858195540345239
2021-03-02,0,0.027712706087970954
2021-03-03,-0.00257081580391371,0.026276585665732665
2021-03-04,-0.02343847135445997,0.024954642185881844
2021-03-05,0,0.02467840991161342
2021-03-08,-0.0013184534360402,0.023443327365868252
2021-03-09,-0.01061000342090245,0.02230015337712392
2021-03-10,0.01718459391114102,0.021478398281612774
2021-03-11,0.00522901452807289,0.020946307036509827
2021-03-12,-0.00261108944381405,0.019997518769496778
2021-03-15,0,0.01911238860628353
2021-03-16,0.05715845395135055,0.018264777225733216
2021-03-17,-0.0024723047635291,0.02347897048444478
2021-03-18,0.0024723047635291,0.022345691245142126
2021-03-19,-0.01492554511274768,0.021270131734589335
2021-03-22,-0.01388047406461545,0.020759786909280348
2021-03-23,0.00126995915301719,0.02023396551505704
2021-03-24,-0.02310752888825895,0.01930296545612097
2021-03-25,-0.00520852818212347,0.01964962434443692
2021-03-26,-0.0065488770998634,0.01884466793723876
2021-03-29,0.01951911820609098,0.018142228381051458
2021-03-30,-0.00646409230621536,0.018108319412566635
2021-03-31,0.00775192355936837,0.01746214888546788
2021-04-01,0.02541434923387164,0.016835326653827535
2021-04-02,0.00125415038872844,0.017524277330501544
2021-04-05,-0.00250941305464635,0.01679109290428183
2021-04-06,-0.00251584199288856,0.01614606926544432
2021-04-07,0.00251584199288856,0.01555226809160896
2021-04-08,0,0.014976167169181024
2021-04-09,0.03092382908955215,0.014445023179796205
2021-04-12,0,0.016253499621032473
2021-04-13,-0.0171993387821665,0.015620732818056197
2021-04-14,0.00371046786000839,0.015887825039432108
2021-04-15,-0.0124226435918171,0.015297111203840062
2021-04-16,-0.00375705190965902,0.015218578270242247
2021-04-19,0.02233356525925245,0.014728515218668449
2021-04-20,0.01703216438369992,0.015401310288520265
2021-04-22,-0.03560867773329335,0.01548432722925406
2021-04-23,0.03681411314715177,0.01811564210334159
2021-04-26,-0.02439146955533466,0.020007314045802423
2021-04-27,-0.00371046786000839,0.020387608369277926
2021-04-28,0.00123816309647928,0.019493243253619313
2021-04-29,0.00123708710209413,0.018615256123996716
2021-05-04,0.02442125180291121,0.017801086693441596
2021-05-05,0,0.018249450574624865
2021-05-06,-0.0024155727671058,0.01746517059822517
2021-05-07,0.00362100818096422,0.016766172077028362
2021-05-10,0.03317831312306119,0.016105344841003497
2021-05-11,-0.00701757794763757,0.017889758491459563
2021-05-12,0.0023446687305082,0.017281186946281703
2021-05-13,-0.01652931452712103,0.01656967307233865
2021-05-14,0.00947885974783524,0.016661318702012082
2021-05-17,0.01055728964605684,0.01616270618167088
2021-05-18,0.01505509105903613,0.0157552828630669
2021-05-19,0.04275130376131209,0.01564998998688996
2021-05-20,0.05046690041274004,0.019038622165004935
2021-05-21,-0.017961307310145,0.022838728465911142
2021-05-24,-0.00320361883229303,0.022375255592551557
2021-05-25,0.00320361883229303,0.021329318597607064
2021-05-26,0.01586486886525939,0.020329193995329873
2021-05-27,-0.01586486886525939,0.01982404565457465
2021-05-28,0.01060456049544811,0.019512705011887725
2021-05-31,0.03217716179930186,0.018820290634161987
2021-06-01,0.03313912986542888,0.019978007033349617
2021-06-02,-0.01854034407185523,0.021063581394533154
2021-06-03,-0.00351502694392991,0.020817148325964166
2021-06-04,-0.00588585018315335,0.01988779534657466
2021-06-07,-0.02389597802416077,0.01908342581231602
2021-06-09,-0.01216554047610429,0.019536804812192332
2021-06-10,0.00244511237611533,0.019024524831846273
2021-06-11,0.01934746813870624,0.018184059659945566
2021-06-14,0.00358636759186481,0.018131902961679294
2021-06-15,-0.00718545306564877,0.017366730625022767
2021-06-16,-0.00120280193089072,0.016808215483393955
2021-06-17,-0.00603513537774169,0.016142781415069255
2021-06-18,0.01442339037428119,0.015645211422301426
2021-06-21,0.02125241372542063,0.015508514564699061
2021-06-22,-0.00233911493880434,0.015956245074368092
2021-06-23,-0.00587211751901151,0.01537445817528971
2021-06-24,-0.00235861087402611,0.014937633731050141
2021-06-25,0.00588585018315335,0.01443949241048075
2021-06-28,0.00585140956425078,0.014011507625232617
2021-06-29,0.03327898818163355,0.013620086204123838
2021-06-30,-0.00679511812808364,0.015971409773824198
2021-07-01,0.01017548471664575,0.015517640806344652
2021-07-02,0.03318889838225125,0.015151516619865383
2021-07-09,-0.02423008613867594,0.017137024301295524
2021-07-13,-0.03056293793496323,0.017903490279409285
2021-07-15,-0.01856176043317425,0.019304720030310647
2021-07-19,-0.00823072839303762,0.019248430614706102
2021-07-20,0.02449114900683291,0.018574751843422423
2021-07-21,-0.00230683118401131,0.01892712552748254
2021-07-22,0.03182094172741401,0.018116031569116575
2021-07-23,0.01222908107655484,0.019348062237219698
2021-07-26,0.03474820343272,0.018738933722933192
2021-07-27,-0.00535031422358756,0.020234484539852785
2021-07-28,-0.01295920045442677,0.019389043833714748
2021-07-29,0.01510293212797186,0.018935199020785817
2021-07-30,0.00640325293715804,0.0185142893780729
2021-08-02,0.01687805542083254,0.01776844814353476
2021-08-03,0.00208980505397704,0.0175772526500526
2021-08-05,0.0083162293556942,0.01684211292309878
2021-08-06,0,0.016284624079154184
2021-08-09,0.00927361482936461,0.01564943170473101
2021-08-11,-0.01446330251664562,0.015231427068662763
2021-08-12,-0.02422418282897176,0.015313276121805369
2021-08-13,0.01271192195701509,0.016372808132181126
2021-08-16,0.00636271106748509,0.016056986937261885
2021-08-18,-0.00636271106748509,0.015505009340343835
2021-08-19,0.00530503899147127,0.015075284157283576
2021-08-20,-0.01815321669896619,0.014578969523201781
2021-08-23,-0.01958710171162891,0.015078438842919251
2021-08-24,0.00984154956168659,0.01565201524310402
2021-08-25,0,0.015258320804213433
2021-08-26,-0.0054556228614615,0.014704357412133138
2021-08-27,0.00654311667590334,0.01431178322154547
2021-08-30,0.00217161617618799,0.013913670862760245
2021-08-31,0.00216682563154435,0.013469820631222502
2021-09-01,0,0.01306388317892822
2021-09-06,0.02669674341868777,0.01269423280056952
2021-09-07,-0.01486244947256132,0.014273936317345224
2021-09-09,-0.00321363975274024,0.014506945910708464
2021-09-10,0.00321363975274024,0.014063754209908769
2021-09-13,-0.00536176192413151,0.013616483900623299
2021-09-14,0.00856527442735277,0.013320254890379617
2021-09-15,0.00319328277321062,0.013089741621796443
2021-09-16,0.00635580509918476,0.012726573316929082
2021-09-17,0.01050435527300486,0.01246810120900933
2021-09-20,-0.01367712525139275,0.012426421744171778
2021-09-23,-0.0138668702251401,0.012801319776406712
2021-09-24,-0.00430575140751265,0.013141482774540466
2021-09-27,-0.00649354694085424,0.012852067286338921
2021-09-28,0.00972457625214673,0.012678951982863817
2021-09-29,0.00214812217139126,0.012570560104969545
2021-09-30,-0.00214812217139126,0.012243828881745794
2021-10-01,-0.0010757939782735,0.011979243301877336
2021-10-04,0.01813376725902671,0.011720003053604001
2021-10-05,-0.00211638095939292,0.012414831300970753
2021-10-07,-0.0010599140713694,0.012133527872320863
2021-10-12,0.04863868384028791,0.011859577563593208
2021-10-13,0.00403222178262474,0.017640150269429684
2021-10-15,-0.00504286243380747,0.016917477268869018
2021-10-19,-0.003037985300681,0.016322606346720402
2021-10-20,-0.01019374260951977,0.015724942753461355
2021-10-21,-0.00926403505658513,0.015460048814521534
2021-10-22,-0.0051841943749249,0.015169292122544328
2021-10-28,0.01853817238970911,0.014726154806853254
2021-10-29,-0.01128788307941164,0.015022192490840728
2021-11-02,0.0010314892995531,0.014896489108721036
2021-11-03,-0.00932176883122259,0.014368254405119187
2021-11-04,-0.00104115459040876,0.01418956191193538
2021-11-05,0.01652937424329081,0.013733239951998944
2021-11-08,-0.00205134198309764,0.013980977431985607
2021-11-09,-0.01031998348242702,0.013558102806334571
2021-11-10,0.00620487464386521,0.013528191771548835
2021-11-11,-0.01036292342163136,0.013190228237795362
2021-11-12,0.0206193172014899,0.013204912376965812
2021-11-15,-0.00716845552318723,0.01392930456196498
2021-11-16,0.01022493263535118,0.013680834571398837
2021-11-17,0,0.01349493749801108
2021-11-18,-0.01848090889017406,0.013087715788140226
2021-11-19,-0.01251331404659517,0.013849152148688513
2021-11-22,-0.00315284545577654,0.013942790275648643
2021-11-23,0.01670192223123834,0.013547151219939765
2021-11-24,0.01336779049516323,0.013834284790937922
2021-11-25,0.02122369306704463,0.013823847751206987
2021-11-26,-0.01106102956106269,0.014516288733069715
2021-11-29,-0.00812186761313071,0.01443000338335627
2021-11-30,-0.01024596543124722,0.014179650979295582
2021-12-01,0.01126484359851964,0.014076811586318379
2021-12-02,-0.01023547777557887,0.01390744248947018
2021-12-03,-0.0176444839956833,0.013833397839443916
2021-12-06,-0.01052646901723619,0.014389884466180699
2021-12-07,0.01574831808086507,0.014282376856313775
2021-12-08,-0.00417532835787426,0.01439672069465704
2021-12-09,0.01453825177950562,0.013989156596768349
2021-12-10,-0.01244849026505612,0.014045135092125936
2021-12-13,0.00208556684342475,0.014110535892184126
2021-12-14,-0.00312990171285143,0.013649604184844781
2021-12-15,0.00208766198967325,0.013279355373029723
2021-12-16,-0.00417960934045069,0.012889462917540933
2021-12-17,0.00937989784139503,0.012619652985612045
2021-12-20,-0.00624361562119091,0.012499429901134975
2021-12-21,-0.00628259636009431,0.012350678453865125
2021-12-22,-0.00210311087537284,0.012219204760884955
2021-12-23,-0.01912922303532127,0.011955975809393376
2021-12-24,0.00641715225596151,0.012988889909478385
2021-12-27,0.00743502677738661,0.012707533472754037
2021-12-28,0,0.012489839528315165
2021-12-29,-0.00956947733984314,0.012171476649949433
2021-12-30,0,0.012251189872838698
2021-12-31,-0.00643082386489624,0.011954610083804601
2022-01-04,0.00536176192413151,0.011872361212073695
2022-01-05,0.00106906194076472,0.011666188381450142
2022-01-06,-0.00106906194076472,0.011419753054033152
2022-01-07,-0.00106995424773614,0.011214064927978292
2022-01-10,-0.01510278150612265,0.011028605755868996
2022-01-11,-0.02755005792851328,0.01175984766672459
2022-01-12,0.00111672705907039,0.01403267350657428
2022-01-13,0.02751972844702344,0.013575772995589978
2022-01-14,-0.00872423677266986,0.015086910750429436
2022-01-17,-0.0255143729091074,0.014803668500507437
2022-01-18,-0.01016386498559818,0.016116164754121576
2022-01-19,0.00226755138829304,0.015811344214938024
2022-01-20,0.00564679364443065,0.01521307586666793
2022-01-21,-0.00677979328725797,0.01471313314534862
2022-01-24,-0.03343275235024912,0.014372357831996632
2022-01-25,0.01397009044765518,0.016928982141482724
2022-01-26,-0.00579710345719775,0.016632601184663694
2022-01-27,-0.00116350090404893,0.016085242267423958
2022-01-28,0.04105473367965651,0.015475842638834387
2022-02-07,0,0.018623340638612446
2022-02-08,0.01221568019637153,0.01781147938659269
2022-02-09,0.00110317593679809,0.017335717296498927
2022-02-10,0.01423120179534365,0.016616720464388265
2022-02-11,-0.00435743151523659,0.01636737874820472
2022-02-14,-0.00657161186089183,0.015797900783376007
2022-02-16,0.00329120418103912,0.015350507365060407
2022-02-17,0.01629589753058979,0.014797752719103212
2022-02-18,-0.00648644215931248,0.014893711176200393
2022-02-21,0.0140011195776708,0.014523922335544651
2022-02-22,-0.00643755590240502,0.014480090277556975
2022-02-23,0.0010757939782735,0.01414636891331737
2022-02-24,-0.01081097382972728,0.013679948721273465
2022-02-25,0.00325548847817991,0.013669479249224752
2022-02-28,0.01077610872529533,0.013256425422381223
2022-03-01,0.00107118430264741,0.013144974424959103
2022-03-02,-0.00321708558017519,0.012764147361925169
2022-03-03,0.00321708558017519,0.01247698675751274
2022-03-04,0.00106995424773614,0.012169263977606502
2022-03-07,0.00320351250322126,0.011875876750307886
2022-03-08,0.01060452750516915,0.011623883445339605
2022-03-09,0.00735696828945364,0.011685057191351817
2022-03-10,-0.00946879694122238,0.011568002403458087
2022-03-11,-0.01490985110936193,0.011714448931034575
2022-03-14,-0.01513535295993229,0.012313712183933893
2022-03-15,-0.00875278641731469,0.012843631123614025
2022-03-16,0.00657161186089183,0.012793398298890136
2022-03-17,0.00435743151523659,0.01253572642087973
2022-03-18,0.03314050979455274,0.012241898022807873
2022-03-21,0.00210065469766362,0.014926680051895392
2022-03-22,0.01147647740088153,0.014398405781744115
2022-03-23,0.00103683664571363,0.014208121731590837
2022-03-24,-0.00519488542347978,0.01373656351144208
2022-03-25,-0.00312990171285143,0.013422800079993295
2022-03-28,0.02476913625321231,0.013072883389051694
2022-03-29,0.06702007584838121,0.014316561562066534
2022-03-30,0.01043158301058966,0.023053553432372982
2022-03-31,0.0093897175399924,0.022079595839784603
2022-04-01,0.03670142097633011,0.02114534220874997
2022-04-04,-0.0154336816105669,0.022473735653654476
2022-04-05,-0.00274859211538647,0.021884351984954042
2022-04-06,0.03603984737428689,0.020866052887958276
2022-04-07,0.00265135673088323,0.022158954788526697
2022-04-08,-0.04328897400828069,0.021097244393853014
2022-04-12,0.01191041268813641,0.02364324461194006
2022-04-13,0.04714075265851214,0.02267669199822028
2022-04-14,0.01294785905834672,0.025124621753593583
2022-04-15,-0.01381700336439628,0.024084933313634274
2022-04-18,0.00433832280345036,0.023268018594274138
2022-04-19,-0.03077151230919916,0.022144033222558472
2022-04-20,0,0.022895395536989844
2022-04-21,0,0.021781258363473995
2022-04-22,-0.00806826657188075,0.020744033518475168
2022-04-25,-0.07182583666403808,0.01994459668623998
2022-04-26,0.0086664995219472,0.027922897759988397
2022-04-27,-0.01254235750357679,0.026554544411364508
2022-04-28,0.02398190516657195,0.02548249496319071
2022-04-29,-0.00475051641779344,0.025021529475761715
2022-05-04,-0.00477326660643129,0.023818626485505052
2022-05-05,0.00191210150121001,0.022699945547310363
2022-05-06,-0.04393112516265773,0.021597864396733675
2022-05-09,-0.06387331415712794,0.024133975187877556
2022-05-10,0.04574595771198453,0.029279904714426923
2022-05-11,0.03495105243330521,0.03041974504066505
2022-05-12,-0.06381898143082765,0.030320578373243867
2022-05-13,-0.02114246706283396,0.03398954041454217
2022-05-16,-0.00428270169350497,0.03274910570430683
2022-05-17,0.06741803323393292,0.031024294511626013
2022-05-18,-0.0202641469736946,0.03474009716251398
2022-05-19,-0.00719046572439374,0.03339471435795773
2022-05-20,0.00514138623742255,0.03167786281615741
2022-05-23,-0.01030942423557412,0.030004694818812856
2022-05-24,0.0174632272841535,0.02859850307262202
2022-05-25,0.0669541346450373,0.027484700217912997
2022-05-26,0.00569796214739071,0.03191481489110916
2022-05-27,0.0570531080378931,0.030232544663275043
2022-05-30,-0.00448222122865971,0.0326290700391848
2022-05-31,-0.01265833675344296,0.030914814675661043
2022-06-01,0.01714055798210267,0.029523846170666758
2022-06-03,0.01948696517710857,0.028324037845217167
2022-06-06,-0.00881067715107519,0.027332391968805676
2022-06-07,0.02274824567344957,0.0260687987852169
2022-06-08,-0.00520384191024803,0.025466934074957863
2022-06-09,0.00260530594763253,0.024242312485596874
2022-06-10,-0.04705709640663613,0.023037932192785642
2022-06-13,-0.0505196977957052,0.025734486760569848
2022-06-14,0.03308923984670464,0.028388571205226306
2022-06-15,0.01559043376935065,0.028353066881363017
2022-06-16,0.01643874613366058,0.02717551985894495
2022-06-17,0,0.026125522128007703
2022-06-20,0,0.024793900496746665
2022-06-21,-0.03202917990301124,0.0235510640624824
2022-06-22,-0.05300789229070091,0.024240252455348298
2022-06-23,0.01176485588993436,0.027574937854546847
2022-06-24,0,0.02631413462503334
2022-06-27,0.01162812667739388,0.02497002370813188
2022-06-28,0.03632630865627817,0.02389388142770542
2022-06-29,0.00333899131278592,0.024752501593563382
2022-06-30,-0.04313963009239607,0.023518208601424912
2022-07-01,0.020666676334395,0.025567132556818663
2022-07-04,-0.01488288868362275,0.024877767237750807
2022-07-05,-0.01510796670001468,0.024049735030596254
2022-07-06,-0.02249939055418437,0.023303623277475493
2022-07-07,-0.00480190485169984,0.02312726182152034
2022-07-08,0.0059988254843013,0.022057948161769498
2022-07-11,-0.00961548595777195,0.021042843564009997
2022-07-13,-0.00362963154982409,0.02027991902955806
2022-07-14,0.00362963154982409,0.01939187045312425
2022-07-15,-0.00727256394183406,0.018534169295289254
2022-07-18,0.0096852534536751,0.017882125185191486
2022-07-19,0,0.017288000884256347
2022-07-20,0.02263347946853322,0.01657573890855867
2022-07-21,0.00117704282867769,0.017013080516685188
2022-07-22,0.00117588682277514,0.016318545652330336
2022-07-25,0.00351885724752776,0.01567740013821186
2022-07-26,-0.00705036919102042,0.015101053321637812
2022-07-27,0.00470586599503342,0.01473619431378774
2022-07-28,-0.0035272837029936,0.01425575807602759
2022-07-29,-0.01662760365520377,0.013842300725392359
2022-08-01,0.00597025128277373,0.01429588233670748
2022-08-02,0.01183439520110773,0.013882677171141874
2022-08-03,-0.00235562512071751,0.013767185081877619
2022-08-04,0.01521390067361672,0.013368817970193209
2022-08-05,-0.00349049914570365,0.013552878111054545
2022-08-08,0.00232835263657804,0.013200828206845233
2022-08-09,0.00232279407577173,0.01281933967266853
2022-08-10,-0.00232279407577173,0.012471499482124292
2022-08-11,0,0.012189390972997798
2022-08-12,0.00579712419910372,0.011898499061423934
2022-08-15,0.02736772975844736,0.011702679004612556
2022-08-16,-0.00225224115826705,0.013602603804039498
2022-08-17,-0.00451983062977845,0.013216567129101464
2022-08-18,0,0.012927338473304625
2022-08-19,-0.01598198986367727,0.01256975250555391
2022-08-22,-0.00115144161648927,0.013146182973616898
2022-08-23,0.00230141039293485,0.01278149997354667
2022-08-24,0.00232287693560628,0.012436879962155735
2022-08-25,0.00115960322545483,0.012123476622383134
2022-08-26,0.01037467442817785,0.011834284210126752
2022-08-29,-0.00805986345703324,0.01185654907582618
2022-08-30,-0.00115684658640979,0.011875518850662367
2022-08-31,0.00231220890732331,0.011627325318301886
2022-09-05,-0.00462977651751295,0.011389189734548045
2022-09-06,-0.00465101330056327,0.011285853624749983
2022-09-07,-0.02120231506641623,0.011194347632263148
2022-09-08,0.00356502124295055,0.012649660561751182
2022-09-09,0,0.01233117281136988
2022-09-12,0.00355258350916898,0.01202726062119967
2022-09-13,0,0.011766181460308755
2022-09-14,-0.00711760475211953,0.011514791435102494
2022-09-15,-0.00357785241876662,0.01151777751833374
2022-09-16,-0.01444057842460289,0.01136284077543495
2022-09-19,0.00724631684125043,0.011969674088976213
2022-09-20,0.00360371533612102,0.01181854306341122
2022-09-21,-0.01327729046158054,0.011578088681916846
2022-09-22,0.00726394013406128,0.012037933501440248
2022-09-23,-0.00604965206272467,0.011880529181034041
2022-09-26,-0.01098243445504643,0.011787563512840887
2022-09-27,-0.01234573262114047,0.012019636829988429
2022-09-28,-0.03154833382878053,0.012333132027829626
2022-09-29,-0.01290329529305722,0.015112768455398957
2022-09-30,0.04445162912183775,0.01508901443101019
2022-10-03,-0.04445162912183775,0.018934160089496086
2022-10-04,0.00647237696123781,0.0221466936031829
2022-10-05,0.01154592707982082,0.021134212239871872
2022-10-06,-0.02453317970779167,0.020348766302764623
2022-10-07,-0.03322553817958074,0.020698652091368203
2022-10-10,0,0.02195625947334856
2022-10-11,-0.04138521859434263,0.020906877361383153
2022-10-12,0.01952638233827564,0.02321508380341646
2022-10-13,0.00825312507849496,0.022668114456861073
2022-10-14,0.01360571117757203,0.021658609065820192
2022-10-17,-0.00270635598357671,0.020919991964694587
2022-10-18,0.01479508576954735,0.019969672253000382
2022-10-19,0.00797883440812086,0.019436477230140525
2022-10-20,0.03000875470296726,0.01866071029091134
2022-10-21,-0.0514287109957241,0.01958682815029821
2022-10-24,-0.03862550439583856,0.023800053046032398
2022-10-25,0.02910815963715585,0.025214167639044358
2022-10-26,0.00816338087377133,0.025187828123095078
2022-10-27,0.02673942196535073,0.02399686204507426
2022-10-28,-0.01061007327133545,0.02390402715368764
2022-10-31,0.00796806893591828,0.02295625201950273
2022-11-01,-0.00132349745226534,0.02191879661098461
2022-11-02,-0.0200675641940915,0.020881023464735797
2022-11-03,0.00135039320148777,0.020771733928013875
2022-11-04,-0.01632694756234265,0.019802706643975414
2022-11-07,-0.00412366504617089,0.019525510095466204
2022-11-08,0.00959571130801428,0.018703574127306735
2022-11-09,0.00950450809901148,0.018038491007320332
2022-11-10,-0.01360571117757203,0.01742449369121587
2022-11-11,-0.00274339267625123,0.017202244450410912
2022-11-14,-0.02785707545616311,0.016529341303902597
2022-11-15,-0.0717206539282138,0.017828815726752777
2022-11-16,0.05030655629992253,0.02660198501517387
2022-11-17,0.02423505834393502,0.028744764303863964
2022-11-18,0.00701760285670438,0.027995517724321625
2022-11-21,-0.0197748870917227,0.02658971639461844
2022-11-22,0.00569008638552581,0.025896673576076872
2022-11-23,0,0.024610939992832252
2022-11-24,0,0.023380391489417018
2022-11-25,0.02105341108539704,0.022233112579860232
2022-11-28,0.03144481252875408,0.021883259133939698
2022-11-29,0,0.0224962056845705
2022-11-30,0.00402950454977002,0.021409496262041985
2022-12-01,0.00133953953824317,0.020411559740213397
2022-12-02,0.03550682765753166,0.01946799036013527
2022-12-05,0.01156067632042301,0.020932220128951698
2022-12-06,-0.02981407862434437,0.020163500527008712
2022-12-07,0.00655726156764124,0.021100461824379767
2022-12-08,0.00651487566673303,0.020165109563421716
2022-12-09,0.01290329529305722,0.019297483962205667
2022-12-12,-0.01290329529305722,0.018724899969522864
2022-12-13,0.00259394684954905,0.018329960271881496
2022-12-14,-0.01172661991503432,0.017541408875069428
2022-12-15,0.01818228363594087,0.01718923982180168
2022-12-16,0.0025706905432159,0.017157092533051
2022-12-19,-0.0168288017339524,0.016456407536621188
2022-12-20,0,0.016586795146056526
2022-12-21,0.00780244746982994,0.01592816774883367
2022-12-22,0,0.015430251173474251
2022-12-23,0.01030934844350817,0.014862491372009084
2022-12-26,-0.020726254854643852,0.014564407102224428
2022-12-27,0.00130808389485359,0.015339096981205554
2022-12-28,0.00261096242421743,0.014775190922430497
2022-12-29,-0.00654019092613822,0.014262651954349198
2022-12-30,0.00914435397463719,0.01395365583459478
2023-01-03,0.03952080228932253,0.013687543848712973
2023-01-04,0,0.017064713671521608
2023-01-05,0.00747207922901083,0.016369422301617316
2023-01-06,-0.00372914018042891,0.01582357539273242
2023-01-09,0,0.015282335153075775
2023-01-10,0.00124459253161468,0.014726439902969884
2023-01-11,0.00619967508193575,0.014212054719589992
2023-01-12,-0.00247532295018793,0.013812620740319711
2023-01-13,-0.00871188371194442,0.013412779014824457
2023-01-16,0.00995039014325449,0.013298492777979317
2023-01-17,0.01474232955489718,0.013137274934207282
2023-01-18,0.01692902679481101,0.013312400095559172
2023-01-19,0.00597717758606286,0.013651288127595375
2023-01-27,0.00119122107993518,0.013295509380824064
2023-01-30,-0.00357785241876662,0.012901553973751718
2023-01-31,-0.00239234097749729,0.012611800681646823
2023-02-01,-0.01812723206454514,0.012318198459824908
2023-02-02,-0.00122037082472914,0.01316799983055787
2023-02-03,-0.02222317183715283,0.012802371653172781
2023-02-06,0.00498139999026214,0.014066490254731364
2023-02-07,0.00248130668541257,0.013648925126566378
2023-02-08,0.00617677794682158,0.013229772978029781
2023-02-09,-0.00617677794682158,0.012918361054543945
2023-02-10,0,0.012723914163467229
2023-02-13,0,0.012384455436401737
2023-02-14,0.00123850643131007,0.012075676543461361
2023-02-15,0.00985219801371606,0.011790922687839826
2023-02-16,0,0.011787112760577166
2023-02-17,0,0.011533745632991607
2023-02-20,0.01459884820335588,0.011304482990302272
2023-02-21,0,0.011714092873151599
2023-02-22,-0.01215087134946024,0.011467633932576108
2023-02-23,-0.0049018825364584,0.011840948681581311
2023-02-24,-0.0073982923311533,0.011701383196045618
2023-02-27,-0.00620745109467257,0.011699054699823363
2023-02-28,0.00248763797794993,0.011633351017972924
2023-03-01,0,0.011396147403040176
2023-03-02,-0.00623057702653184,0.011180137446494298
2023-03-03,-0.01892801242832043,0.011173226585893373
2023-03-06,-0.00382901043009376,0.012330119916698001
2023-03-07,0.00764341544582158,0.012102566135603973
2023-03-08,0.00884396678000953,0.01195426467573147
2023-03-09,0.01374171986159389,0.011877610368619082
2023-03-10,-0.01374171986159389,0.012134428639139655
2023-03-13,-0.00757577883902271,0.012556640987418795
2023-03-14,-0.00253806738793827,0.012469674026607099
2023-03-15,0.02261406388607589,0.01219269333438735
2023-03-16,-0.01628089271741117,0.013328299559311443
2023-03-17,-0.00252844124889684,0.013821719266251883
2023-03-20,-0.01788055343667061,0.0134222152282922
2023-03-21,0.0064228220020901,0.014065478120266374
2023-03-22,0.00510847594603625,0.013685615965290882
2023-03-23,-0.00638974437392825,0.013304291952042182
2023-03-24,0.00766285711746483,0.013081054894331177
2023-03-27,0.00634128362480268,0.012835900812514926
2023-03-28,0.00126330036910182,0.012566550401287202
2023-03-29,-0.00252844124889684,0.012237040405350754
2023-03-30,0.00126514087979501,0.011981779440695034
2023-03-31,0,0.011705748985644674
2023-04-03,0.02250082272211351,0.011460081401375643
2023-04-04,-0.0049566296356005,0.012724321555955556
2023-04-05,0.00124150220247898,0.012498159221095293
2023-04-06,-0.00372914018042891,0.012174801528598499
2023-04-07,0.00248763797794993,0.011959190131264378
2023-04-10,-0.00248763797794993,0.011691203600626202
2023-04-11,0,0.011487639937682356
2023-04-12,0,0.011262804922631691
2023-04-13,-0.00875547084147498,0.011059751260345965
2023-04-14,0,0.01122005557771261
2023-04-17,0,0.011021179935521402
2023-04-18,-0.00251571954402152,0.01084190067238619
2023-04-19,-0.00126019680172539,0.010724903890403866
2023-04-20,0.00126019680172539,0.010591953326759839
2023-04-21,-0.00126019680172539,0.010450990159204039
2023-04-24,-0.00252516792134116,0.010346475437117732
2023-04-25,-0.0088891319942661,0.010282363224835743
2023-04-26,-0.00127636265108854,0.010554459322485521
2023-04-27,0,0.01043942671401906
2023-04-28,-0.01026956442873228,0.010319088442621596
2023-05-04,0.01282066270574766,0.010695276675222977
2023-05-05,-0.00127473562592683,0.011038267027732057
2023-05-08,0.00127473562592683,0.010873741016007282
2023-05-09,0.00508259295671464,0.010704368159299945
2023-05-10,0.0012666625318296,0.010609187702607263
2023-05-11,0.00126514087979501,0.010466474718842355
2023-05-12,0.017544193086513,0.010338363923668166
2023-05-15,0.00619207604532512,0.011206219551035542
2023-05-16,0.00615365657581534,0.011094089656758021
2023-05-17,0,0.010992396120635007
2023-05-18,0.0170320865177711,0.010815975359976346
2023-05-19,-0.00120695980511698,0.011542841725008286
2023-05-22,-0.00362972204473521,0.011327371605641415
2023-05-23,-0.00607899461743954,0.01119366996651213
2023-05-25,0.01452799345513078,0.011177463799841327
2023-05-26,-0.0012026819964408,0.011599160715194642
2023-05-29,0,0.0113781677051756
2023-05-30,0.01077211400211908,0.011163898157497711
2023-05-31,0.00118965185749253,0.011291702774781118
2023-06-01,-0.00715984525375645,0.011081149197323848
2023-06-02,0.00358648298294994,0.011136930718989222
2023-06-05,0.01421821994772365,0.010962681493739386
2023-06-06,0.00352322831290052,0.011387918480483249
2023-06-07,-0.00352322831290052,0.011187774484337804
2023-06-08,-0.0166078552330422,0.01106499680642266
2023-06-09,0.01189095045075205,0.011959038237641748
2023-06-12,0.00353970638122191,0.012065668158822202
2023-06-13,-0.00590664206333357,0.011800770298601363
2023-06-14,-0.00237255136121561,0.011709530536743326
2023-06-15,-0.00118846585129972,0.011501360574601988
2023-06-16,0.00474510975953812,0.011289618204796448
2023-06-19,0.00236398715135877,0.011124845029627321
2023-06-20,0.00940090570696838,0.010935835418734432
2023-06-21,0.00350266059105841,0.01100526665008304
2023-06-23,-0.00819199129773551,0.010842765294453133
2023-06-26,0.00819199129773551,0.010992184729988233
2023-06-27,0.01733145711913053,0.010989184138763083
2023-06-28,-0.00344237371025535,0.011719053658949773
2023-06-29,-0.00576365591171246,0.011539481789202739
2023-06-30,-0.00579729113220572,0.011469628460635834
2023-07-03,0.00464044454579593,0.011408973130699133
2023-07-04,0.00692050249812226,0.011229638963441846
2023-07-05,0.00197831938088555,0.011142779851498457
2023-07-06,-0.00267751980174502,0.010949189299722195
2023-07-07,0.00933975746337623,0.010825449253381652
2023-07-10,0,0.010904516909177785
2023-07-11,-0.00399216014923631,0.010736859134152777
2023-07-12,0.00399216014923631,0.010678693843134178
2023-07-13,0.00661807353119492,0.010558866182236979
2023-07-14,0.03244925494002437,0.01053300617103494
2023-07-17,0.00890030396338126,0.013597384465595106
2023-07-18,-0.0038046207884328,0.013354765365347653
2023-07-19,-0.00254473548450562,0.013029749860604492
2023-07-20,0.02267102842285062,0.012701224179583746
2023-07-21,0.00867965489491418,0.013749667579297024
2023-07-24,0,0.01348242882303582
2023-07-25,0.00369678797309802,0.01307628680520529
2023-07-26,0.01707368949423937,0.012721427215992849
2023-07-27,0.01201935408674614,0.013156123847345194
2023-07-28,0.00832834450249286,0.013131622178570524
2023-07-31,0.01411792190575234,0.012909254612052886
2023-08-01,-0.01293379114269299,0.013063593823392977
2023-08-02,-0.01190481666932896,0.013288400021807846
2023-08-03,0.00239234140377675,0.013403072434114323
2023-08-04,-0.00479041983261296,0.013004439334430495
2023-08-07,0.01430289509816518,0.012744939455790819
2023-08-08,-0.00355667220049227,0.012934477657147798
2023-08-09,-0.01315013188941449,0.012641029007573076
2023-08-10,-0.01088944770162569,0.012939774863736063
2023-08-11,-0.00243598389135435,0.013020849861083001
2023-08-14,0.00729035428373592,0.012690688131698134
2023-08-15,0.01680709066835639,0.012469006153738032
2023-08-16,0.01301028005666893,0.012914689992846291
2023-08-17,0.01052024314977551,0.012985638638436606
2023-08-18,-0.00583078241133883,0.012888467172191177
2023-08-21,0.00466738088316809,0.012681731609606808
2023-08-22,0.00696050963428973,0.012381034006472839
2023-08-23,0,0.012177342478501331
2023-08-24,0.05129341477823601,0.011887561802817278
2023-08-25,0.00664445023311088,0.018222961416290127
2023-08-28,0.03684072062121224,0.017505339209559583
2023-08-29,-0.00426453178761576,0.019523758608132605
2023-08-30,0.03154843107373217,0.018705109166932472
2023-08-31,0.001034749511442,0.01980565722619002
2023-09-05,0.00103334411112321,0.018905232323287526
2023-09-06,0.02247289565063504,0.018069876046219412
2023-09-07,-0.01117315426011345,0.018296922229108288
2023-09-08,-0.00306909637347274,0.017842928814587475
2023-09-11,-0.00205134682701668,0.017126664049406833
2023-09-12,0.01528300908332624,0.01644794826483682
2023-09-13,-0.0091418813648616,0.016284630683810128
2023-09-14,-0.02166133698956862,0.01590926677366566
2023-09-15,0.01654635312256402,0.016579487941917936
2023-09-18,-0.00617282917426997,0.016491282756152796
2023-09-19,0.01536137618404254,0.01596894747772571
2023-09-20,0.00101561075402578,0.015862016830348886
2023-09-21,-0.01740959980529055,0.015256595967821682
2023-09-22,-0.00103334411112321,0.015590634882611316
2023-09-25,-0.02513242967016182,0.015019074085751101
2023-09-26,-0.0085196735899764,0.01624310034558372
2023-09-27,0.0085196735899764,0.015840901208331867
2023-09-28,-0.00318621912739658,0.015376084618994042
2023-09-29,-0.01284831140461051,0.014858858439512762
2023-10-02,0.00430109993928695,0.01485980736021822
2023-10-03,-0.01078746024519716,0.014361610560063555
2023-10-04,0.00324843925248785,0.014274067539830205
2023-10-05,-0.00977738383586235,0.013809460389350948
2023-10-06,0.01193727923983623,0.01371696685970735
2023-10-09,0.03080421568521174,0.01362555340692245
2023-10-10,0.0072955573579172,0.015596005024177056
2023-10-11,0.00724260576186175,0.01510978061503561
2023-10-12,-0.00620463436166218,0.014663722386563572
2023-10-13,-0.00311692645906447,0.014303471997331079
2023-10-16,0.00725751197847657,0.013875484094972452
2023-10-17,-0.03897271718247808,0.013540169819462822
2023-10-18,-0.00107466647680887,0.017275525844919665
2023-10-19,-0.01081078440053318,0.0165727941876994
2023-10-20,0.0097349617730984,0.01626056372565496
2023-10-23,-0.02066425491012857,0.015807629524699923
2023-10-24,0.01092929313703017,0.016387050083538617
2023-10-25,-0.01202877332083041,0.01597683040204033
2023-10-26,-0.04615329712171601,0.01579925041555384
2023-10-27,0.00230150645806936,0.020158833979994524
2023-10-30,-0.02325689513128992,0.01923584696344825
2023-10-31,-0.02381061797745687,0.019605746743097816
2023-11-01,0.02850548168614253,0.01998147613588242
2023-11-02,0.04129037485720488,0.020548656987895025
2023-11-03,-0.02272834343460061,0.022588596056021617
2023-11-06,0.01709434997942871,0.022508781483541945
2023-11-07,-0.00226239254749138,0.02187886174033331
2023-11-08,0.04754913859622611,0.020854269520717825
2023-11-09,-0.00108058935058075,0.023746678242319713
2023-11-10,-0.01086965815487417,0.022580840423885275
2023-11-13,-0.00109358723352315,0.021747843272432454
2023-11-14,0.01304383473897807,0.02071996904812243
2023-11-15,-0.00216223037410578,0.02003309706312881
2023-11-16,0.00647248273095257,0.019138874697613568
2023-11-17,-0.02174007753756335,0.018347069087179285
2023-11-20,-0.00330195431901003,0.01868590187184682
2023-11-21,0.01314360698517802,0.017909985420954927
2023-11-22,0.01189842487139536,0.017473464703054796
2023-11-23,-0.0239401884275523,0.017012230074430302
2023-11-24,0.0043955701262508,0.01776546718825593
2023-11-27,-0.00549741355527189,0.017038402948120042
2023-11-28,0.00440022697366693,0.01644760189971912
2023-11-29,0.00656466189705362,0.015822616864586428
2023-11-30,0.00217871811445746,0.015295508771397789
2023-12-01,0.00542594214044278,0.014737835118507275
2023-12-04,0.01290334169394213,0.014272747165713345
2023-12-05,0.01273896423399101,0.01418262899467809
2023-12-06,0.00210754826970926,0.014091626182191124
2023-12-07,-0.00739576158868793,0.013632401789647633
2023-12-08,-0.00106098378395813,0.013424392895530947
2023-12-11,0.00845674537264606,0.013034002886923959
2023-12-12,0.0187700121925971,0.012826969920744575
2023-12-13,-0.016667010157418,0.01341387730406538
2023-12-14,0.01044962859664977,0.013933219442300358
2023-12-15,0,0.01373363316263897
2023-12-18,-0.02313461134791339,0.013305923955154637
2023-12-19,0.00636254757091059,0.014591798614119498
2023-12-20,0.00105661436048798,0.01416375989047402
2023-12-21,0.00421487262936715,0.013695894812724122
2023-12-22,-0.00527148698985513,0.01329518399231288
2023-12-25,0.0146907199437436,0.013025954479181244
2023-12-26,0.0124224600818934,0.013210956978989725
2023-12-27,-0.00309112182064374,0.013206819889770119
2023-12-28,-0.00310070648978744,0.012875472121957837
2023-12-29,-0.00518941835591135,0.012574811835491013
2024-01-02,-0.00208339910259525,0.012372522852388742
2024-01-03,0.00416235416146015,0.012094477468990488
2024-01-04,0.00930229160747764,0.011838008080781622
2024-01-05,0.00205556350216618,0.011798121054984456
2024-01-08,-0.00102730926266225,0.01154198919322691
2024-01-09,-0.00722008254993511,0.011323781439910516
2024-01-10,-0.01986473735471783,0.01135460991380607
2024-01-11,0.00316281878468593,0.012596417878905359
2024-01-12,-0.00316281878468593,0.012277101584877912
2024-01-15,0.00736452309324064,0.01203456416690507
2024-01-16,0.00313964808499278,0.01188159342611273
2024-01-17,0,0.011628189606553154
2024-01-18,-0.00104545447847925,0.011389897503993671
2024-01-19,0.0072955573579172,0.011186761130853453
2024-01-22,0.00103797140019956,0.011120251489727777
2024-01-23,-0.00833352875811677,0.010926469184233425
2024-01-24,-0.00629589791506823,0.011074821633616918
2024-01-26,0.00942910111152528,0.01108331998895031
2024-01-29,0,0.011136881621111129
2024-01-30,-0.00313320319645704,0.010946169286232297
2024-01-31,0.00104545447847925,0.010836121005601884
2024-02-01,0.04295140181561052,0.010670494661394784
2024-02-05,0.03540186386112687,0.015736501545171627
2024-02-06,0.00578064771390351,0.0179216607076461
2024-02-07,0.00765536356258422,0.01720759297510328
2024-02-15,-0.00861662619264613,0.016598450250097325
2024-02-16,0.01052144813160893,0.016168589683840648
2024-02-19,-9.519058302167592e-4,0.015758958056000857
2024-02-20,-0.00668904147821081,0.015173043240292637
2024-02-21,0.01522385067520915,0.014786223575963181
2024-02-22,-0.01235162331101946,0.014800865452487533
2024-02-23,-0.00671470716337552,0.014772240003227974
2024-02-26,0.03870236098031121,0.014423190928330384
2024-02-27,-9.264339862298244e-4,0.017454501299571483
2024-02-28,0.00554537383223774,0.0167366536946039
2024-02-29,0.00459760388832641,0.016110273806945498
2024-03-01,0.01637900961179461,0.015515366660173276
2024-03-04,0.0054004294059613,0.015533728163747484
2024-03-05,-0.00630344112370728,0.015001463419029111
2024-03-06,-0.01455900824034195,0.014614456685058522
2024-03-07,0.01996449803965738,0.014778837404373883
2024-03-08,-0.01174891647281661,0.015201653300421605
2024-03-11,0,0.015087324964154583
2024-03-12,0.0171252471487513,0.014547163985719862
2024-03-13,0.04456824524433145,0.014742084341444153
2024-03-14,0,0.018711602413328556
2024-03-15,-0.00858363990631616,0.017893262410186583
2024-03-18,-0.02620243356292562,0.017347853197368472
2024-03-19,-0.00888883954506525,0.018306536332582776
2024-03-20,0.02207592212725373,0.017739166197349155
2024-03-21,0.01473787149730299,0.017971338919879523
2024-03-22,-0.01125058968961489,0.017620122241010585
2024-03-25,-0.00786374564213332,0.017233089367748727
2024-03-26,0.0087337634433009,0.01671349966590759
2024-03-27,0.00173757998641299,0.016181695064213176
2024-03-28,0.01635842756377137,0.015552057802372368
2024-03-29,-0.00513687989132449,0.015564630567727531
2024-04-01,0.00257173838391366,0.015085743475397978
2024-04-02,0.00171082523542409,0.014547573069440697
2024-04-03,-0.01637261802395251,0.014048715097819253
2024-04-04,-0.00960283669754602,0.014448818094921502
2024-04-05,-0.00263508249630106,0.014278253784567265
2024-04-08,-0.00972165407545055,0.013841465565316437
2024-04-09,0.00354611782400837,0.013742058181694225
2024-04-10,0.00705463708959364,0.013326599479780451
2024-04-11,0.00961972730028293,0.013035126141604394
2024-04-12,0.00520841368953561,0.012883897012999386
2024-04-15,-0.03434955062500933,0.012577404224960708
2024-04-16,0.01246677254559713,0.01577214535095565
2024-04-17,-0.01067620584561446,0.015500888252935217
2024-04-19,-0.02536378429877395,0.015286910992976967
2024-04-22,0.01185616749818407,0.016492073353953966
2024-04-23,0.01797000852591601,0.016118526317737282
2024-04-24,0.06715072297694924,0.01619260059301904
2024-04-25,0.02548427309666756,0.024156486063573235
2024-04-26,0,0.023943748135263666
2024-05-02,0.03273748403317533,0.022758208105769416
2024-05-03,-0.01105856809614458,0.023387173930651074
2024-05-06,0.01341246452785505,0.022498279840754046
2024-05-07,0.02858442449667819,0.02168241846212228
2024-05-08,-0.00228748828173941,0.02203145311782699
2024-05-09,-0.00535779914301493,0.020996462822915018
2024-05-10,0.00535779914301493,0.020094339962480497
2024-05-13,-0.00997316931927372,0.019209381482273125
2024-05-14,0.00614907763438665,0.018614270135299073
2024-05-15,0.02721259473006121,0.017855056512014755
2024-05-16,0.00964758994276238,0.018588694412181233
2024-05-17,-0.00666916887339574,0.017934874211692858
2024-05-20,-0.01121505628320918,0.017309969282392642
2024-05-21,0.02230572876110592,0.01695022934475066
2024-05-22,0.01459885946253969,0.017305355008943712
2024-05-23,-0.00362976319688357,0.017010453647717284
2024-05-24,-0.04157994837212619,0.01637092774586338
2024-05-27,0.00680026676504041,0.01975865114482302
2024-05-28,0.03113661612893992,0.018927745271462352
2024-05-29,-0.00953429895676905,0.01994341154471589
2024-05-30,-0.00517182968595797,0.019266755312144293
2024-05-31,-0.00296737351134801,0.018490043198741358
2024-06-04,0.0328857184670408,0.017722602191173487
2024-06-05,0.00716334507286475,0.01915882444675613
2024-06-06,-0.00357525836106731,0.01838220870386339
2024-06-07,0.01704578419131763,0.017634870911899338
2024-06-10,0.01398630026248426,0.017469541144796857
2024-06-11,0.01721210705260567,0.017121718013225526
2024-06-12,0.04341916721215355,0.017023417910484954
2024-06-13,-0.01526737625468754,0.020164919190085496
2024-06-14,0.00766289579974355,0.019780270040769717
2024-06-17,-0.01693654620722107,0.018969425741437715
2024-06-18,-0.00623058331750492,0.018823266763537846
2024-06-19,0.02697659825015463,0.018112146893288737
2024-06-20,0.0135954308684596,0.018782274651595477
2024-06-21,0.02078762058999395,0.018290686262266962
2024-06-24,-0.02983064935867929,0.018343454168276454
2024-06-25,-0.01602476662494645,0.0195756357879584
2024-06-26,0.01375108519339463,0.019300292259106372
2024-06-27,0.0075586383663726,0.018770613418338727
2024-06-28,-0.01747100731291695,0.018034475455345318
2024-07-01,-0.01466635870115418,0.018033179160027526
2024-07-02,-0.00467659127067854,0.017820883638951422
2024-07-03,0.02316712952472599,0.017143275128784184
2024-07-04,0.03598580511660465,0.017556250469703195
2024-07-05,0.02113014971599369,0.01944308907276576
2024-07-08,0.00646785586227949,0.019392756465218867
2024-07-09,-0.01515727906561892,0.018581703468904937
2024-07-10,-0.02578405754211665,0.018347132326714543
2024-07-11,-0.00749076456844477,0.019103848195179962
2024-07-12,0.0059970519359016,0.01841364799749093
2024-07-15,-0.00825518945572234,0.01766643678405294
2024-07-16,0.00974890208826551,0.017126232050155683
2024-07-17,-0.01579581633491678,0.016598522822792457
2024-07-18,-0.03079530115732964,0.0166269915913334
2024-07-19,-0.01496689177484533,0.01829678359426227
2024-07-22,-0.01519408166550917,0.018078230190645063
2024-07-23,0.01121799535705214,0.01789848469685487
2024-07-24,0.00397608630845702,0.017367442068726285
2024-07-25,-0.00796811979360256,0.01666481658498211
2024-07-26,0.02371652544882607,0.01619936813570511
2024-07-29,0.00778216421946709,0.016800376471132823
2024-07-30,-0.00778216421946709,0.01622859559525402
2024-07-31,0.00467659127067854,0.015793714681770175
2024-08-01,-0.02999446292269425,0.01522564342714716
2024-08-02,-0.01290339997206224,0.01706628795091118
2024-08-05,-0.03805255967359144,0.01683399249222137
2024-08-06,0.01837984030395745,0.01952891404862069
2024-08-07,0.00988469757950127,0.019261956917282615
2024-08-08,-0.00493005843270566,0.01856237294941942
2024-08-09,0.04430840659419033,0.01783352149430505
2024-08-12,0.02413517897770845,0.020918888136955235
2024-08-13,-0.00231038053343901,0.0209518723738568
2024-08-14,-0.00154327262786679,0.019993587794307044
2024-08-15,-0.00619665509150202,0.019094598773438744
2024-08-16,0.01465504556839647,0.018361033967792026
2024-08-19,-7.66021068738354e-4,0.01796772860707204
2024-08-20,0.00763364827832191,0.01720973603954742
2024-08-21,0.0150946019943845,0.01659975331277045
2024-08-22,0.00224469073478594,0.016407931809260236
2024-08-23,-0.00524542434019181,0.015762826825420052
2024-08-26,-0.01209386838897863,0.015270546147905285
2024-08-27,0.00757581687815012,0.015172161975695105
2024-08-28,0.00601961399030948,0.014731786411575182
2024-08-29,0.00299616801886237,0.014282112626098669
2024-08-30,0.00819376732682641,0.013814008919523165
2024-09-04,-0.01344312542087955,0.013520080891586964
2024-09-05,-0.0182098680028524,0.013728793691325122
2024-09-06,0.01142002930935781,0.014359829586432135
2024-09-09,-0.00607439163080592,0.014170269993390413
2024-09-10,-0.00995037499414053,0.013850354833918579
2024-09-11,0.00460473731558863,0.013764309092011557
2024-09-12,0.01293280867073498,0.013365096069127289
2024-09-13,0.00527705933211741,0.01337804562016821
2024-09-16,-0.01438868244635926,0.013028230411181174
2024-09-17,0.01363648948163387,0.013384391257578511
2024-09-18,0.01271054649475544,0.013444989651356837
2024-09-19,0.00444771835127255,0.013433673950004506
2024-09-20,7.393323724116385e-4,0.013060400019193626
2024-09-23,-0.00965463968526947,0.01268748653024804
2024-09-24,0.00372434074104432,0.012712286589714468
2024-09-25,0.00222802011139044,0.012390623585885335
2024-09-26,-0.00371610625720641,0.012080741145912822
2024-09-27,-7.449787826452337e-4,0.0118739446621741
2024-09-30,0.0022330649284612,0.011620061971558989
2024-10-01,0.01035519488951663,0.011382008008299143
2024-10-02,-0.00368604074214218,0.011456222261470691
2024-10-03,-0.01039349488841878,0.011311150176943712
2024-10-04,7.458810399203486e-4,0.011559723464736936
2024-10-07,0,0.011323953725506668
2024-10-08,-0.00223959367246351,0.011114944401699842
2024-10-09,0.01188720752096195,0.010962817582513572
2024-10-10,0.04547880375843505,0.0111954860447127
2024-10-11,-0.01493096203911825,0.01657919952149979
2024-10-14,-0.01443024127547332,0.016542368793811386
2024-10-15,-0.00436990376807067,0.016471987967147595
2024-10-16,-0.00512272564410842,0.01589429451642202
2024-10-17,0.00512272564410842,0.015386868951064519
2024-10-18,0,0.014860722392998767
2024-10-21,-0.01100945596494895,0.014338981272537299
2024-10-22,-0.01787087257197761,0.014268594135379817
2024-10-23,0.0082304127853181,0.014784354013836523
2024-10-24,7.449787826452337e-4,0.014402211524991831
2024-10-25,-0.00223625459522835,0.013914948504556763
2024-10-28,0.00669395555758889,0.013501312970089902
2024-10-29,0.00369953933082989,0.013181216632769189
2024-10-30,0.00368604074214218,0.012817070236361965
2024-10-31,0,0.012485298992022617
2024-11-01,-0.00961194666897569,0.012167347921049967
2024-11-04,-0.01346323528870385,0.012250474106418066
2024-11-05,-0.00150714984140876,0.012630627892870568
2024-11-06,0.01497038513011261,0.012317826787685428
2024-11-07,0.00370776976945741,0.012618472428659263
2024-11-08,0.00516797229841969,0.012305083891704562
2024-11-11,0.01824207929177568,0.012051800035960382
2024-11-12,-0.01090526668515856,0.012704589711706047
2024-11-13,0.00728330776982488,0.01281514572529287
2024-11-14,-0.01314845897685224,0.01258102884295745
2024-11-15,-0.01556163966086465,0.012887707625798914
2024-11-18,7.466472318125028e-4,0.013374594404706694
2024-11-19,-0.03030536988688581,0.0129742768070502
2024-11-20,0.01829321955083784,0.01537934358334275
2024-11-21,0.00452138576760319,0.01557012882010871
2024-11-22,0.00674411733663227,0.015017399910341553
2024-11-25,0,0.01456372281309745
2024-11-26,0.00966195454467033,0.014066356655609583
2024-11-27,0.02699908679854701,0.013813639713327278
2024-11-28,0.00359332658349309,0.015207151801793274
2024-11-29,0.03454691308185254,0.014669701726089548
2024-12-02,-0.00770585596011308,0.016967893470372572
2024-12-03,0.01949915310586902,0.016464588812961853
2024-12-04,-0.01039862513042244,0.01662548175571111
2024-12-05,0.03424986423320142,0.016284852273126
2024-12-06,0.0067114853926391,0.018184194884039113
2024-12-09,-0.01686377648316117,0.017471241941101983
2024-12-10,0.01686377648316117,0.017485164481398197
2024-12-11,0.00666667980571134,0.017322672389247944
2024-12-12,-0.00199530432619532,0.01667628560628311
2024-12-13,-0.00467137547951601,0.016031732800200208
2024-12-16,0.00267202002409838,0.015498905368217094
2024-12-17,-0.01275612146929106,0.014928247994363174
2024-12-18,0.00471854646296243,0.014914550246845626
2024-12-19,-0.00404311267550383,0.014419429628791449
2024-12-20,0.00940866765773407,0.014005975630945038
2024-12-23,0.00200463758830871,0.013747063534397745
2024-12-24,0.00399738303714514,0.013316448702490347
2024-12-25,0.00265605175302496,0.0129452124872065
2024-12-26,-0.00665343479017011,0.012588962761240734
2024-12-27,-0.00133597845148436,0.012450619717920205
2024-12-30,0.00599802066888699,0.012151504609414509
2024-12-31,0.01320167182721121,0.011937089356003423
2025-01-02,-0.00328431328685674,0.012143172603861297
2025-01-03,-0.01993411939695732,0.01191704101628771
2025-01-06,0.00201135778770833,0.01305745229909512
2025-01-07,0.00534411159898695,0.012686557231028347
2025-01-08,-0.01206449291522027,0.012401908078292827
2025-01-09,0.00336580489478066,0.012640807676983449
2025-01-10,-0.01013178152312477,0.012320193427530149
2025-01-13,0.0020345474516894,0.012421310549021411
2025-01-14,-0.01708272323494064,0.012107406803802736
2025-01-15,0.00275299856970079,0.012874894977739297
2025-01-16,0,0.01252584162506892
2025-01-17,0.02377017737041953,0.012204217055452738
2025-01-20,0.00668891463331888,0.013486541609230438
2025-01-21,-6.668135583289825e-4,0.013167643614625829
2025-01-22,-0.00133514855674476,0.01279494532907095
2025-01-23,0.03026546504992389,0.012464415742188217
2025-01-24,-0.00584987251460056,0.014625640827123698
2025-02-03,-0.05287272242398799,0.01425488478572934
2025-02-04,0.00479942675223377,0.02045997546183486
2025-02-05,6.836833692105415e-4,0.019539609764399172
2025-02-06,0.00136621952996129,0.018658726252367686
2025-02-07,-0.00273411755075514,0.017841455657307322
2025-02-10,-0.02846432782724939,0.017119089567370738
2025-02-11,0.02366154436669809,0.018391337882763568
2025-02-12,-0.0027548947142062,0.018688148975041393
2025-02-13,-0.01318998185970166,0.01790205516696387
2025-02-14,0.01250016679352761,0.017604510614120595
2025-02-17,-0.00901226744111127,0.017161917836330424
2025-02-18,0.00208697960648862,0.016700245470448558
2025-02-19,6.947360819307136e-4,0.016031769823728115
2025-02-20,-0.00696865714414585,0.015413507910762852
2025-02-21,-0.00701762568948005,0.015016647295547674
2025-02-24,-0.01061948460871953,0.014658129119209279
2025-02-25,-0.01073366996221025,0.014527972504004139
2025-02-26,0.01994380511804827,0.014418996399314115
2025-02-27,-0.0035323837582073,0.014890231965115843
2025-02-28,-0.00710235638612566,0.014422198379727219
2025-03-03,0.00142460498849494,0.014123119521234906
2025-03-04,-0.00356512610138537,0.013658842708579127
2025-03-05,-0.00644925913554317,0.013299314202459873
2025-03-06,0.01781305075261485,0.013079268946790224
2025-03-07,-0.00141346470300085,0.01353340331645551
2025-03-10,-0.01496283341770521,0.013138541715143674
2025-03-11,-0.01300596765338113,0.013532336482930523
2025-03-12,-0.01170456162135202,0.01370359414258166
2025-03-13,0.0044052039911584,0.013753782590170986
2025-03-14,-0.03807849910302252,0.013351562524654453
2025-03-17,-0.01071158005598249,0.01698199103136807
2025-03-18,0,0.016624915330724563
2025-03-19,-0.04242585613741312,0.01596334581961727
2025-03-20,0.00320506586267299,0.019607343802601766
2025-03-21,0.02371655910830128,0.01872995213112357
2025-03-24,0.00778212694912028,0.018988939526384065
2025-03-25,-0.01957006206177425,0.01824214598989643
2025-03-26,-0.02805790267891872,0.01839412263518325
2025-03-27,0.02568359294057565,0.01940341014113135
2025-03-28,-0.0175864721795893,0.01976353933890975
2025-03-31,-0.02449105403739793,0.019581810065008816
2025-04-01,-0.00414078566253017,0.02002814993592283
2025-04-02,0.01237127096426427,0.01916912551477287
2025-04-03,-0.07221824602505578,0.018581946479062042
2025-04-04,-0.00441484666774272,0.027160051341994094
2025-04-08,-0.07247559929703229,0.025805243500994515
2025-04-09,0.00190110267175036,0.032011687657893126
2025-04-10,0.0670283011067081,0.030297168029354025
2025-04-11,0.05107125349659469,0.034107574440347455
2025-04-14,0,0.03515646873812088
2025-04-15,-0.02132273232546033,0.033243890190679797
2025-04-16,-0.07238534153762366,0.032073540892892105
2025-04-17,0.01380607875019634,0.03667695397075905
2025-04-18,0.01991000804147802,0.034848073826231445
2025-04-21,8.957211396758424e-4,0.03336913988132183
2025-04-22,-0.01170658570706173,0.03156778949371247
2025-04-23,0,0.030096882210660203
2025-04-24,0.01438877949530059,0.028506028637519717
2025-04-25,0.00356507648827175,0.027269202138878415
2025-04-28,-0.02613935878734885,0.025868966602271882
2025-04-29,-9.136406703156296e-4,0.025713497061171927
2025-05-05,-0.00733958890842245,0.02441394764137927
2025-05-06,0,0.023315904068532185
2025-05-07,0.01007801050837287,0.02217302075550436
2025-05-08,0,0.02125358742879235
2025-05-09,0.0410771983370708,0.0202532050669239
2025-05-12,0.03439714141601868,0.02232094629843072
2025-05-13,0,0.02319322477749982
2025-05-14,0.01009270781720417,0.022058712811851223
2025-05-15,0.0553435911884268,0.021148409318952913
2025-05-16,-0.01034630387305668,0.025224989255646046
2025-05-19,-0.05593556547914069,0.024166440094395943
2025-05-20,0,0.027977426766667913
2025-05-21,0.008424634768744,0.026524001947743132
2025-05-22,-0.00757906442217759,0.025246195755903828
2025-05-23,-0.01276059954515318,0.024095191597042733
2025-05-26,0.00427167767652392,0.023226010284873255
2025-05-27,0,0.02210417423366428
2025-05-28,0.01438868092342637,0.0210445395148939
2025-05-29,-0.00505474628363344,0.020395726768093574
2025-05-30,-0.01104046423300175,0.019530642680897884
2025-06-02,-0.00857636701436703,0.018959693248515624
2025-06-03,0,0.01832383977292201
2025-06-04,0.01113495194486269,0.017534054287074545
2025-06-05,-0.00255858493049565,0.01703100508301825
2025-06-06,-0.00256514808331509,0.016368089982187757
2025-06-09,-0.00515036058434681,0.01575748829257001
2025-06-10,0,0.015262563916419513
2025-06-11,-0.00431204263704287,0.014708259067320671
2025-06-12,0.02751675591456504,0.014277499882054187
2025-06-13,-0.00766293399018458,0.01564999955808113
2025-06-16,0.01694950411294371,0.015262074981585546
2025-06-17,0,0.015354994908776069
2025-06-18,-0.00168198788639628,0.01479326410182437
2025-06-19,-0.01526751622654742,0.014295420328015288
2025-06-20,-0.00858371589010431,0.014561078051092005
2025-06-23,-8.625094175940262e-4,0.014321936136758376
2025-06-24,0,0.013852343901565319
2025-06-25,0.00516361685412292,0.013414525382350858
2025-06-26,0.00513693364646528,0.01305865747074089
2025-06-27,-8.543251928898599e-4,0.01273434534104133
2025-06-30,0.0102041997206399,0.012402477661587127
2025-07-01,0,0.012350575810517515
2025-07-02,0.00506331650590752,0.01204488974844133
2025-07-03,-0.00168497692911984,0.01181382822631881
2025-07-04,-0.00507187695959743,0.011580700687593084
2025-07-07,0.04798274951825121,0.011475388284015856
2025-07-08,0,0.017273736913632366
2025-07-09,0.00563835977414228,0.016562556136066085
2025-07-10,-0.01374867816051406,0.015952066615830613
2025-07-11,0.00891781102826527,0.015896562698679253
2025-07-14,0.02549936501563365,0.015442202989360205
2025-07-15,0,0.01635780003691867
2025-07-16,-0.00869230859664327,0.015716913683491495
2025-07-17,0.00237809291181534,0.015371924938548791
2025-07-18,0.00552713375428659,0.01480930970789031
2025-07-21,-0.00122125338034528,0.014340548091490638
2025-07-22,0,0.013873841873133553
2025-07-23,0.01618740414226316,0.01343419812366004
2025-07-24,-0.00267975748050375,0.013691364066401406
2025-07-25,-0.00628083611388419,0.013306646039016996
2025-07-28,0.00179855361101743,0.013078291321114287
2025-07-29,0,0.012704575118232952
2025-07-30,-0.04879016776445688,0.012366849529627051
2025-07-31,9.429473097206652e-4,0.018460930959247234
2025-08-01,-0.01999121051675345,0.017658177439749078
2025-08-04,0.02469265575596324,0.017920601936721667
2025-08-05,0,0.018379916175358127
2025-08-06,-0.00753303445493003,0.017585986466836706
2025-08-07,-0.00854296638309115,0.017022654710810894
2025-08-08,0.01231661459646993,0.016551411469861055
2025-08-11,0.00188138453114383,0.01619671508119251
2025-08-12,0,0.015566383152199433
2025-08-13,0.01028530046499831,0.014987755776001145
2025-08-14,-0.02257854553185723,0.014676542506831007
2025-08-15,-0.01244625184179604,0.01564654285863337
2025-08-18,-0.03230825566001094,0.015531803707686196
2025-08-19,0,0.017644209295598973
2025-08-20,-0.0019920236396782,0.016905071854797796
2025-08-21,-0.02626418083444726,0.016242628747502475
2025-08-22,0.04012572741454079,0.017392425348805255
2025-08-25,-0.02892964995721847,0.019922545995816627
2025-08-26,0,0.020795165888331555
2025-08-27,0.01207252777610357,0.01982702925318376
2025-08-28,0.04879018322306372,0.019170415364868403
2025-08-29,-0.00477325760221347,0.022656769732751502
2025-09-03,-0.01251823995095513,0.02162031702566241
2025-09-04,0,0.02094435424620959
2025-09-05,0.01729149755316861,0.01996569831824164
2025-09-08,-0.02996843251646552,0.0195822164548476
2025-09-09,0,0.020627836259601393
2025-09-10,0.0019608547064287,0.019671527926879814
2025-09-11,-0.00885400766179778,0.018782064570276747
2025-09-12,0.00787410015546896,0.018172831610746072
2025-09-15,-9.80947200099891e-4,0.017492780347441818
2025-09-16,0,0.016772566688100926
2025-09-17,0.0155796818096654,0.016099630876494183
2025-09-18,0.01913940836875305,0.015993973983446
2025-09-19,-0.02398201145042478,0.0161816569420097
2025-09-22,-0.03256324494494223,0.017068851613628106
2025-09-23,0,0.018896131454013653
2025-09-24,-0.01719828364132603,0.018064284709577015
2025-09-25,0.01519017944566591,0.018037706537593463
2025-09-26,-0.01519017944566591,0.01770778642683821
2025-09-29,-0.02584119954659236,0.01756697180664856
2025-09-30,0,0.018449120795328663
2025-10-01,-0.02652672099520536,0.017650083642881773
2025-10-02,0.00429174723852554,0.018598413601768185
2025-10-03,-0.01401634029499376,0.01780717768971875
2025-10-06,0.03625131405167359,0.017573493940918353
2025-10-07,0,0.01949424869904363
2025-10-08,0,0.018618963881584467
2025-10-09,-0.01052645067305491,0.017807424213952164
2025-10-10,-0.00317963889347439,0.01736354988938474
2025-10-13,-0.00212538991331356,0.016686556169565932
2025-10-14,0,0.016043241112289434
2025-10-15,-0.01716772696559054,0.015426919138696295
2025-10-16,-0.03077169655749756,0.015716228573146813
2025-10-17,0.00222964538140146,0.017565625118061066
2025-10-20,-0.03167689721625066,0.01683201624228981
2025-10-21,0,0.018582965904662924
2025-10-22,0.06669143384257481,0.017774072338290037
2025-10-23,0.04211146583393521,0.025028022233167444
2025-10-24,-0.02083416158729001,0.02638886934665204
2025-10-27,0.03109061629515253,0.025783156212066487
2025-10-28,0,0.025867642468258147
2025-10-29,0.04196425279224058,0.024553130023142557
2025-10-30,-0.00490443145944929,0.025972374823013136
2025-10-31,0.00978484889481556,0.02470703585876385
2025-11-03,0.02214821214713325,0.023591947269326667
2025-11-04,-0.01632297875383592,0.02318544425381426
2025-11-05,0,0.02258527465191089
2025-11-06,-0.03046921059176277,0.02149243332858771
2025-11-07,0.00795237263051973,0.022304655515493706
2025-11-10,-0.04869118733764388,0.021313917331261156
2025-11-11,-0.00104003710761446,0.024638670746744577
2025-11-12,0.0457629829119579,0.023412078345529993
2025-11-13,-0.01704302338033869,0.02552444886088775
2025-11-14,0.01106089840565438,0.024760198857996463
2025-11-17,0.00995036650798475,0.023680472611501042
2025-11-18,-0.00995036650798475,0.022644848535586737
2025-11-19,-0.02020269915167638,0.021768508082784636
2025-11-20,0.010152326923059,0.021574448255040006
2025-11-21,0.01801850694613449,0.020703018638077903
2025-11-24,-0.00597014084005209,0.020295700516881864
2025-11-25,-0.00500240938781537,0.01946266676600236
2025-11-26,-0.0070459567182670196,0.018666537590525046
2025-11-27,0.00503785252260691,0.017995519426665663
2025-11-28,-0.02441624194769964,0.017261409663641914
2025-12-01,0.00518938940948743,0.018029691315372628
2025-12-02,0,0.01729570046034023
2025-12-03,0,0.016582855025743075
2025-12-04,0,0.015924531906528403
2025-12-05,-0.00414935491041923,0.015317540926002675
2025-12-08,-0.00730314242715479,0.01482973035920779
2025-12-09,0.01455325369367877,0.0145013501355853
2025-12-10,-0.01350668832326462,0.01449925541238854
2025-12-11,0.0041754252606001,0.014592374678605349
2025-12-12,-0.02425000116688025,0.014114369044580452
2025-12-15,0.00106665937851246,0.015391808792419604
2025-12-16,0.01165885280676093,0.014823641405462194
2025-12-17,0.01048228662954109,0.01460067983592673
2025-12-18,0,0.014336563775166924
2025-12-19,-0.02107561660781343,0.013858027778792829
2025-12-22,-0.00213218220700106,0.014788661497529706
2025-12-23,0.00319657090492597,0.014298748856728204
2025-12-24,-0.00426436926067985,0.013831459620400492
2025-12-25,0,0.013477091910518267
2025-12-26,-0.0118217420753961,0.013071410737703347
2025-12-29,0.01927249672553088,0.013206224108703538
2025-12-30,0.02306182584236893,0.01378726125378112
2025-12-31,-0.00728027299304834,0.014692700595121436
2026-01-05,-0.00838581826531381,0.014376163083830953
2026-01-06,-0.0105821199734617,0.014144867894120195
2026-01-07,0.03655759141295256,0.014067444044528253
2026-01-08,-0.0103093801811287,0.016834927459237765
2026-01-09,0.00928321991484182,0.01646953669592884
2026-01-12,0.02133144683705623,0.015979683278120303
2026-01-13,-0.00604844360501388,0.01637065095877091
2026-01-14,0.0090589619408874,0.01585411229152638
2026-01-15,-0.01311162442378588,0.015409109705939271
2026-01-16,0.0667568756962158,0.015367359021877683
2026-01-19,0.00473706758221581,0.023588016507608306
2026-01-20,-0.01619850741635176,0.022446746850745325
2026-01-21,0.00860839062245411,0.021906270063827754
2026-01-22,-0.01438878992487779,0.020962075287084297
2026-01-23,-0.02445108222643632,0.02044774208832844
2026-01-26,-0.02506395433321984,0.02077696585990666
2026-01-27,0.03589616588834943,0.02112340020391491
2026-01-28,0.02323433925647045,0.022356445277458507
2026-01-29,0.0151950195036612,0.02215686050200307
2026-01-30,-0.0151950195036612,0.021454415662612226
2026-02-02,-0.00191569617294717,0.020943506632538425
2026-02-03,-0.00384243729841493,0.019980766190193715
2026-02-04,-0.01943697717667447,0.019118968215110974
2026-02-05,-0.02887212746457912,0.019155727347880003
2026-02-06,-0.01424233917431472,0.02013986154406122
2026-02-09,0.01424233917431472,0.019692853433895777
2026-02-10,-0.01219526965818751,0.01915435480912061
2026-02-11,0.00814670904332537,0.01867838630980773
2026-02-12,0.00202632916141354,0.01796662054200803
2026-02-13,-0.02562927146545135,0.017202080341866516
2026-02-23,-0.01886852033514685,0.018117244777190657
2026-02-24,-0.02139112701004286,0.01822304784253677
2026-02-25,-0.03744931205966217,0.01854457713517026
2026-02-26,0.01559049648666999,0.020768420819200543
2026-02-27,0.02617378701241257,0.0202079619980425
2026-03-02,-0.03616833668597508,0.020511994529576312
2026-03-03,0,0.022176489230311357
2026-03-04,-0.05152829208799936,0.02111184957774234
2026-03-05,-0.00825957685731637,0.02494520629592615
2026-03-06,-0.03373819253194199,0.02383608321555092
2026-03-09,-0.07241258178848575,0.024671350453608475
2026-03-10,0.04634032426426415,0.031197805771770743
2026-03-11,0.0087665319686625,0.032129837463963515
2026-03-12,-0.03166823894268411,0.03048170853868016
2026-03-13,-0.00904987536602952,0.03029133806758911
2026-03-16,0.01546422122546964,0.028827964231116346
2026-03-17,0.01522871636488965,0.027609556996909264
2026-03-18,-0.01012659876484889,0.026473182874450565
2026-03-19,-0.02316710257889021,0.025314155816940468
2026-03-20,-0.02906414151474123,0.02497995773344537
2026-03-23,-0.02031210719488285,0.025185466968661353
2026-03-24,0.03097890682122539,0.024657567191354986
2026-03-25,0.02099810564177851,0.024865654526109893
2026-03-26,-0.03704122510288421,0.02426059394793077
2026-03-27,0.02528404554472096,0.025410369778244367
2026-03-30,-0.0279830837622601,0.025052283514306748
2026-03-31,0.00941493374320501,0.025149272088158328
2026-04-01,0.00800009293417858,0.023992246677261683
2026-04-02,-0.00800009293417858,0.022881613281822585
2026-04-03,-0.00941493374320501,0.021916295018781895
2026-04-06,-0.00135236300948093,0.021075817393406485
2026-04-07,0.00135236300948093,0.020097552993690575
2026-04-08,0.06664773353515052,0.019176320204522885
2026-04-09,-0.01016530233949097,0.025920398733120267
2026-04-10,-0.00769229250920666,0.02480343559097192
2026-04-13,-0.02212197046740627,0.023687495199747773
2026-04-14,0.00262810435380167,0.023440710225055263
2026-04-15,-0.01454090890491421,0.022290825439708045
2026-04-16,-0.01340493395852782,0.02166589127655788
2026-04-17,0.02531773850964036,0.021032726616458084
2026-04-20,0.01177255872095983,0.021156151883414926
2026-04-21,-0.02368536327207238,0.020378119447476504
2026-04-22,-0.00668000561563175,0.020643076749964368
2026-04-23,-0.00402952762233965,0.019804776932579513
2026-04-24,-0.01218703904905638,0.018959946132387058
2026-04-28,0.0135320198515334,0.018501320136352053
2026-04-29,0.01467671850486063,0.018031737377730776
2026-05-04,-0.02412990289209382,0.017671041311302003
2026-05-05,0.00810820358475616,0.018346901170353792
2026-05-06,-0.01355035635561385,0.01766016688972899
2026-05-07,-0.00410113932542266,0.01741023978543832
2026-05-08,-0.01518318034470134,0.016750283915085956
2026-05-11,-0.02678106060226959,0.01671357661041925
2026-05-12,0.00853495597708686,0.017846344021675568
2026-05-13,0.00141541856551263,0.017213574795720738
2026-05-14,0.04426716864596436,0.01650397633682766
2026-05-15,-0.01362409485046356,0.01992149625262005
2026-05-18,0.02706517158524946,0.01945751099785847
2026-05-19,-0.00535472823425031,0.019947999415268525
2026-05-20,0.04205615319539824,0.01912429320837258
2026-05-21,-0.01556451134458214,0.021564649798876886
2026-05-22,-0.01847026367393667,0.02106632631981061
2026-05-25,-0.02153511108437733,0.02081442326129267
2026-05-26,0.01351373290749791,0.020833962904647015
2026-05-27,-0.0121541227615971,0.020159755562867816
2026-05-28,-0.01947210341282002,0.019591375858030582
2026-05-29,0.00560225554866988,0.019577032158305033
2026-06-01,0.01799356504801252,0.018734476679618417
2026-06-02,0.02572924596581849,0.018521740660991878
2026-06-03,0.02247285585205816,0.019003763766139842
2026-06-04,-0.00524247596484883,0.019116945749664816
2026-06-05,-0.01456015133133092,0.018353653680843733
2026-06-08,-0.02839947452169688,0.018101235934362924
